symbol,name,exchange,sector,list_date,mktcap
NVDA,NVIDIA Corp.,NASDAQ,半导体,,4583709118652
GOOGL,"Alphabet, Inc.",NASDAQ,媒体内容,,3837652161865
AAPL,"Apple, Inc.",NASDAQ,计算机,,3824143508492
GOOG,"Alphabet, Inc.",NASDAQ,互联网,,3819264854767
MSFT,Microsoft Corp.,NASDAQ,软件,,2753943019158
AMZN,"Amazon.com, Inc.",NASDAQ,互联网,,2563598596357
TSM,"Taiwan Semiconductor Manufacturing Co., Ltd.",NYSE,半导体,,1922118748708
AVGO,Broadcom Inc.,NASDAQ,半导体,,1759165906341
META,"Meta Platforms, Inc.",NASDAQ,,,1593265767501
TSLA,"Tesla, Inc.",NASDAQ,汽车制造,,1309411186623
BRK.A,"Berkshire Hathaway, Inc.",NYSE,保险,,1035508134825
BRK.B,"Berkshire Hathaway, Inc.",NYSE,保险,,1035144286835
WMT,"Walmart, Inc.",NYSE,零售,,1010661438289
LLY,Eli Lilly & Co.,NYSE,生物技术和制药,,887628966453
JPM,JPMorgan Chase & Co.,NYSE,,,831139383341
XOM,Exxon Mobil Corp.,NYSE,,,633916853549
V,"Visa, Inc.",NYSE,,,585352213894
JNJ,Johnson & Johnson,NYSE,制药,,574357940828
ASML,ASML Holding NV,NASDAQ,半导体,,569755237108
MU,"Micron Technology, Inc.",NASDAQ,半导体,,474313656174
MA,"Mastercard, Inc.",NYSE,商业服务,,444711130269
COST,Costco Wholesale Corp.,NASDAQ,,,442973738616
NFLX,"Netflix, Inc.",NASDAQ,,,434924932091
AMD,"Advanced Micro Devices, Inc.",NYSE,半导体,,399498202970
ORCL,Oracle Corp.,NYSE,软件,,397153181470
CVX,Chevron Corp.,NYSE,油气,,375572525007
BAC,Bank of America Corp.,NYSE,银行,,375435566912
CAT,"Caterpillar, Inc.",NYSE,,,367884069424
ABBV,"AbbVie, Inc.",NYSE,生物技术和制药,,367796446753
PG,Procter & Gamble Co.,NYSE,,,337351947945
HD,"The Home Depot, Inc.",NYSE,零售,,335999936479
KO,The Coca-Cola Co.,NYSE,饮料,,333442728248
LRCX,Lam Research Corp.,NASDAQ,半导体,,329250966433
CSCO,"Cisco Systems, Inc.",NASDAQ,电信,,324760215257
GE,GE Aerospace,NYSE,多元化制造商,,322173214462
AMAT,"Applied Materials, Inc.",NASDAQ,半导体,,317039198018
AZN,AstraZeneca PLC,NYSE,制药,,316448237258
INTC,Intel Corp.,NASDAQ,半导体,,313210623386
HSBC,HSBC Holdings Plc,NYSE,银行,,310197386232
PLTR,"Palantir Technologies, Inc.",NYSE,,,306277985712
BABA,Alibaba Group Holding Ltd.,NYSE,,,304542347428
MRK,"Merck & Co., Inc.",NYSE,生物技术和制药,,299892728670
NVS,Novartis AG,NYSE,生物技术和制药,,293950771819
MS,Morgan Stanley,NYSE,,,280917552674
UNH,"UnitedHealth Group, Inc.",NYSE,卫生保健设施,,276232975895
TM,Toyota Motor Corp.,NYSE,汽车制造,,274535223162
RTX,RTX Corp.,NYSE,,,271294560497
GS,"The Goldman Sachs Group, Inc.",NYSE,,,267795496947
GEV,"GE Vernova, Inc.",NYSE,,,266522535110
WFC,Wells Fargo & Co.,NYSE,银行,,262601140684
SHEL,Shell Plc,NYSE,,,258464624852
PM,"Philip Morris International, Inc.",NYSE,农业,,250066176744
RY,Royal Bank of Canada,NYSE,银行,,240091202709
LIN,Linde Plc,NYSE,媒体内容,,233156766763
KLAC,KLA Corp.,NASDAQ,半导体,,227728574730
MCD,McDonald's Corp.,NYSE,零售,,217285784732
IBM,International Business Machines Corp.,NYSE,,,216547253839
TMUS,"T-Mobile US, Inc.",NYSE,,,215645564047
AXP,American Express Co.,NYSE,多元化金融服务,,214993116904
PEP,"PepsiCo, Inc.",NYSE,饮料,,214691744626
C,"Citigroup, Inc.",NYSE,银行,,213317336659
MUFG,"Mitsubishi UFJ Financial Group, Inc.",NYSE,,,204596717779
TTE,TotalEnergies SE,NYSE,,,197993053261
NEE,"NextEra Energy, Inc.",NYSE,电力,,196185296417
TXN,Texas Instruments Incorporated,NASDAQ,半导体,,195503797053
BHP,BHP Group Ltd.,NYSE,,,194943475627
RDS.A,Shell Plc,NYSE,,,192700601317
VZ,"Verizon Communications, Inc.",NYSE,,,192447203827
SAP,SAP SE,NYSE,软件,,190428888181
AMGN,"Amgen, Inc.",NASDAQ,生物技术,,189223529005
ANET,"Arista Networks, Inc.",NYSE,计算机硬件,,185150875781
T,"AT&T, Inc.",NYSE,电信,,184747564596
TMO,"Thermo Fisher Scientific, Inc.",NYSE,,,184365068458
SAN,Banco Santander SA,NYSE,银行,,179193597198
TJX,"The TJX Cos., Inc.",NYSE,零售,,178860608765
DIS,The Walt Disney Co.,NYSE,媒体内容,,175681620777
ABT,Abbott Laboratories,NYSE,,,174408934308
APH,Amphenol Corp.,NYSE,电子,,173042372010
GILD,"Gilead Sciences, Inc.",NASDAQ,生物技术和制药,,172514913807
BA,The Boeing Co.,NYSE,航空航天/国防,,171023263808
ADI,"Analog Devices, Inc.",NASDAQ,半导体,,170939811034
TD,The Toronto-Dominion Bank,NYSE,银行,,168067835444
NVO,Novo Nordisk A/S,NYSE,制药,,166500338013
SCHW,The Charles Schwab Corp.,NYSE,多元化金融服务,,164771837999
DE,Deere & Co.,NYSE,机械-多元,,163414906215
ISRG,"Intuitive Surgical, Inc.",NASDAQ,医疗保健产品,,160046564875
RIO,Rio Tinto Plc,NYSE,采矿,,159770763474
ARM,Arm Holdings Plc,NASDAQ,,,158163439252
SCCO,Southern Copper Corp.,NYSE,,,157726487470
ETN,Eaton Corp. Plc,NYSE,,,156358092020
BLK,"BlackRock, Inc.",NYSE,,,155434211960
PFE,Pfizer Inc.,NYSE,制药,,153130547427
CRM,"Salesforce, Inc.",NYSE,软件,,152258086197
HON,"Honeywell International, Inc.",NYSE,电子,,149409212495
COP,ConocoPhillips,NYSE,油气,,149370443894
UNP,Union Pacific Corp.,NASDAQ,运输,,148722347672
BUD,Anheuser-Busch InBev NV,NYSE,饮料,,147730472093
GLW,"Corning, Inc.",NYSE,计算机硬件,,147097705407
WELL,"Welltower, Inc.",NYSE,,,144846445147
SHOP,"Shopify, Inc.",NYSE,,,144482500209
UBER,"Uber Technologies, Inc.",NYSE,,,143555422829
PDD,"PDD Holdings, Inc.",NASDAQ,,,142205983499
LMT,Lockheed Martin Corp.,NYSE,,,141439204307
PBR,Petr贸leo Brasileiro SA,NYSE,油气,,138610441475
BKNG,"Booking Holdings, Inc.",NASDAQ,,,137351470245
LOW,"Lowe's Companies, Inc.",NYSE,零售,,136778691802
QCOM,"QUALCOMM, Inc.",NASDAQ,半导体,,136640017395
HDB,HDFC Bank Ltd.,NYSE,银行,,136362587895
SMFG,"Sumitomo Mitsui Financial Group, Inc.",NYSE,银行,,135025911714
DHR,Danaher Corp.,NYSE,,,134186887458
APP,Applovin Corp.,NYSE,服饰,,132003865678
NEM,Newmont Corp.,NYSE,,,130563917065
BBVA,Banco Bilbao Vizcaya Argentaria SA,NYSE,银行,,129920167188
SYK,Stryker Corp.,NYSE,医疗保健产品,,129889106728
UBS,UBS Group AG,NYSE,,,128274604624
PLD,"Prologis, Inc.",NYSE,房地产信托投资基金,,127892728305
BTI,British American Tobacco plc,NYSE,农业,,127784893404
UL,Unilever Plc,NYSE,食品,,127407915349
CB,Chubb Ltd.,NYSE,保险,,127389499585
PANW,"Palo Alto Networks, Inc.",NYSE,电信,,126297026535
PBR.A,Petr贸leo Brasileiro SA,NYSE,,,125980195084
SNDK,Sandisk Corp.,NASDAQ,计算机,,125722082803
SONY,Sony Group Corp.,NYSE,,,124342345493
PH,Parker-Hannifin Corp.,NYSE,,,124226091873
SPGI,"S&P Global, Inc.",NYSE,,,122955854391
BP,BP Plc,NYSE,,,121524808752
BMY,Bristol Myers Squibb Co.,NYSE,制药,,119686529840
COF,Capital One Financial Corp.,NYSE,,,119476833350
ENB,"Enbridge, Inc.",NYSE,,,118517013897
GSK,GSK Plc,NYSE,生物技术和制药,,118119637996
WDC,Western Digital Corp.,NASDAQ,计算机硬件,,116435791069
ANTM,"Anthem, Inc.",NYSE,,,116342689895
DELL,"Dell Technologies, Inc.",NYSE,计算机硬件,,114814087049
PGR,Progressive Corp.,NYSE,保险,,113558835297
VRT,Vertiv Holdings Co.,NYSE,,,112908621204
STX,Seagate Technology Holdings Plc,NASDAQ,计算机硬件,,112713888018
MO,"Altria Group, Inc.",NYSE,农业,,112613103419
SNY,Sanofi,NYSE,制药,,112511053965
MRVL,"Marvell Technology, Inc.",NASDAQ,半导体,,112338811803
MDT,Medtronic Plc,NYSE,,,111967605227
VRTX,"Vertex Pharmaceuticals, Inc.",NASDAQ,生物技术,,110969518794
HCA,"HCA Healthcare, Inc.",NYSE,健康护理服务,,110771716352
ACN,Accenture Plc,NYSE,,,110231419250
SBUX,Starbucks Corp.,NASDAQ,零售,,110056376523
SO,The Southern Co.,NYSE,电力,,109616272720
AEM,Agnico Eagle Mines Ltd.,NYSE,,,109591445031
CME,"CME Group, Inc.",NASDAQ,,,107137221890
MFG,"Mizuho Financial Group, Inc.",NYSE,银行,,106587935900
MCK,McKesson Corp.,NYSE,制药,,106025138923
CEG,Constellation Energy Corp.,NASDAQ,电力,,103797423528
TT,Trane Technologies Plc,NYSE,,,103076479586
DUK,Duke Energy Corp.,NYSE,电力,,102561169714
BMO,Bank of Montreal,NYSE,银行,,101726990924
CVS,CVS Health Corp.,NYSE,,,101669679637
EQIX,"Equinix, Inc.",NASDAQ,互联网,,101605860284
HWM,"Howmet Aerospace, Inc.",NYSE,,,101248293713
ITUB,Ita煤 Unibanco Holding SA,NYSE,银行,,100955646319
CMCSA,Comcast Corp.,NASDAQ,媒体,,100487840101
IBN,ICICI Bank Ltd.,NYSE,银行,,99047480142
SPOT,Spotify Technology SA,NYSE,,,97997933006
FCX,"Freeport-McMoRan, Inc.",NYSE,采矿,,97442273408
EQNR,Equinor ASA,NYSE,,,97322077713
INTU,"Intuit, Inc.",NASDAQ,软件,,97052457675
CNQ,Canadian Natural Resources Ltd.,NYSE,,,96724582889
CRWD,"CrowdStrike Holdings, Inc.",NASDAQ,,,96124809606
NOC,Northrop Grumman Corp.,NYSE,航空航天/国防,,95691997439
CM,Canadian Imperial Bank of Commerce,NYSE,银行,,94943313394
DCM,"NTT DoCoMo, Inc.",NYSE,电信,,94837388933
BN,Brookfield Corp.,NYSE,,,94276198449
MAR,"Marriott International, Inc.",NYSE,住宿,,93812420692
WM,"Waste Management, Inc.",NYSE,,,92448503410
BSX,Boston Scientific Corp.,NYSE,,,91830764930
ADBE,"Adobe, Inc.",NASDAQ,软件,,91086472467
ICE,"Intercontinental Exchange, Inc.",NYSE,多元化金融服务,,90968783674
GD,General Dynamics Corp.,NYSE,航空航天/国防,,90773988996
MELI,"MercadoLibre, Inc.",NASDAQ,互联网,,89934771000
BNS,The Bank of Nova Scotia,NYSE,银行,,89783837618
NGG,National Grid Plc,NYSE,,,89771902986
MMC,"Marsh & McLennan Cos., Inc.",NYSE,保险,,89506497589
FDX,FedEx Corp.,NYSE,,,89258012081
PNC,"The PNC Financial Services Group, Inc.",NYSE,银行,,89197414173
BX,"Blackstone, Inc.",NYSE,,,89185669412
WMB,"The Williams Cos., Inc.",NYSE,管道,,88950612076
STO,Equinor ASA,NYSE,,,88670660616
BK,The Bank of New York Mellon Corp.,NYSE,,,87790232271
PWR,"Quanta Services, Inc.",NYSE,,,87581223841
JCI,Johnson Controls International Plc,NYSE,汽车部件与设备,,87237795309
UPS,"United Parcel Service, Inc.",NYSE,运输,,86411731032
USB,U.S. Bancorp,NYSE,银行,,86398355879
NOW,"ServiceNow, Inc.",NYSE,软件,,86001006183
CMI,"Cummins, Inc.",NYSE,,,85185928784
AMT,American Tower Corp.,NYSE,,,83615486361
ING,ING Groep NV,NYSE,保险,,83270938819
SHW,The Sherwin-Williams Co.,NYSE,化学制品,,83140955499
E,Eni SpA,NYSE,,,83121390450
AMX,America Movil SAB de CV,NYSE,,,81977851610
BCS,Barclays PLC,NYSE,银行,,81493679590
KKR,"KKR & Co., Inc.",NYSE,,,81327274095
EMR,Emerson Electric Co.,NYSE,电力组件与设备,,80798742401
EPD,Enterprise Products Partners LP,NYSE,,,80741758697
LYG,Lloyds Banking Group Plc,NYSE,银行,,80464487905
REGN,"Regeneron Pharmaceuticals, Inc.",NASDAQ,生物技术,,79170390603
CRH,CRH Plc,NYSE,建筑材料,,78915547790
CSX,CSX Corp.,NYSE,,,78566104358
MMM,3M Co.,NYSE,,,78526597303
ABNB,"Airbnb, Inc.",NASDAQ,,,78499748631
SLB,SLB Ltd.,NYSE,,,77938838084
ITW,Illinois Tool Works Inc.,NYSE,,,77930877955
ORLY,"O'Reilly Automotive, Inc.",NASDAQ,,,77821421445
ECL,"Ecolab, Inc.",NYSE,化学制品,,77183594517
SU,"Suncor Energy, Inc.",NYSE,油气,,76472673128
MCO,Moody's Corp.,NYSE,商业服务,,76080636438
ADP,"Automatic Data Processing, Inc.",NASDAQ,商业服务,,76015226776
MDLZ,"Mondelez International, Inc.",NASDAQ,,,75723938810
SNPS,"Synopsys, Inc.",NASDAQ,软件,,75138287208
RCL,Royal Caribbean Group,NYSE,休闲,,74920108616
AEP,"American Electric Power Co., Inc.",NYSE,电力,,74087703710
MNST,Monster Beverage Corp.,NASDAQ,饮料,,74047045180
HLT,"Hilton Worldwide Holdings, Inc.",NYSE,住宿,,73999467258
BAM,Brookfield Asset Management Ltd.,NYSE,,,73554679350
CDNS,"Cadence Design Systems, Inc.",NASDAQ,软件,,73346619796
CVNA,Carvana Co.,NYSE,,,73161772126
B,Barrick Mining Corp.,NYSE,,,72968387713
EOG,"EOG Resources, Inc.",NYSE,,,72959138289
NU,Nu Holdings Ltd.,NYSE,,,72714564831
KMI,"Kinder Morgan, Inc.",NYSE,,,72707081677
NSC,Norfolk Southern Corp.,NYSE,运输,,72539380894
VALE,Vale SA,NYSE,钢铁,,72410959518
CP,Canadian Pacific Kansas City Ltd.,NYSE,,,72385488320
MSI,"Motorola Solutions, Inc.",NYSE,计算机硬件,,72080844460
CI,The Cigna Group,NYSE,健康护理服务,,71517980879
VLO,Valero Energy Corp.,NYSE,油气,,71396118137
NTES,"NetEase, Inc.",NASDAQ,媒体内容,,71374111345
ROST,"Ross Stores, Inc.",NASDAQ,,,71246285591
CIEN,Ciena Corp.,NASDAQ,电信,,70136446207
CTAS,Cintas Corp.,NASDAQ,纺织品,,69987236796
ABB,ABB Ltd.,NYSE,,,69136501088
GM,General Motors Co.,NYSE,汽车制造,,69081226103
ELV,"Elevance Health, Inc.",NYSE,,,68432202602
TDG,"TransDigm Group, Inc.",NYSE,,,68173752780
CL,Colgate-Palmolive Co.,NYSE,,,67666140573
TEL,TE Connectivity Plc,NYSE,,,67425326892
CNI,Canadian National Railway Co.,NYSE,运输,,67309023761
AON,Aon Plc,NYSE,保险,,66969529697
PCAR,"PACCAR, Inc.",NASDAQ,汽车制造,,66888515235
APD,"Air Products & Chemicals, Inc.",NYSE,化学制品,,66509573948
MPWR,"Monolithic Power Systems, Inc.",NASDAQ,半导体,,66498403101
TRP,TC Energy Corp.,NYSE,管道,,66494030894
RSG,"Republic Services, Inc.",NYSE,,,66320537306
DASH,"DoorDash, Inc.",NYSE,,,66284773584
LHX,"L3Harris Technologies, Inc.",NYSE,,,66045624283
NWG,NatWest Group Plc,NYSE,,,66043918208
ET,Energy Transfer LP,NYSE,媒体内容,,66019638532
WPM,Wheaton Precious Metals Corp.,NYSE,,,65765693300
MPC,Marathon Petroleum Corp.,NYSE,,,65560893542
SPG,"Simon Property Group, Inc.",NYSE,,,65154803446
SRE,Sempra,NYSE,,,64562322787
LITE,"Lumentum Holdings, Inc.",NASDAQ,,,64067219128
PSX,Phillips 66,NYSE,,,63856477617
TRV,"The Travelers Cos., Inc.",NYSE,保险,,63210197535
NKE,"NIKE, Inc.",NYSE,,,63115401762
IMO,Imperial Oil Ltd.,NYSE,,,62470503511
BKR,Baker Hughes Co.,NYSE,工程建设,,62312115928
HOOD,"Robinhood Markets, Inc.",NASDAQ,,,62292339702
RACE,Ferrari NV,NYSE,,,62284532593
DB,Deutsche Bank AG,NYSE,银行,,61979179390
TFC,Truist Financial Corp.,NYSE,,,61555171270
MFC,Manulife Financial Corp.,NYSE,保险,,61223936069
APO,"Apollo Global Management, Inc.",NYSE,私募股权投资,,60299631701
MDLN,"Medline, Inc.",NASDAQ,,,59904417583
RELX,RELX Plc,NYSE,,,59714057333
O,Realty Income Corp.,NYSE,房地产信托投资基金,,59443727918
NET,"Cloudflare, Inc.",NYSE,,,58777191897
DVMT,"Dell Technologies, Inc.",NYSE,,,58636798640
COHR,Coherent Corp.,NYSE,半导体,,57650669490
TER,"Teradyne, Inc.",NYSE,半导体,,57612302381
OXY,Occidental Petroleum Corp.,NYSE,,,57488570853
TAK,"Takeda Pharmaceutical Co., Ltd.",NYSE,,,57118205258
AFL,"Aflac, Inc.",NYSE,保险,,57030830475
MPLX,MPLX LP,NYSE,,,57003725577
FTNT,"Fortinet, Inc.",NASDAQ,计算机硬件,,56752136558
AZO,"AutoZone, Inc.",NYSE,零售,,56522906364
FAST,Fastenal Co.,NASDAQ,,,56463308767
D,"Dominion Energy, Inc.",NYSE,,,56455906724
CTVA,"Corteva, Inc.",NYSE,,,56279817211
FIX,"Comfort Systems USA, Inc.",NYSE,建筑材料,,56042427201
UI,"Ubiquiti, Inc.",NYSE,,,56024099745
LNG,"Cheniere Energy, Inc.",NYSE,,,55799756346
KEYS,"Keysight Technologies, Inc.",NYSE,,,55597677897
GWW,"W.W. Grainger, Inc.",NYSE,销售/批发,,55474057665
ASX,"ASE Technology Holding Co., Ltd.",NYSE,半导体,,55232110455
TGT,Target Corp.,NYSE,零售,,55198567467
AU,Anglogold Ashanti Plc,NYSE,,,55172866900
AJG,Arthur J. Gallagher & Co.,NYSE,保险,,54858446424
ALL,The Allstate Corp.,NYSE,保险,,54759468729
OKE,"ONEOK, Inc.",NYSE,管道,,54314939432
SQ,"Block, Inc.",NYSE,,,53898891128
AME,"AMETEK, Inc.",NYSE,,,53809760765
INFY,Infosys Ltd.,NYSE,,,53771339846
CRWV,"CoreWeave, Inc.",NASDAQ,,,53620189974
ETR,Entergy Corp.,NYSE,电力,,53319807344
FANG,"Diamondback Energy, Inc.",NASDAQ,,,52944274660
CARR,Carrier Global Corp.,NYSE,,,52916347123
NOK,Nokia Oyj,NYSE,计算机硬件,,52815180213
VST,Vistra Corp.,NYSE,,,52383730505
TRGP,Targa Resources Corp.,NYSE,,,52216209858
PSA,Public Storage,NYSE,,,51784972010
NXPI,NXP Semiconductors NV,NASDAQ,半导体,,51642833864
XEL,"Xcel Energy, Inc.",NYSE,电力,,51418475956
FER,Ferrovial SE,NASDAQ,,,51368888659
SE,Sea Ltd. (Singapore),NYSE,管道,,50866351645
EA,"Electronic Arts, Inc.",NASDAQ,软件,,50736439148
CAH,"Cardinal Health, Inc.",NYSE,卫生保健设施,,50715308774
CCJ,Cameco Corp.,NYSE,采矿,,50539247282
FNV,Franco-Nevada Corp.,NYSE,,,50426493185
ABEV,Ambev SA,NYSE,,,50279628534
FERG,"Ferguson Enterprises, Inc.",NYSE,,,49911333458
EXC,Exelon Corp.,NYSE,电力,,49695613712
ZTS,"Zoetis, Inc.",NYSE,,,49562157331
GRMN,Garmin Ltd.,NASDAQ,计算机硬件,,49446402724
F,Ford Motor Co.,NYSE,汽车制造,,48654428455
CVE,"Cenovus Energy, Inc.",NYSE,,,48626124594
URI,"United Rentals, Inc.",NYSE,,,48543832677
MET,"MetLife, Inc.",NYSE,保险,,48173738199
BSBR,Banco Santander (Brasil) SA,NYSE,银行,,47890378880
BE,Bloom Energy Corp.,NYSE,,,47376263658
NDAQ,"Nasdaq, Inc.",NASDAQ,,,47271793147
MT,ArcelorMittal SA,NYSE,,,46154669200
ADSK,"Autodesk, Inc.",NASDAQ,软件,,46092949356
WAB,Westinghouse Air Brake Technologies Corp.,NYSE,,,45483544690
EW,Edwards Lifesciences Corp.,NYSE,,,44895303217
IDXX,"IDEXX Laboratories, Inc.",NASDAQ,,,44716015457
YUM,"Yum! Brands, Inc.",NYSE,,,44673787447
FITB,Fifth Third Bancorp,NASDAQ,银行,,44653337231
DAL,"Delta Air Lines, Inc.",NYSE,,,44557340475
ROK,"Rockwell Automation, Inc.",NYSE,机械-多元,,44493731568
MSTR,"Strategy, Inc.",NASDAQ,软件,,44457263019
CMG,"Chipotle Mexican Grill, Inc.",NYSE,,,44399600269
COIN,"Coinbase Global, Inc.",NASDAQ,,,44325018728
GFI,Gold Fields Ltd.,NYSE,采矿,,44160496484
BDX,"Becton, Dickinson & Co.",NYSE,医疗保健产品,,43912882132
HLN,Haleon Plc,NYSE,,,43855742684
CCEP,Coca-Cola Europacific Partners plc,NYSE,,,43754942405
ODFL,"Old Dominion Freight Line, Inc.",NASDAQ,,,43425479199
DEO,Diageo Plc,NYSE,饮料,,43108716011
ESLT,Elbit Systems Ltd.,NASDAQ,航空航天/国防,,43031924715
ALNY,"Alnylam Pharmaceuticals, Inc.",NASDAQ,生物技术和制药,,42978462136
EBAY,"eBay, Inc.",NASDAQ,,,42739200684
BBD,Banco Bradesco SA,NYSE,银行,,42599971219
NUE,Nucor Corp.,NYSE,钢铁,,42386156949
RKT,"Rocket Cos., Inc.",NYSE,包装容器,,41874259083
SNOW,"Snowflake, Inc.",NYSE,,,41867727211
ED,"Consolidated Edison, Inc.",NYSE,电力,,41837915796
KR,The Kroger Co.,NYSE,食品,,41649014687
PEG,"Public Service Enterprise Group, Inc.",NYSE,,,41460247598
CBRE,"CBRE Group, Inc.",NYSE,,,41397336790
DHI,"D.R. Horton, Inc.",NYSE,房屋建筑商,,41323292086
WCN,"Waste Connections, Inc.",NYSE,环境控制,,41180729998
AIG,"American International Group, Inc.",NYSE,保险,,41115210463
HSY,The Hershey Co.,NYSE,,,41006406004
PCG,PG&E Corp.,NYSE,,,40829167009
PYPL,"PayPal Holdings, Inc.",NASDAQ,,,40701251958
AMP,"Ameriprise Financial, Inc.",NYSE,保险,,40478426529
FMX,Fomento Economico Mexicano SAB de CV,NYSE,饮料,,40457484634
KGC,Kinross Gold Corp.,NYSE,,,40442435597
VTR,"Ventas, Inc.",NYSE,房地产信托投资基金,,40395350573
CLS,"Celestica, Inc.",NYSE,电子,,40389825858
HEI,HEICO Corp.,NYSE,航空航天/国防,,40344536734
JD,"JD.com, Inc.",NASDAQ,,,39663030418
ERIC,Telefonaktiebolaget LM Ericsson,NASDAQ,计算机硬件,,39600192382
RBLX,Roblox Corp.,NYSE,,,39396969261
MSCI,"MSCI, Inc.",NYSE,软件,,39227526687
KB,"KB Financial Group, Inc.",NYSE,多元化金融服务,,39220750000
RKLB,Rocket Lab Corp.,NASDAQ,,,39180966726
CCL,Carnival Corp.,NYSE,休闲,,38756204367
MCHP,"Microchip Technology, Inc.",NASDAQ,半导体,,38723650479
CUK,Carnival Plc,NYSE,休闲,,38665102481
STT,State Street Corp.,NYSE,,,38624245683
VMC,Vulcan Materials Co.,NYSE,采矿,,38548987359
TKO,"TKO Group Holdings, Inc.",NYSE,,,38314441026
WEC,"WEC Energy Group, Inc.",NYSE,,,38282732223
PUK,Prudential Plc,NYSE,保险,,38258871555
BBDO,Banco Bradesco SA,NYSE,银行,,38160268890
MLM,"Martin Marietta Materials, Inc.",NYSE,,,38088867546
ALC,Alcon AG,NYSE,卫生保健设施,,38024253002
HIG,"The Hartford Insurance Group, Inc.",NYSE,保险,,37741155768
LYV,"Live Nation Entertainment, Inc.",NYSE,,,37706839794
CCI,"Crown Castle, Inc.",NYSE,电信,,37654138427
XYZ,"Block, Inc.",NYSE,,,37263771470
SATS,EchoStar Corp.,NASDAQ,电信,,37146544622
TRI,Thomson Reuters Corp.,NYSE,,,36959658804
BIDU,"Baidu, Inc.",NASDAQ,媒体内容,,36886792008
EQT,EQT Corp.,NYSE,,,36632398217
TTWO,"Take-Two Interactive Software, Inc.",NASDAQ,软件,,36492528273
VOD,Vodafone Group Plc,NASDAQ,电信,,36315286065
SLF,"Sun Life Financial, Inc.",NYSE,保险,,36153235137
ABC,AmerisourceBergen Corp.,NYSE,制药,,36149701702
CPNG,"Coupang, Inc.",NYSE,,,36125065427
KDP,"Keurig Dr Pepper, Inc.",NYSE,,,36099756587
TEVA,Teva Pharmaceutical Industries Ltd.,NYSE,生物技术和制药,,35886906638
EME,"EMCOR Group, Inc.",NYSE,工程建设,,35734266609
LVS,Las Vegas Sands Corp.,NYSE,住宿,,35470393884
NTR,Nutrien Ltd.,NYSE,,,35463338786
NRG,"NRG Energy, Inc.",NYSE,电力,,35144692868
ROP,"Roper Technologies, Inc.",NYSE,机械-多元,,35129232901
STM,STMicroelectronics NV,NYSE,半导体,,35088566589
SYY,Sysco Corp.,NYSE,食品,,34820940893
NBIS,Nebius Group NV,NASDAQ,,,34647830292
VIK,Viking Holdings Ltd. (Bermuda),NYSE,,,34425536183
IX,ORIX Corp.,NYSE,,,34416676222
ONC,BeOne Medicines Ltd.,NASDAQ,,,34372286418
FI,"Fiserv, Inc.",NASDAQ,,,34314949597
ACGL,Arch Capital Group Ltd.,NASDAQ,保险,,34191504986
PRU,"Prudential Financial, Inc.",NYSE,保险,,33703632851
ADM,Archer-Daniels-Midland Co.,NYSE,农业,,33602546592
TCOM,Trip.com Group Ltd.,NASDAQ,,,33542927777
IR,"Ingersoll Rand, Inc.",NYSE,,,33436342911
INSM,"Insmed, Inc.",NASDAQ,生物技术和制药,,33416070505
GEHC,"GE Healthcare Technologies, Inc.",NASDAQ,,,33391312804
HBAN,"Huntington Bancshares, Inc.",NASDAQ,银行,,33368018288
RMD,"ResMed, Inc.",NYSE,,,33341415383
KVUE,"Kenvue, Inc.",NYSE,,,33310548659
HPE,Hewlett Packard Enterprise Co.,NYSE,,,33025397465
ARES,Ares Management Corp.,NYSE,,,32821082367
CHT,"Chunghwa Telecom Co., Ltd.",NYSE,,,32705394494
MTB,M&T Bank Corp.,NYSE,银行,,32659133119
RYAAY,Ryanair Holdings Plc,NASDAQ,航空公司,,32549790974
IRM,"Iron Mountain, Inc.",NYSE,,,32535259032
A,"Agilent Technologies, Inc.",NYSE,电子,,32516222364
SYM,"Symbotic, Inc.",NASDAQ,,,32414908666
KMB,Kimberly-Clark Corp.,NYSE,家庭产品/用品,,32289738111
LTM,LATAM Airlines Group SA,NYSE,休闲,,32260889730
VG,"Venture Global, Inc.",NYSE,,,32198914666
AMRZ,Amrize Ltd.,NYSE,,,32100106554
SHG,"Shinhan Financial Group Co., Ltd.",NYSE,银行,,31972248840
IBKR,"Interactive Brokers Group, Inc.",NASDAQ,多元化金融服务,,31732377617
JBL,"Jabil, Inc.",NYSE,,,31598035289
CPRT,"Copart, Inc.",NASDAQ,,,31557981371
ATO,Atmos Energy Corp.,NYSE,天然气,,31492957862
WAT,Waters Corp.,NYSE,电子,,31412957120
HAL,Halliburton Co.,NYSE,油气服务,,31393568936
AEE,Ameren Corp.,NYSE,电力,,31386306057
UAL,"United Airlines Holdings, Inc.",NYSE,,,31296200535
HMC,"Honda Motor Co., Ltd.",NYSE,汽车制造,,31192314267
DTE,DTE Energy Co.,NYSE,,,31137645382
OTIS,Otis Worldwide Corp.,NYSE,,,31078224775
XYL,"Xylem, Inc.",NYSE,机械-多元,,30999180423
CBOE,"Cboe Global Markets, Inc.",NASDAQ,,,30976496174
CHTR,"Charter Communications, Inc.",NASDAQ,媒体内容,,30892651957
HEI.A,HEICO Corp.,NYSE,,,30664747980
PAYX,"Paychex, Inc.",NASDAQ,商业服务,,30658950920
CQP,Cheniere Energy Partners LP,NYSE,管道,,30471207349
TPR,"Tapestry, Inc.",NYSE,,,30430373335
TS,Tenaris SA,NYSE,金属构造/部件,,30244449692
VICI,"VICI Properties, Inc.",NYSE,,,30049281414
TDY,"Teledyne Technologies, Inc.",NYSE,,,29908923164
FISV,"Fiserv, Inc.",NASDAQ,软件,,29895913094
PPL,PPL Corp.,NYSE,电力,,29823347164
FE,FirstEnergy Corp.,NYSE,,,29747042900
DVN,Devon Energy Corp.,NYSE,油气,,29698632458
ORAN,Orange SA,NYSE,,,29638182995
FTI,TechnipFMC plc,NYSE,油气服务,,29513142922
EXR,"Extra Space Storage, Inc.",NYSE,,,29328970797
FTS,"Fortis, Inc.",NYSE,,,29326059735
AXIA,AXIA Energia SA,NYSE,,,29302516398
DOV,Dover Corp.,NYSE,多元化制造商,,29267004566
EIX,Edison International,NYSE,电力,,29145079080
EC,Ecopetrol SA,NYSE,,,28987270548
WDAY,"Workday, Inc.",NYSE,软件,,28912500000
WLTW,Willis Towers Watson Plc,NASDAQ,,,28853787517
RJF,"Raymond James Financial, Inc.",NYSE,,,28812739180
STZ,"Constellation Brands, Inc.",NYSE,饮料,,28812207017
MTZ,"MasTec, Inc.",NYSE,工程建设,,28474179096
HUBB,"Hubbell, Inc.",NYSE,,,28421788725
CNP,"CenterPoint Energy, Inc.",NYSE,,,28384142584
TPL,Texas Pacific Land Corp.,NYSE,,,28263968978
FLEX,Flex Ltd.,NASDAQ,电子,,28215296142
SUNB,"Sunbelt Rentals Holdings, Inc.",NYSE,,,28170516495
IQV,"IQVIA Holdings, Inc.",NYSE,,,28090752386
DOW,"Dow, Inc.",NYSE,化学制品,,28072349324
EXPE,"Expedia Group, Inc.",NASDAQ,互联网,,27948978278
AXON,"Axon Enterprise, Inc.",NYSE,,,27812771886
ASTS,"AST Spacemobile, Inc.",NASDAQ,,,27805700447
BAP,Credicorp Ltd.,NYSE,银行,,27732273895
CTSH,Cognizant Technology Solutions Corp.,NASDAQ,,,27700061136
TECK,Teck Resources Limited,NYSE,,,27664064163
RPRX,Royalty Pharma Plc,NASDAQ,生物技术和制药,,27631439780
STLD,"Steel Dynamics, Inc.",NASDAQ,钢铁,,27579716812
Q,"Qnity Electronics, Inc.",NYSE,,,27456032591
VIV,Telefonica Brasil SA,NYSE,,,27386345461
KHC,The Kraft Heinz Co.,NASDAQ,,,27297153372
CASY,"Casey's General Stores, Inc.",NASDAQ,零售,,27282046543
CFG,"Citizens Financial Group, Inc. (Rhode Island)",NYSE,,,27271857207
GFS,"GLOBALFOUNDRIES, Inc.",NASDAQ,,,27199619582
ON,ON Semiconductor Corp.,NASDAQ,,,27001920981
PHG,Koninklijke Philips NV,NYSE,电子,,26930989213
MTD,"Mettler-Toledo International, Inc.",NYSE,,,26829471808
AWK,"American Water Works Co., Inc.",NYSE,水业,,26796337207
CW,Curtiss-Wright Corp.,NYSE,,,26783903877
RDDT,"Reddit, Inc.",NYSE,,,26693429282
QSR,"Restaurant Brands International, Inc.",NYSE,,,26469455092
WTW,Willis Towers Watson Plc,NYSE,商业服务,,26390058374
ES,Eversource Energy,NYSE,,,26297899248
EL,"The Est茅e Lauder Companies, Inc.",NYSE,化妆品/护理,,26286703334
EBR.B,AXIA Energia SA,NYSE,,,26256790914
ROL,"Rollins, Inc.",NYSE,,,26138254789
FOXA,Fox Corp.,NASDAQ,,,25957669179
TW,"Tradeweb Markets, Inc.",NASDAQ,,,25866720520
FTAI,FTAI Aviation Ltd.,NYSE,,,25788974624
PBA,Pembina Pipeline Corp.,NYSE,管道,,25775044102
ALAB,"Astera Labs, Inc.",NASDAQ,,,25524294776
DG,Dollar General Corp.,NYSE,,,25486792753
GEHCV,"GE Healthcare Technologies, Inc.",NASDAQ,,,25463760000
BIIB,"Biogen, Inc.",NASDAQ,生物技术,,25384822767
CTRA,"Coterra Energy, Inc.",NYSE,,,25369970885
SYF,Synchrony Financial,NYSE,,,25169447835
CINF,Cincinnati Financial Corp.,NASDAQ,保险,,25087274173
LPLA,"LPL Financial Holdings, Inc.",NASDAQ,多元化金融服务,,25061180232
UTHR,United Therapeutics Corp.,NASDAQ,生物技术,,25057602061
XPO,"XPO, Inc.",NYSE,运输,,24977446216
EBR,AXIA Energia SA,NYSE,,,24795439400
VEEV,"Veeva Systems, Inc.",NYSE,软件,,24733201988
PPG,"PPG Industries, Inc.",NYSE,化学制品,,24691705464
DXCM,"DexCom, Inc.",NASDAQ,,,24639045893
WRB,W.R. Berkley Corp.,NYSE,保险,,24604048096
UMC,United Microelectronics Corp.,NYSE,半导体,,24502965384
CMS,CMS Energy Corp.,NYSE,电力,,24448773152
PAAS,Pan American Silver Corp.,NASDAQ,,,24317375922
AER,AerCap Holdings NV,NYSE,,,24285543681
NMR,"Nomura Holdings, Inc.",NYSE,,,24226083110
MKL,"Markel Group, Inc.",NYSE,保险,,24150792859
SBS,Companhia de Saneamento Basico do Estado de Sao Paulo SABESP,NYSE,,,24083079407
FCAU,Stellantis NV,NYSE,,,23982901099
BG,Bunge Global SA,NYSE,农业,,23979644591
VRSN,"VeriSign, Inc.",NASDAQ,互联网,,23821825888
EXE,Expand Energy Corp.,NYSE,,,23797023244
LYB,LyondellBasell Industries NV,NYSE,化学制品,,23750371171
SBAC,SBA Communications Corp.,NASDAQ,电信,,23731463566
FN,Fabrinet,NYSE,,,23721547024
TSCO,Tractor Supply Co.,NASDAQ,,,23686063677
AVB,"AvalonBay Communities, Inc.",NYSE,房地产信托投资基金,,23618305478
FCNCA,"First Citizens BancShares, Inc. (North Carolina)",NASDAQ,银行,,23544918684
RF,Regions Financial Corp.,NYSE,银行,,23493697452
SQM,Sociedad Quimica y Minera de Chile SA,NYSE,化学制品,,23456577577
FOX,Fox Corp.,NASDAQ,,,23364879260
ZM,"Zoom Communications, Inc.",NASDAQ,,,23349403338
STLA,Stellantis NV,NYSE,,,23295764890
WWD,"Woodward, Inc.",NASDAQ,电子,,23159573444
TSN,"Tyson Foods, Inc.",NYSE,食品,,23110462982
EQR,Equity Residential,NYSE,房地产信托投资基金,,23083229769
HUM,"Humana, Inc.",NYSE,卫生保健设施,,23068464333
PHM,"PulteGroup, Inc.",NYSE,房屋建筑商,,23053934803
KEY,KeyCorp,NYSE,银行,,23020005670
RL,Ralph Lauren Corp.,NYSE,服饰,,22995967291
NI,"NiSource, Inc.",NYSE,,,22993518309
TSEM,Tower Semiconductor Ltd.,NASDAQ,半导体,,22910796648
ULTA,"Ulta Beauty, Inc.",NASDAQ,,,22759667733
WIT,Wipro Ltd.,NYSE,计算机,,22730551348
BHGE,"Baker Hughes, a GE Co.",NYSE,,,22666621781
RGLD,"Royal Gold, Inc.",NASDAQ,,,22636769817
CHD,"Church & Dwight Co., Inc.",NYSE,,,22602620559
CCE,Coca-Cola European Partners Plc,NYSE,饮料,,22575665230
L,Loews Corp.,NYSE,保险,,22525390261
WSM,"Williams-Sonoma, Inc.",NYSE,,,22509505550
HRS,Harris Corp.,NYSE,电信,,22341094737
FIS,"Fidelity National Information Services, Inc.",NYSE,,,22309687399
DPS,"Dr Pepper Snapple Group, Inc.",NYSE,饮料,,22286169586
FWONK,Liberty Media Corp.,NASDAQ,,,22234645202
BLL,Ball Corp.,NYSE,包装容器,,22222128241
ATI,"ATI, Inc.",NYSE,,,22135565198
BRO,"Brown & Brown, Inc.",NYSE,保险,,22098512772
CRDO,Credo Technology Group Holding Ltd.,NASDAQ,,,22058367290
SW,Smurfit WestRock Plc,NYSE,,,22050122446
DRI,"Darden Restaurants, Inc.",NYSE,零售,,22035389157
KOF,Coca-Cola FEMSA SAB de CV,NYSE,饮料,,22002016755
VLTO,Veralto Corp.,NYSE,,,21978077972
LEN,Lennar Corp.,NYSE,,,21913159696
FICO,Fair Isaac Corp.,NYSE,软件,,21880584622
FSLR,"First Solar, Inc.",NASDAQ,,,21863006065
STE,STERIS Plc (Ireland),NYSE,医疗保健产品,,21829539244
FLT,"FLEETCOR Technologies, Inc.",NYSE,,,21790323134
BCE,"BCE, Inc.",NYSE,,,21774478183
CRCL,"Circle Internet Group, Inc.",NYSE,,,21764405251
CRS,Carpenter Technology Corp.,NYSE,,,21682169202
TEF,Telef贸nica SA,NYSE,,,21603291231
VRSK,"Verisk Analytics, Inc.",NASDAQ,,,21520767894
FUTU,Futu Holdings Ltd.,NASDAQ,,,21510649059
LH,"Labcorp Holdings, Inc.",NYSE,卫生保健设施,,21500631396
JBHT,"J.B. Hunt Transport Services, Inc.",NASDAQ,,,21478910369
EFX,"Equifax, Inc.",NYSE,,,21469339375
LEN.B,Lennar Corp.,NYSE,,,21334359076
OMC,"Omnicom Group, Inc.",NYSE,媒体内容,,21308625078
IHG,InterContinental Hotels Group Plc,NYSE,住宿,,21263237099
DGX,"Quest Diagnostics, Inc.",NYSE,健康护理服务,,21197203308
NVT,nVent Electric Plc,NYSE,,,21111329523
BWXT,"BWX Technologies, Inc.",NYSE,,,21031348686
BURL,"Burlington Stores, Inc.",NYSE,,,20968347031
CDE,"Coeur Mining, Inc.",NYSE,采矿,,20948399763
BT,BT Group Plc,NYSE,电信,,20741143516
SOFI,"SoFi Technologies, Inc.",NASDAQ,,,20684778771
CPAY,"Corpay, Inc.",NYSE,,,20607670224
ENTG,"Entegris, Inc.",NASDAQ,半导体,,20602322669
AS,"Amer Sports, Inc.",NYSE,,,20491772396
ALB,Albemarle Corp.,NYSE,化学制品,,20469878987
FWONA,Liberty Media Corp.,NASDAQ,,,20433732440
AGI,"Alamos Gold, Inc.",NYSE,,,20359034198
KYO,Kyocera Corp.,NYSE,计算机硬件,,20279083415
MRNA,"Moderna, Inc.",NASDAQ,生物技术和制药,,20210065615
ROIV,Roivant Sciences Ltd.,NASDAQ,,,20189928335
PSTG,"Everpure, Inc.",NYSE,,,20138288559
USFD,US Foods Holding Corp.,NYSE,,,20134550571
EXAS,EXACT Sciences Corp.,NASDAQ,生物技术,,20026082705
TROW,"T. Rowe Price Group, Inc.",NASDAQ,多元化金融服务,,19908763875
PFG,"Principal Financial Group, Inc.",NYSE,保险,,19870049705
SNA,"Snap-On, Inc.",NYSE,,,19767213968
LI,"Li Auto, Inc.",NASDAQ,,,19641115071
DLTR,"Dollar Tree, Inc.",NASDAQ,零售,,19641038602
BCH,Banco de Chile SA,NYSE,银行,,19465992010
LUV,Southwest Airlines Co.,NYSE,航空公司,,19426957661
ITT,"ITT, Inc.",NYSE,多元化制造商,,19391433372
MTSI,"MACOM Technology Solutions Holdings, Inc.",NASDAQ,半导体,,19361337445
IP,International Paper Co.,NYSE,,,19326246702
DD,"DuPont de Nemours, Inc.",NYSE,化学制品,,19321652243
AA,Alcoa Corp.,NYSE,,,19269884699
CHRW,"C.H. Robinson Worldwide, Inc.",NASDAQ,,,19267364669
LDOS,"Leidos Holdings, Inc.",NYSE,,,19251957645
EVRG,"Evergy, Inc.",NYSE,,,19247149428
RBA,"RB Global, Inc.",NYSE,,,19206045526
APG,APi Group Corp.,NYSE,,,19160964935
RIVN,"Rivian Automotive, Inc.",NASDAQ,,,19148472823
HCN,"Welltower, Inc.",NYSE,房地产信托投资基金,,19121241187
INCY,Incyte Corp.,NASDAQ,生物技术和制药,,19119321609
RVMD,"Revolution Medicines, Inc.",NASDAQ,,,19109860733
PKX,"POSCO Holdings, Inc.",NYSE,钢铁,,19098783760
ZTO,"ZTO Express (Cayman), Inc.",NYSE,,,19062741335
EXPD,"Expeditors International of Washington, Inc.",NASDAQ,运输,,19024691717
AMCR,Amcor Plc,NYSE,,,19017800530
KEP,Korea Electric Power Corp.,NYSE,,,19002136924
GIS,"General Mills, Inc.",NYSE,食品,,18993714630
ZS,"Zscaler, Inc.",NASDAQ,,,18981342980
LULU,"lululemon athletica, Inc.",NASDAQ,零售,,18941992074
NTAP,"NetApp, Inc.",NASDAQ,计算机,,18929905332
DKS,"Dick's Sporting Goods, Inc.",NYSE,,,18918474740
LNT,Alliant Energy Corp.,NYSE,电力,,18880009855
NVR,"NVR, Inc.",NYSE,房屋建筑商,,18752414483
RBS,Royal Bank of Scotland Group Plc,NYSE,银行,,18685109280
CF,"CF Industries Holdings, Inc.",NYSE,化学制品,,18636745969
TLK,PT Telkom Indonesia (Persero) Tbk,NYSE,电信,,18603884958
IFF,"International Flavors & Fragrances, Inc.",NYSE,化学制品,,18524350139
WST,"West Pharmaceutical Services, Inc.",NYSE,医疗保健产品,,18492536166
TU,TELUS Corp.,NYSE,,,18470756883
BEKE,"KE Holdings, Inc.",NYSE,,,18398780804
PKG,Packaging Corporation of America,NYSE,包装容器,,18373590200
ILMN,"Illumina, Inc.",NASDAQ,生物技术,,18370103277
CNC,Centene Corp.,NYSE,卫生保健设施,,18343113129
WPPGY,WPP plc,NASDAQ,广告,,18335589543
GMAB,Genmab A/S,NASDAQ,,,18147350260
MKSI,"MKS, Inc.",NASDAQ,半导体,,18094052032
ZBH,"Zimmer Biomet Holdings, Inc.",NYSE,,,18025153541
GPN,"Global Payments, Inc.",NYSE,商业服务,,18011903443
FTV,Fortive Corp.,NYSE,,,17966662516
FLUT,Flutter Entertainment Plc,NYSE,,,17944625147
TWLO,"Twilio, Inc.",NYSE,,,17825622214
CIB,Grupo Cibest SA,NYSE,银行,,17770303928
WY,Weyerhaeuser Co.,NYSE,,,17766489446
FITBI,Fifth Third Bancorp,NASDAQ,,,17691342886
BR,"Broadridge Financial Solutions, Inc.",NYSE,软件,,17643064636
LII,"Lennox International, Inc.",NYSE,,,17593824879
RCI,"Rogers Communications, Inc.",NYSE,,,17524907276
NXT,"Nextpower, Inc.",NASDAQ,,,17515695144
YUMC,"Yum China Holdings, Inc.",NYSE,,,17492851690
SRAD,Sportradar Group AG,NASDAQ,,,17404693893
PR,Permian Resources Corp.,NASDAQ,,,17403778904
RBC,"RBC Bearings, Inc.",NYSE,,,17309321219
CX,CEMEX SAB de CV,NYSE,,,17293927385
WF,"Woori Financial Group, Inc.",NYSE,银行,,17232398698
CG,The Carlyle Group Inc.,NASDAQ,私募股权投资,,17079780326
THC,Tenet Healthcare Corp.,NYSE,健康护理服务,,16978656598
RTO,Rentokil Initial Plc,NYSE,,,16974987256
ULS,"UL Solutions, Inc.",NYSE,,,16965323488
HOLX,"Hologic, Inc.",NASDAQ,医疗保健产品,,16906090100
BIP,Brookfield Infrastructure Partners LP,NYSE,电力,,16889792632
YPF,YPF SA,NYSE,,,16854038318
HPQ,"HP, Inc.",NYSE,计算机,,16699687208
XPEV,"XPeng, Inc.",NYSE,,,16649177075
WSO,"Watsco, Inc.",NYSE,,,16610234485
BSAC,Banco Santander Chile SA,NYSE,银行,,16583259483
BALL,Ball Corp.,NYSE,,,16578674226
RS,"Reliance, Inc.",NYSE,,,16467282082
FFIV,"F5, Inc.",NASDAQ,计算机硬件,,16379850370
CEGVV,Constellation Energy Corp.,NASDAQ,,,16228279602
CDW,CDW Corp.,NASDAQ,,,16192564944
SSNC,"SS&C Technologies Holdings, Inc.",NASDAQ,软件,,16192010549
WES,Western Midstream Partners LP,NYSE,管道,,16171858910
AFRM,"Affirm Holdings, Inc.",NASDAQ,,,16165859486
HTHT,H World Group Ltd.,NASDAQ,住宿,,16146422639
NIO,"NIO, Inc.",NYSE,,,16140605000
EMA,"Emera, Inc.",NYSE,,,16116694981
SNX,TD SYNNEX Corp.,NYSE,,,16053297557
MGA,"Magna International, Inc.",NYSE,汽车制造,,15991423360
CLH,"Clean Harbors, Inc.",NYSE,环境控制,,15991275791
SUI,"Sun Communities, Inc.",NYSE,,,15933495336
TXT,"Textron, Inc.",NYSE,,,15910897908
NLY,"Annaly Capital Management, Inc.",NYSE,房地产信托投资基金,,15905087210
OVV,"Ovintiv, Inc.",NYSE,,,15892286051
PTC,"PTC, Inc.",NASDAQ,软件,,15878842276
EWBC,"East West Bancorp, Inc.",NASDAQ,银行,,15827892901
NVMI,Nova Ltd.,NASDAQ,半导体,,15766261013
WPC,"W.P. Carey, Inc.",NYSE,,,15705433518
VTRS,"Viatris, Inc.",NASDAQ,,,15684749955
NWS,News Corp.,NASDAQ,媒体,,15684300127
KIM,Kimco Realty Corp.,NYSE,房地产信托投资基金,,15625922473
INVH,"Invitation Homes, Inc.",NYSE,,,15597585741
QXO,"QXO, Inc.",NASDAQ,,,15567995746
HII,"Huntington Ingalls Industries, Inc.",NYSE,造船,,15530750158
GFL,"GFL Environmental, Inc.",NYSE,,,15439391927
NDSN,Nordson Corp.,NASDAQ,机械-多元,,15356109065
PAA,Plains All American Pipeline LP,NYSE,管道,,15352369170
CSGP,"CoStar Group, Inc.",NASDAQ,,,15314059428
DECK,Deckers Outdoor Corp.,NASDAQ,服饰,,15310724067
SMMT,"Summit Therapeutics, Inc.",NASDAQ,,,15251581068
RE,Everest Re Group Ltd.,NYSE,保险,,15250899834
SMCI,"Super Micro Computer, Inc.",NASDAQ,计算机,,15168174245
WLK,Westlake Corp.,NYSE,化学制品,,15161243537
GRAB,Grab Holdings Ltd. (Singapore),NASDAQ,,,15089773235
TRMB,"Trimble, Inc.",NASDAQ,,,15032386328
IOT,"Samsara, Inc.",NYSE,房地产信托投资基金,,15011516499
GIB,"CGI, Inc.",NYSE,计算机,,14981511493
TOST,"Toast, Inc.",NYSE,,,14960599547
GPC,Genuine Parts Co.,NYSE,销售/批发,,14957018343
IEX,IDEX Corp.,NYSE,,,14921403780
ASND,Ascendis Pharma A/S,NASDAQ,,,14910989632
WMG,Warner Music Group Corp.,NASDAQ,,,14886865988
JLL,"Jones Lang LaSalle, Inc.",NYSE,,,14886586256
WCC,"WESCO International, Inc.",NYSE,销售/批发,,14769378297
TPG,"TPG, Inc.",NASDAQ,,,14710003399
MAA,"Mid-America Apartment Communities, Inc.",NYSE,,,14705177643
SYMC,Symantec Corp.,NASDAQ,软件,,14678251051
H,Hyatt Hotels Corp.,NYSE,住宿,,14615230187
PNR,Pentair plc,NYSE,,,14578188440
MKC.V,"McCormick & Co., Inc.",NYSE,,,14539040478
GGG,"Graco, Inc.",NYSE,,,14524864191
LSCC,Lattice Semiconductor Corp.,NASDAQ,半导体,,14521845359
TME,Tencent Music Entertainment Group,NYSE,,,14497745626
BBIO,"BridgeBio Pharma, Inc.",NASDAQ,,,14460230838
PKI,"PerkinElmer, Inc. (United States)",NYSE,,,14455820687
BNT,Brookfield Wealth Solutions Ltd.,NYSE,,,14446120567
MKC,"McCormick & Co., Inc.",NYSE,,,14439567757
AEIS,"Advanced Energy Industries, Inc.",NASDAQ,,,14436803177
J,"Jacobs Solutions, Inc.",NYSE,,,14430678317
NLOK,"NortonLifeLock, Inc.",NASDAQ,,,14416245904
CNHI,CNH Industrial NV,NYSE,,,14398166645
AMKR,"Amkor Technology, Inc.",NASDAQ,半导体,,14363138780
REG,Regency Centers Corp.,NYSE,,,14353736252
SNN,Smith & Nephew plc,NYSE,医疗保健产品,,14288791804
CSL,"Carlisle Cos., Inc.",NYSE,,,14277554660
RGC,Regencell Bioscience Holdings Ltd.,NYSE,,,14251170178
KSPI,Kaspi.kz JSC,NASDAQ,,,14219745075
CHKP,Check Point Software Technologies Ltd.,NASDAQ,软件,,14094359208
MEDP,"Medpace Holdings, Inc.",NASDAQ,,,14094248953
LECO,"Lincoln Electric Holdings, Inc.",NASDAQ,,,14049137786
TIGO,Millicom International Cellular SA,NASDAQ,,,14032069794
PFGC,Performance Food Group Co.,NYSE,,,13981807974
PNFP,"Pinnacle Financial Partners, Inc.",NASDAQ,银行,,13978757936
SKM,"SK Telecom Co., Ltd.",NYSE,,,13958432280
RPM,"RPM International, Inc.",NYSE,化学制品,,13936816577
COO,"The Cooper Cos., Inc.",NYSE,,,13894096103
RRX,Regal Rexnord Corp.,NYSE,,,13867586154
FMS,Fresenius Medical Care AG,NYSE,健康护理服务,,13866718965
HST,"Host Hotels & Resorts, Inc.",NYSE,房地产信托投资基金,,13842892585
DTM,"DT Midstream, Inc.",NYSE,,,13837194903
STRL,"Sterling Infrastructure, Inc.",NASDAQ,,,13694651979
APA,APA Corp.,NYSE,油气,,13651858370
PODD,Insulet Corp.,NASDAQ,医疗保健产品,,13640102494
BF.A,Brown-Forman Corp.,NYSE,饮料,,13623498488
NWSA,News Corp.,NASDAQ,媒体,,13586399746
COKE,"Coca-Cola Consolidated, Inc.",NASDAQ,饮料,,13540508970
LAMR,Lamar Advertising Co.,NASDAQ,媒体内容,,13535344073
OHI,"Omega Healthcare Investors, Inc.",NYSE,房地产信托投资基金,,13534150250
BF.B,Brown-Forman Corp.,NYSE,饮料,,13527169914
TYL,"Tyler Technologies, Inc.",NYSE,软件,,13470558492
AKAM,"Akamai Technologies, Inc.",NASDAQ,软件,,13448824753
RGA,"Reinsurance Group of America, Inc.",NYSE,保险,,13443729644
PAYP,PayPay Corp.,NASDAQ,,,13439372262
MLI,"Mueller Industries, Inc.",NYSE,,,13395726734
EVR,"Evercore, Inc.",NYSE,,,13382698208
LOGI,Logitech International SA,NASDAQ,计算机硬件,,13377707525
TIMB,TIM SA (Brazil),NYSE,,,13364879115
EG,Everest Group Ltd.,NYSE,,,13323498913
SUN,Sunoco LP,NYSE,,,13307438392
TOL,"Toll Brothers, Inc.",NYSE,房屋建筑商,,13270344518
GLPI,"Gaming & Leisure Properties, Inc.",NASDAQ,,,13226460191
KTOS,"Kratos Defense & Security Solutions, Inc.",NASDAQ,,,13177046285
AVY,Avery Dennison Corp.,NYSE,家庭产品/用品,,13165119308
RNR,RenaissanceRe Holdings Ltd.,NYSE,保险,,13107135931
TRU,TransUnion,NYSE,,,13094871518
IREN,IREN Ltd.,NASDAQ,,,13054239899
HL,Hecla Mining Co.,NYSE,采矿,,13045006378
BBY,"Best Buy Co., Inc.",NYSE,,,13042351204
ARCC,Ares Capital Corp.,NASDAQ,投资公司,,12989033050
BEN,"Franklin Resources, Inc.",NYSE,,,12972217410
PEN,"Penumbra, Inc.",NYSE,,,12941181486
NBIX,"Neurocrine Biosciences, Inc.",NASDAQ,制药,,12935846685
HAS,"Hasbro, Inc.",NASDAQ,,,12905105054
FNF,"Fidelity National Financial, Inc.",NYSE,,,12860055075
MAS,Masco Corp.,NYSE,,,12821138391
NYT,The New York Times Co.,NYSE,媒体,,12793058328
ONTO,"Onto Innovation, Inc.",NYSE,,,12791061547
CNA,CNA Financial Corp.,NYSE,保险,,12745546139
MOD,Modine Manufacturing Co.,NYSE,汽车制造,,12732475182
CLX,The Clorox Co.,NYSE,,,12729600789
APTV,Aptiv Plc,NYSE,,,12713880302
ALLY,"Ally Financial, Inc.",NYSE,,,12707786153
TTMI,"TTM Technologies, Inc.",NASDAQ,电子,,12615907838
PNW,Pinnacle West Capital Corp.,NYSE,,,12537046537
ALLE,Allegion Plc,NYSE,,,12474727328
VNTV,"Vantiv, Inc.",NYSE,商业服务,,12449117883
WBDWV,WARNER BROS DISCOVERY INC,NASDAQ,,,12436173663
EMBJ,Embraer SA,NYSE,,,12435191384
DISCB,"Discovery, Inc.",NASDAQ,媒体,,12426010390
ELS,"Equity LifeStyle Properties, Inc.",NYSE,,,12422999533
IONS,"Ionis Pharmaceuticals, Inc.",NASDAQ,,,12417482864
DISCA,"Discovery, Inc.",NASDAQ,媒体,,12410440302
PAC,Grupo Aeroportuario del Pac铆fico SAB de CV,NYSE,工程建设,,12400519331
ALGN,"Align Technology, Inc.",NASDAQ,,,12399814950
UNM,Unum Group,NYSE,保险,,12381682735
AEG,Aegon Ltd.,NYSE,保险,,12332289821
DPZ,"Domino's Pizza, Inc.",NYSE,零售,,12305325325
DRS,"Leonardo DRS, Inc.",NYSE,,,12250375947
GMED,"Globus Medical, Inc.",NYSE,,,12229580624
JHX,James Hardie Industries Plc,NYSE,,,12195192268
GNRC,"Generac Holdings, Inc.",NYSE,,,12147656392
CTL,"CenturyLink, Inc.",NYSE,电信,,12072523342
BJ,"BJ's Wholesale Club Holdings, Inc.",NYSE,,,12022316355
FIVE,"Five Below, Inc.",NASDAQ,,,12007177694
CCK,"Crown Holdings, Inc.",NYSE,,,12004277493
PL,Planet Labs PBC,NYSE,保险,,12000986132
SF,Stifel Financial Corp.,NYSE,多元化金融服务,,11955818687
JAZZ,Jazz Pharmaceuticals Plc,NASDAQ,制药,,11955019782
RMBS,"Rambus, Inc.",NASDAQ,半导体,,11945121308
TPX,"Tempur Sealy International, Inc.",NYSE,,,11943843774
MDGL,"Madrigal Pharmaceuticals, Inc.",NASDAQ,,,11919836436
EQX,Equinox Gold Corp.,NYSE,,,11900249402
ERJ,Embraer SA,NYSE,航空航天/国防,,11825086599
PSKY,Paramount Skydance Corp.,NASDAQ,,,11806690450
CACI,"CACI International, Inc.",NYSE,,,11804624595
QVCA,Liberty Interactive Corp.,NASDAQ,,,11785091838
ACGLO,Arch Capital Group Ltd.,NASDAQ,,,11778398144
DY,"Dycom Industries, Inc.",NYSE,工程建设,,11778235938
AGNC,AGNC Investment Corp.,NASDAQ,房地产信托投资基金,,11760315970
ERIE,Erie Indemnity Co.,NASDAQ,保险,,11721582700
AR,Antero Resources Corp.,NYSE,,,11690011796
IAG,IAMGOLD Corp.,NYSE,采矿,,11656085207
DOC,"Healthpeak Properties, Inc.",NYSE,,,11638595844
ENSG,"The Ensign Group, Inc.",NASDAQ,健康护理服务,,11625548957
SUZ,Suzano SA,NYSE,,,11619309533
WBS,Webster Financial Corp.,NYSE,银行,,11572844074
ELAN,"Elanco Animal Health, Inc.",NYSE,,,11550646005
WTRG,"Essential Utilities, Inc.",NYSE,,,11519127952
SFD,"Smithfield Foods, Inc.",NASDAQ,,,11497404887
EXEL,"Exelixis, Inc.",NASDAQ,生物技术和制药,,11497303781
FHN,First Horizon Corp. (Tennessee),NYSE,银行,,11486904358
HRL,Hormel Foods Corp.,NYSE,,,11484431465
WMS,"Advanced Drainage Systems, Inc.",NYSE,休闲,,11464671483
UDR,"UDR, Inc.",NYSE,,,11442139276
GL,"Globe Life, Inc.",NYSE,,,11440353760
JEC,"Jacobs Engineering Group, Inc.",NYSE,,,11438126892
SOLV,Solventum Corp.,NYSE,,,11408332148
AAOI,"Applied Optoelectronics, Inc.",NASDAQ,,,11324942299
SCI,Service Corp. International,NYSE,,,11312711918
ARMK,Aramark,NYSE,,,11265151163
BWA,"BorgWarner, Inc.",NYSE,汽车部件与设备,,11226229881
WTR,"Aqua America, Inc.",NYSE,水业,,11210768570
SWK,"Stanley Black & Decker, Inc.",NYSE,,,11210127400
CRBG,"Corebridge Financial, Inc.",NYSE,,,11173650349
CFLT,"Confluent, Inc.",NASDAQ,,,11133730609
DIDI,"Didi Global, Inc.",NYSE,,,11115746551
RDY,Dr. Reddy's Laboratories Ltd.,NYSE,制药,,11108709496
ONON,On Holding AG,NYSE,,,11104966577
CIG.C,Companhia Energ茅tica de Minas Gerais SA,NYSE,,,11099446328
AAXN,"Axon Enterprise, Inc.",NASDAQ,,,11091998770
SITM,SiTime Corp.,NASDAQ,,,11054380465
DKNG,"DraftKings, Inc.",NASDAQ,,,11036529451
UHS,"Universal Health Services, Inc.",NYSE,健康护理服务,,11032954153
KRMN,"Karman Holdings, Inc.",NYSE,,,10936069584
AIZ,"Assurant, Inc.",NYSE,保险,,10923266619
KT,KT Corp.,NYSE,,,10907141055
CR,Crane Co.,NYSE,多元化制造商,,10882409374
AFG,"American Financial Group, Inc.",NYSE,保险,,10858548227
CDAY,"Ceridian HCM Holding, Inc.",NYSE,,,10853827482
SPXC,"SPX Technologies, Inc.",NYSE,,,10836677078
AMH,American Homes 4 Rent,NYSE,,,10826562675
WYN,Wyndham Worldwide Corp.,NYSE,住宿,,10821465869
WYNN,Wynn Resorts Ltd.,NASDAQ,住宿,,10820512976
ACM,AECOM,NYSE,工程建设,,10807235523
TXRH,"Texas Roadhouse, Inc.",NASDAQ,零售,,10791287146
FLS,Flowserve Corp.,NYSE,机械-多元,,10783376598
AIT,"Applied Industrial Technologies, Inc.",NYSE,机械-多元,,10780778549
ZBRA,Zebra Technologies Corp.,NASDAQ,机械-多元,,10742786351
SAIA,"Saia, Inc.",NASDAQ,运输,,10717147177
GIL,"Gildan Activewear, Inc.",NYSE,服饰,,10710665876
CHK,Chesapeake Energy Corp.,NYSE,油气,,10693673762
ALSN,"Allison Transmission Holdings, Inc.",NYSE,汽车部件与设备,,10682961179
EHC,Encompass Health Corp.,NYSE,,,10662383374
JKHY,"Jack Henry & Associates, Inc.",NASDAQ,软件,,10623036791
IESC,"IES Holdings, Inc.",NASDAQ,,,10617338412
BEP,Brookfield Renewable Partners LP,NYSE,,,10605542959
CAR,"Avis Budget Group, Inc.",NASDAQ,商业服务,,10595286105
BPYPP,Brookfield Property Partners LP,NASDAQ,,,10589849022
HLI,"Houlihan Lokey, Inc.",NYSE,,,10574565666
GDDY,"GoDaddy, Inc.",NYSE,,,10573648059
IONQ,"IonQ, Inc.",NYSE,,,10555587701
EQH,"Equitable Holdings, Inc.",NYSE,,,10532401098
CHWY,"Chewy, Inc.",NYSE,,,10504425629
BMRN,"BioMarin Pharmaceutical, Inc.",NASDAQ,制药,,10487392532
ASR,Grupo Aeroportuario del Sureste SA de CV,NYSE,,,10428299561
AM,Antero Midstream Corp.,NYSE,家庭产品/用品,,10421974755
GME,GameStop Corp.,NYSE,零售,,10411270536
ENLT,Enlight Renewable Energy Ltd.,NASDAQ,,,10401131850
DINO,HF Sinclair Corp.,NYSE,,,10367525692
XP,"XP, Inc.",NASDAQ,,,10366156690
HMY,Harmony Gold Mining Co. Ltd.,NYSE,采矿,,10359764136
EGP,"EastGroup Properties, Inc.",NYSE,,,10342569130
ENIA,Enel Am茅ricas SA,NYSE,,,10320325247
DCI,"Donaldson Co., Inc.",NYSE,多元化制造商,,10266932819
PAG,"Penske Automotive Group, Inc.",NYSE,零售,,10264773682
AES,The AES Corp.,NYSE,电力,,10261100900
OGE,OGE Energy Corp.,NYSE,,,10205165134
AABA,"Altaba, Inc.",NASDAQ,,,10198008589
AG,First Majestic Silver Corp.,NYSE,,,10160853259
PINS,"Pinterest, Inc.",NYSE,,,10145621768
HUBS,"HubSpot, Inc.",NYSE,,,10139894777
IT,"Gartner, Inc.",NYSE,,,10125116340
WTS,"Watts Water Technologies, Inc.",NYSE,,,10105971475
RRC,Range Resources Corp.,NYSE,,,10088174052
TFII,"TFI International, Inc.",NYSE,,,10062858204
UHAL,U-Haul Holding Co.,NASDAQ,运输及出租,,10041148055
KNX,"Knight-Swift Transportation Holdings, Inc.",NYSE,,,10039895686
RVTY,"Revvity, Inc.",NYSE,,,10038820923
DVA,"DaVita, Inc.",NYSE,卫生保健设施,,10023340204
CNM,"Core & Main, Inc.",NYSE,,,10014743163
ABVX,Abivax SA,NASDAQ,,,9988416034
GWRE,"Guidewire Software, Inc.",NYSE,软件,,9985348800
MOG.B,"Moog, Inc.",NYSE,,,9981498437
ORI,Old Republic International Corp.,NYSE,保险,,9951735083
GTLS,"Chart Industries, Inc.",NASDAQ,机械-多元,,9945991664
MOG.A,"Moog, Inc.",NYSE,,,9899326448
ELPC,Companhia Paranaense de Energia,NYSE,,,9898280220
CAVA,"Cava Group, Inc.",NYSE,,,9885127303
BILI,"Bilibili, Inc.",NASDAQ,,,9875708069
STN,"Stantec, Inc.",NYSE,商业服务,,9862232283
WTFC,Wintrust Financial Corp.,NASDAQ,银行,,9840450693
MP,MP Materials Corp.,NYSE,,,9814350236
VFS,VinFast Auto Ltd.,NASDAQ,,,9802656016
DAR,"Darling Ingredients, Inc.",NYSE,环境控制,,9725339076
SJM,The J. M. Smucker Co.,NYSE,食品,,9695399434
BMNR,"Bitmine Immersion Technologies, Inc.",NYSE,,,9679473312
VIAV,"Viavi Solutions, Inc.",NASDAQ,,,9669760939
HBM,"Hudbay Minerals, Inc.",NYSE,采矿,,9656074969
DT,"Dynatrace, Inc.",NYSE,,,9651406231
FORM,"FormFactor, Inc.",NASDAQ,半导体,,9650760157
FPS,"Forgent Power Solutions, Inc.",NYSE,,,9635174221
LFUS,"Littelfuse, Inc.",NASDAQ,,,9633817699
TMK,Torchmark Corp.,NYSE,保险,,9611884272
GAP,"Gap, Inc.",NYSE,,,9608446745
BVN,Compa帽铆a de Minas Buenaventura SAA,NYSE,,,9593084121
ZG,"Zillow Group, Inc.",NASDAQ,,,9582732618
SSB,SouthState Bank Corp.,NASDAQ,,,9577384327
Z,"Zillow Group, Inc.",NASDAQ,媒体内容,,9565937716
MGM,MGM Resorts International,NYSE,住宿,,9548196676
OSK,Oshkosh Corp.,NYSE,汽车制造,,9509518612
BSY,"Bentley Systems, Inc.",NASDAQ,,,9480607760
FIG,"Figma, Inc.",NYSE,,,9474364914
ABX,"Abacus Global Management, Inc.",NYSE,,,9467919818
SN,"SharkNinja, Inc.",NYSE,油气,,9446071765
AHR,"American Healthcare REIT, Inc.",NYSE,,,9445768775
CART,"Maplebear, Inc.",NASDAQ,,,9444141223
U,"Unity Software, Inc.",NYSE,,,9433455572
BAH,Booz Allen Hamilton Holding Corp.,NYSE,,,9426863167
BPOP,"Popular, Inc.",NASDAQ,银行,,9411672410
SEIC,SEI Investments Co.,NASDAQ,,,9410661612
GSAT,"Globalstar, Inc.",NASDAQ,,,9407727249
TTC,The Toro Co.,NYSE,,,9389894261
ADC,Agree Realty Corp.,NYSE,,,9388504758
W,"Wayfair, Inc.",NYSE,,,9372555785
UHALB,AMERCO,NASDAQ,,,9365090242
PEAK,"Healthpeak Properties, Inc.",NYSE,,,9356658218
JEF,"Jefferies Financial Group, Inc.",NYSE,,,9354821659
MASI,Masimo Corp.,NASDAQ,医疗保健产品,,9337336306
DDS,"Dillard's, Inc.",NYSE,零售,,9303245113
FRHC,Freedom Holding Corp.,NASDAQ,,,9229979774
GPS,"Gap, Inc.",NYSE,,,9207884719
BROS,"Dutch Bros, Inc.",NYSE,,,9193298203
OC,Owens Corning,NYSE,,,9186187998
BLDR,"Builders FirstSource, Inc.",NASDAQ,建筑材料,,9171061560
CREE,"Cree, Inc.",NASDAQ,半导体,,9169382163
ESI,"Element Solutions, Inc.",NYSE,,,9156750785
UMBF,UMB Financial Corp.,NASDAQ,银行,,9153902231
MUSA,"Murphy USA, Inc.",NYSE,,,9124834120
SLW,Silver Wheaton,NYSE,采矿,,9122859945
ARWR,"Arrowhead Pharmaceuticals, Inc.",NASDAQ,商业服务,,9121696771
BRX,"Brixmor Property Group, Inc.",NYSE,,,9116105538
AOS,A. O. Smith Corp.,NYSE,,,9112768088
AXSM,"Axsome Therapeutics, Inc.",NASDAQ,,,9110912335
RYAN,"Ryan Specialty Holdings, Inc.",NYSE,,,9098117620
NCLH,Norwegian Cruise Line Holdings Ltd.,NASDAQ,休闲,,9092690577
ONB,Old National Bancorp,NYSE,银行,,9074543631
SBSW,Sibanye Stillwater Ltd.,NYSE,,,9071967865
EDU,"New Oriental Education & Technology Group, Inc.",NYSE,,,9053801450
IDCC,"InterDigital, Inc.",NASDAQ,电信,,9048676777
SARO,"StandardAero, Inc.",NYSE,,,9031577937
TAP.A,Molson Coors Beverage Co.,NYSE,,,9002135901
LLYVK,"Liberty Live Holdings, Inc.",NASDAQ,,,8994507714
UHAL.B,U-Haul Holding Co.,NYSE,,,8981300087
ZION,Zions Bancorporation NA,NASDAQ,银行,,8978564902
AVAV,"AeroVironment, Inc.",NASDAQ,,,8974137283
CFR,"Cullen/Frost Bankers, Inc.",NYSE,银行,,8972447235
CELH,"Celsius Holdings, Inc.",NASDAQ,,,8958183761
NFG,National Fuel Gas Co.,NYSE,,,8927731681
CGNX,Cognex Corp.,NASDAQ,,,8920210023
COG,Cabot Oil & Gas Corp.,NYSE,,,8892526247
ACI,"Albertsons Cos., Inc.",NYSE,,,8880419205
FCFS,"FirstCash Holdings, Inc.",NASDAQ,,,8868634469
CUBE,CubeSmart,NYSE,房地产信托投资基金,,8863194257
RBRK,"Rubrik, Inc.",NYSE,,,8861717971
CTRE,"CareTrust REIT, Inc.",NASDAQ,,,8860285709
BAX,"Baxter International, Inc.",NYSE,,,8853730418
CAE,"CAE, Inc.",NYSE,航空航天/国防,,8839990354
PRAX,"Praxis Precision Medicines, Inc.",NASDAQ,,,8804762753
AGCO,AGCO Corp.,NYSE,,,8777514251
BTSG,"BrightSpring Health Services, Inc.",NASDAQ,,,8773025765
PCVX,"Vaxcyte, Inc.",NASDAQ,,,8761872158
LEVI,Levi Strauss & Co.,NYSE,,,8749564710
LLYVA,"Liberty Live Holdings, Inc.",NASDAQ,,,8744532530
PRIM,Primoris Services Corp.,NASDAQ,控股公司-多元经营,,8738867905
OKLO,"Oklo, Inc.",NYSE,,,8721831999
TECH,Bio-Techne Corp.,NASDAQ,医疗保健产品,,8689415981
AGNCN,AGNC Investment Corp.,NASDAQ,,,8673854894
CRL,"Charles River Laboratories International, Inc.",NYSE,生物技术,,8666914622
AGNCP,AGNC Investment Corp.,NASDAQ,,,8658860136
YMM,"Full Truck Alliance Co., Ltd.",NYSE,,,8649545455
HSIC,"Henry Schein, Inc.",NASDAQ,医疗保健产品,,8645117591
BNRE.A,Brookfield Reinsurance Ltd.,NYSE,,,8604366691
AGNCM,AGNC Investment Corp.,NASDAQ,,,8592314999
MYL,"Viatris, Inc.",NASDAQ,制药,,8586209394
R,"Ryder System, Inc.",NYSE,运输,,8584875461
AUGO,"Aura Minerals, Inc.",NASDAQ,,,8543987070
EMN,Eastman Chemical Co.,NYSE,化学制品,,8490480892
SWKS,"Skyworks Solutions, Inc.",NASDAQ,半导体,,8476880110
TAP,Molson Coors Beverage Co.,NYSE,饮料,,8466183287
HNP,"Huaneng Power International, Inc.",NYSE,,,8465197093
AYI,"Acuity, Inc.",NYSE,,,8441259178
PPC,Pilgrim's Pride Corp.,NASDAQ,食品,,8431953262
CWEN,"Clearway Energy, Inc.",NYSE,,,8428340160
QGEN,QIAGEN NV,NASDAQ,医疗保健产品,,8426396524
VICR,Vicor Corp.,NASDAQ,计算机硬件,,8421709286
AGX,"Argan, Inc.",NYSE,,,8421130069
GDS,GDS Holdings Ltd.,NASDAQ,,,8413856096
POWL,"Powell Industries, Inc.",NASDAQ,,,8412417059
BXP,"BXP, Inc.",NYSE,房地产信托投资基金,,8407343572
COLB,"Columbia Banking System, Inc.",NASDAQ,银行,,8398221717
NNN,"NNN REIT, Inc.",NYSE,,,8388360042
ATR,"AptarGroup, Inc.",NYSE,多元化制造商,,8386106105
WAL,Western Alliance Bancorp.,NYSE,银行,,8373888930
WWE,"World Wrestling Entertainment, Inc.",NYSE,媒体内容,,8370220501
GGB,Gerdau SA,NYSE,,,8362079036
DOCU,"DocuSign, Inc.",NASDAQ,,,8339013713
VMI,"Valmont Industries, Inc.",NYSE,金属构造/部件,,8323202631
BRKS,"Brooks Automation, Inc.",NASDAQ,半导体,,8285524702
SSL,Sasol Ltd.,NYSE,化学制品,,8279532576
ALV,"Autoliv, Inc.",NYSE,汽车制造,,8245322993
TX,Ternium SA,NYSE,,,8203698169
PRI,"Primerica, Inc.",NYSE,保险,,8201545798
PSO,Pearson Plc,NYSE,媒体内容,,8194748320
SBGL,Sibanye-Stillwater Ltd.,NYSE,,,8183639810
IDA,"IDACORP, Inc.",NYSE,电力,,8174376842
VRX,"Valeant Pharmaceuticals International, Inc.",NYSE,生物技术和制药,,8173601170
JOBY,"Joby Aviation, Inc.",NYSE,,,8167647686
CRUS,"Cirrus Logic, Inc.",NASDAQ,半导体,,8161182240
ICLR,ICON plc,NASDAQ,健康护理服务,,8156003830
BOKF,BOK Financial Corp.,NASDAQ,银行,,8151095694
UGI,UGI Corp.,NYSE,天然气,,8143302710
SNAP,"Snap, Inc.",NYSE,,,8140749291
AUR,"Aurora Innovation, Inc.",NASDAQ,,,8134699462
CAMT,Camtek Ltd.,NASDAQ,电子,,8124128323
BNRE,Brookfield Reinsurance Ltd.,NYSE,,,8107133831
LUK,"Jefferies Financial Group, Inc.",NYSE,,,8089821162
ARW,"Arrow Electronics, Inc.",NYSE,销售/批发,,8080989158
NUVL,"Nuvalent, Inc.",NASDAQ,,,8077110515
SANM,Sanmina Corp.,NASDAQ,计算机硬件,,8068417655
ESE,"ESCO Technologies, Inc.",NYSE,电子,,8042964625
HALO,"Halozyme Therapeutics, Inc.",NASDAQ,生物技术和制药,,8034926990
CYTK,"Cytokinetics, Inc.",NASDAQ,生物技术和制药,,8006814346
WULF,"TeraWulf, Inc.",NASDAQ,,,8002165875
ZWS,Zurn Elkay Water Solutions Corp.,NYSE,,,7998469874
MSGS,Madison Square Garden Sports Corp.,NYSE,,,7968634253
JHG,Janus Henderson Group Plc,NYSE,,,7953382720
FBHS,"Fortune Brands Home & Security, Inc.",NYSE,建筑材料,,7938212741
SIRI,"SiriusXM Holdings, Inc.",NASDAQ,媒体内容,,7934117440
SMTC,Semtech Corp.,NASDAQ,半导体,,7921298139
POOL,Pool Corp.,NASDAQ,,,7887323072
TTEK,"Tetra Tech, Inc.",NASDAQ,环境控制,,7873780798
RXN,Rexnord Corp.,NYSE,金属构造/部件,,7865792568
MOS,The Mosaic Co.,NYSE,化学制品,,7861430063
SOLSV,"Solstice Advanced Materials, Inc.",NASDAQ,,,7817163994
CIG,Companhia Energ茅tica de Minas Gerais SA,NYSE,电力,,7809662054
NE,Noble Corp. Plc,NYSE,油气,,7803035027
LINE,"Lineage, Inc.",NASDAQ,油气,,7795668007
LKQ,LKQ Corp.,NASDAQ,,,7753252791
CNCO,Cencosud SA,NYSE,,,7747933521
SXL,Sunoco Logistics Partners L.P.,NYSE,管道,,7746997076
DOCN,"DigitalOcean Holdings, Inc.",NYSE,,,7739335066
GGAL,Grupo Financiero Galicia SA,NASDAQ,银行,,7729292777
FDS,"FactSet Research Systems, Inc.",NYSE,媒体,,7708826696
TEM,"Tempus AI, Inc.",NASDAQ,,,7703634136
IBP,"Installed Building Products, Inc.",NYSE,,,7701131055
REXR,"Rexford Industrial Realty, Inc.",NYSE,,,7684693782
WR,"Westar Energy, Inc.",NYSE,电力,,7680589344
KNTK,"Kinetik Holdings, Inc.",NASDAQ,,,7677994618
LUMN,"Lumen Technologies, Inc. (Louisiana)",NYSE,,,7664379686
BEPC,Brookfield Renewable Corp.,NYSE,,,7660800247
FRO,Frontline Plc,NYSE,,,7644870042
VSAT,"ViaSat, Inc.",NASDAQ,电信,,7640516025
AAON,"AAON, Inc.",NASDAQ,建筑材料,,7625378497
AMG,"Affiliated Managers Group, Inc.",NYSE,多元化金融服务,,7614754162
CHRD,Chord Energy Corp.,NASDAQ,,,7605574067
MOH,"Molina Healthcare, Inc.",NYSE,卫生保健设施,,7599046275
BIO,"Bio-Rad Laboratories, Inc.",NYSE,生物技术,,7537067524
CHYM,"Chime Financial, Inc.",NASDAQ,,,7532197705
NXE,NexGen Energy Ltd.,NYSE,,,7529582584
KEX,Kirby Corp.,NYSE,运输,,7527316242
AWI,"Armstrong World Industries, Inc.",NYSE,,,7516518736
APLD,Applied Digital Corp.,NASDAQ,,,7504308055
IBRX,"ImmunityBio, Inc.",NASDAQ,,,7484651615
BIO.B,"Bio-Rad Laboratories, Inc.",NYSE,,,7476339138
AAL,"American Airlines Group, Inc.",NASDAQ,,,7474647565
TKR,The Timken Co.,NYSE,金属构造/部件,,7448806731
PARA,Paramount Global,NASDAQ,,,7443442694
MTDR,Matador Resources Co.,NYSE,,,7437601544
CBSH,"Commerce Bancshares, Inc. (Missouri)",NASDAQ,银行,,7414465937
QRVO,"Qorvo, Inc.",NASDAQ,,,7398839775
OR,"OR Royalties, Inc.",NYSE,,,7395422736
ARE,"Alexandria Real Estate Equities, Inc.",NYSE,,,7376945112
FIGR,FT Intermediate  Inc.,NASDAQ,,,7373219404
WFRD,Weatherford International plc,NASDAQ,,,7371134121
TFPM,Triple Flag Precious Metals Corp.,NYSE,,,7361297213
LBRDK,Liberty Broadband Corp.,NASDAQ,,,7337039088
HUT,Hut 8 Corp.,NASDAQ,,,7327985929
LBRDA,Liberty Broadband Corp.,NASDAQ,,,7319818762
SNEX,"StoneX Group, Inc.",NASDAQ,,,7310763205
MHG,MARINE HARVEST ASA,NYSE,,,7304889822
SFM,"Sprouts Farmers Market, Inc.",NASDAQ,,,7296926861
CMC,Commercial Metals Co.,NYSE,钢铁,,7295281095
STAG,"STAG Industrial, Inc.",NYSE,房地产信托投资基金,,7293142125
AL,Air Lease Corp.,NYSE,多元化金融服务,,7282301520
AXS,AXIS Capital Holdings Ltd.,NYSE,保险,,7272243929
CMPO,"CompoSecure, Inc.",NASDAQ,,,7268349789
CAG,"Conagra Brands, Inc.",NYSE,食品,,7262676144
SSD,"Simpson Manufacturing Co., Inc.",NYSE,建筑材料,,7256326019
SNDKV,Sandisk Corp.,NASDAQ,,,7253279846
EGO,Eldorado Gold Corp.,NYSE,,,7245922472
VLY,Valley National Bancorp,NYSE,银行,,7239378633
INGR,"Ingredion, Inc.",NYSE,食品,,7229791248
GRUB,Just Eat Takeaway.com NV,NYSE,媒体内容,,7222859357
VIPS,Vipshop Holdings Ltd.,NYSE,,,7218529854
RIG,Transocean Ltd.,NYSE,,,7216013976
NGD,"New Gold, Inc.",NYSE,,,7188879874
TEX,Terex Corp.,NYSE,机械-建筑-矿业,,7183566035
WGP,Western Gas Equity Partners LP,NYSE,天然气,,7163644985
CWAN,"Clearwater Analytics Holdings, Inc.",NYSE,,,7161332616
MANH,"Manhattan Associates, Inc.",NASDAQ,计算机,,7160972741
JXN,"Jackson Financial, Inc.",NYSE,,,7152599194
VFC,VF Corp.,NYSE,,,7132730564
PRMB,Primo Brands Corp.,NYSE,,,7121900231
PCOR,"Procore Technologies, Inc.",NYSE,,,7083241539
FLR,Fluor Corp.,NYSE,工程建设,,7067908701
CE,Celanese Corp.,NYSE,化学制品,,7065684148
CBG,"CBRE Group, Inc.",NYSE,,,7045629465
ENS,EnerSys,NYSE,,,7038980745
LNW,"Light & Wonder, Inc.",NASDAQ,,,7028989292
NOV,"NOV, Inc.",NYSE,油气服务,,7028696646
ORA,"Ormat Technologies, Inc.",NYSE,,,7010608330
FSS,Federal Signal Corp.,NYSE,多元化制造商,,7005033107
BIRK,Birkenstock Holding Plc,NYSE,,,6993947085
PB,"Prosperity Bancshares, Inc.",NYSE,银行,,6984474463
SLAB,"Silicon Laboratories, Inc.",NASDAQ,半导体,,6963589079
ALGM,"Allegro MicroSystems, Inc.",NASDAQ,,,6948407625
KYMR,"Kymera Therapeutics, Inc.",NASDAQ,,,6943685859
TRNO,Terreno Realty Corp.,NYSE,,,6942795008
SOBO,South Bow Corp.,NYSE,,,6934590008
BLTE,"Belite Bio, Inc.",NASDAQ,,,6904407427
BBUC,Brookfield Business Corp.,NYSE,,,6899559321
VIST,Vista Energy SAB de CV,NASDAQ,,,6892214038
JCOM,"J2 Global, Inc.",NASDAQ,,,6885455612
AN,"AutoNation, Inc.",NYSE,,,6882946800
GATX,GATX Corp.,NYSE,,,6876310094
QMMM,QMMM Holdings Ltd.,NASDAQ,,,6830437083
SM,SM Energy Co.,NYSE,,,6803874609
BHI,Baker Hughes Incorporated,NYSE,油气服务,,6800751784
SSRM,"SSR Mining, Inc.",NASDAQ,,,6784445471
DOX,Amdocs Ltd.,NYSE,,,6776973000
RGEN,Repligen Corp.,NASDAQ,生物技术,,6773552721
GKOS,Glaukos Corp.,NYSE,,,6760373805
VAL,Valaris Ltd.,NYSE,化学制品,,6756245815
EAT,"Brinker International, Inc.",NYSE,,,6755962595
SWX,"Southwest Gas Holdings, Inc.",NYSE,,,6742936059
VSNTV,"Versant Media Group, Inc.",NASDAQ,,,6742254652
GDI,"Gardner Denver Holdings, Inc.",NYSE,,,6728893831
ROAD,"Construction Partners, Inc.",NASDAQ,,,6717417982
ACLX,"Arcellx, Inc.",NASDAQ,,,6715236919
TAL,TAL Education Group,NYSE,,,6709567557
FSV,FirstService Corp.,NASDAQ,,,6708738649
CIFR,"Cipher Digital, Inc.",NASDAQ,,,6696624076
JBTM,JBT Marel Corp.,NYSE,,,6691041671
ICL,ICL Group Ltd.,NYSE,,,6685684515
UBNT,"Ubiquiti Networks, Inc.",NASDAQ,计算机硬件,,6682588421
MSA,"MSA Safety, Inc.",NYSE,,,6678170032
MIDD,The Middleby Corp.,NASDAQ,,,6668322004
PEGA,"Pegasystems, Inc.",NASDAQ,软件,,6655250918
ECG,"Everus Construction Group, Inc.",NYSE,,,6651742337
UEC,Uranium Energy Corp.,NYSE,,,6632687063
CENX,Century Aluminum Co.,NASDAQ,,,6627301896
KMX,"CarMax, Inc.",NYSE,零售,,6624739241
OMF,"OneMain Holdings, Inc.",NYSE,,,6555829394
USM,United States Cellular Corp.,NYSE,,,6548136609
BYD,Boyd Gaming Corp.,NYSE,住宿,,6513833022
LNC,Lincoln National Corp.,NYSE,保险,,6501092030
VOYA,"Voya Financial, Inc.",NYSE,保险,,6487848643
FAF,First American Financial Corp.,NYSE,保险,,6476829028
MORN,"Morningstar, Inc.",NASDAQ,商业服务,,6469770748
GTES,Gates Industrial Corp. Plc,NYSE,,,6468243094
EPAM,"EPAM Systems, Inc.",NYSE,,,6461130994
UGP,Ultrapar Participa莽oes SA,NYSE,,,6433978981
GXO,"GXO Logistics, Inc.",NYSE,,,6431989947
WH,"Wyndham Hotels & Resorts, Inc.",NYSE,油气服务,,6429684827
APGE,"Apogee Therapeutics, Inc.",NASDAQ,,,6425842009
AMTM,"Amentum Holdings, Inc.",NYSE,,,6413056000
MWH,"SOLV Energy, Inc.",NASDAQ,,,6410847173
RYN,"Rayonier, Inc.",NYSE,,,6405297232
RHP,"Ryman Hospitality Properties, Inc.",NYSE,,,6375929168
LAD,"Lithia Motors, Inc.",NYSE,零售,,6363108613
MHK,"Mohawk Industries, Inc.",NYSE,纺织品,,6332733441
PBCTP,"People's United Financial, Inc.",NASDAQ,,,6328335876
LEA,Lear Corp.,NYSE,汽车部件与设备,,6308119014
BZ,Kanzhun Ltd.,NASDAQ,,,6307414206
PTGX,"Protagonist Therapeutics, Inc.",NASDAQ,,,6305577296
HXL,Hexcel Corp.,NYSE,,,6302266687
CFX,Colfax Corp.,NYSE,多元化制造商,,6301565333
AROC,"Archrock, Inc.",NYSE,,,6300159119
INGM,Ingram Micro Holding Corp.,NYSE,,,6293836346
RIOT,"Riot Platforms, Inc.",NASDAQ,,,6293489238
FNB,F.N.B. Corp. (Pennsylvania),NYSE,银行,,6286670179
JAN,"Janus Living, Inc.",NASDAQ,,,6275908109
CCIV,Churchill Capital Corp. IV,NYSE,,,6274687500
EXP,"Eagle Materials, Inc.",NYSE,建筑材料,,6269768605
GBCI,"Glacier Bancorp, Inc.",NASDAQ,银行,,6262074162
LTH,"Life Time Group Holdings, Inc.",NYSE,,,6224536722
THG,"The Hanover Insurance Group, Inc.",NYSE,保险,,6220676021
POR,Portland General Electric Co.,NYSE,电力,,6214542083
SEE,Sealed Air Corp.,NYSE,,,6211799235
ESAB,ESAB Corp.,NYSE,,,6188606804
AXTA,Axalta Coating Systems Ltd.,NYSE,,,6155838077
YOU,"Clear Secure, Inc.",NYSE,,,6155458028
ROLL,"RBC Bearings, Inc.",NASDAQ,金属构造/部件,,6144332153
ENIC,Enel Chile SA,NYSE,,,6128156730
UBSI,"United Bankshares, Inc. (West Virginia)",NASDAQ,银行,,6123156626
MKTX,"MarketAxess Holdings, Inc.",NASDAQ,,,6112168771
VSEC,VSE Corp.,NASDAQ,工程建设,,6110183853
CNTA,Centessa Pharmaceuticals Plc,NASDAQ,,,6102365533
CHDN,"Churchill Downs, Inc.",NASDAQ,娱乐,,6097039206
PLXS,Plexus Corp.,NASDAQ,,,6096063981
MBLY,"Mobileye Global, Inc.",NASDAQ,,,6091601969
CPB,The Campbell's Co.,NYSE,,,6091132841
TERN,"Terns Pharmaceuticals, Inc.",NASDAQ,,,6074207049
LOAR,"Loar Holdings, Inc.",NYSE,,,6021797306
SITE,"SiteOne Landscape Supply, Inc.",NYSE,,,6003525999
PSN,Parsons Corp.,NYSE,,,5993713711
PIPR,Piper Sandler Cos.,NYSE,,,5948997135
TSU,TIM SA (Brazil),NYSE,,,5945437037
CBC,"Central Bancompany, Inc.",NASDAQ,,,5935240173
ACT,"Enact Holdings, Inc.",NYSE,,,5919959045
SAIL,"SailPoint, Inc.",NYSE,,,5914297831
NEU,NewMarket Corp.,NYSE,化学制品,,5907298914
CRC,California Resources Corp.,NYSE,家具家饰,,5905440300
COGT,"Cogent Biosciences, Inc.",NASDAQ,,,5903171610
RRR,"Red Rock Resorts, Inc.",NYSE,,,5902508039
UWMC,UWM Holdings Corp.,NYSE,,,5901482585
NPO,"Enpro, Inc.",NYSE,,,5874236691
HFC,HollyFrontier Corp.,NYSE,,,5873235531
URBN,"Urban Outfitters, Inc.",NASDAQ,零售,,5872247677
MTG,MGIC Investment Corp.,NYSE,,,5846731556
BLCO,Bausch + Lomb Corp.,NYSE,,,5842706921
LW,"Lamb Weston Holdings, Inc.",NYSE,,,5825291369
G,Genpact Ltd.,NYSE,,,5802489480
DLB,"Dolby Laboratories, Inc.",NYSE,娱乐,,5790668003
CORZ,"Core Scientific, Inc.",NASDAQ,,,5781696676
NICE,NICE Ltd. (Israel),NASDAQ,电信,,5762147260
MIRM,"Mirum Pharmaceuticals, Inc.",NASDAQ,,,5744521754
NJR,New Jersey Resources Corp.,NYSE,,,5744141645
SRRK,Scholar Rock Holding Corp.,NASDAQ,,,5739559371
LSTR,"Landstar System, Inc.",NASDAQ,,,5739083303
VSNT,"Versant Media Group, Inc.",NASDAQ,,,5730702486
GOLF,Acushnet Holdings Corp.,NASDAQ,,,5726617462
TMHC,Taylor Morrison Home Corp.,NYSE,,,5723183201
BRKR,Bruker Corp.,NASDAQ,医疗保健产品,,5721921480
CGON,"CG Oncology, Inc.",NASDAQ,,,5716262782
WTM,White Mountains Insurance Group Ltd.,NYSE,保险,,5699164138
KORS,Michael Kors Holdings Ltd.,NYSE,,,5696820562
REZI,"Resideo Technologies, Inc.",NYSE,,,5694453583
MSG,Madison Square Garden Sports Corp.,NASDAQ,,,5690745334
ESNT,Essent Group Ltd.,NASDAQ,,,5688521888
PTCT,"PTC Therapeutics, Inc.",NASDAQ,,,5685796406
CIGI,"Colliers International Group, Inc.",NASDAQ,,,5680189782
ST,Sensata Technologies Holding Plc,NYSE,,,5678892116
TKC,TURKCELL Iletisim Hizmetleri AS,NYSE,电信,,5670210199
ABCB,Ameris Bancorp,NASDAQ,银行,,5656770956
HOMB,"Home Bancshares, Inc. (Arkansas)",NASDAQ,银行,,5653979954
OGS,"ONE Gas, Inc.",NYSE,,,5648579010
IFS,"Intercorp Financial Services, Inc.",NYSE,,,5648519378
CHE,Chemed Corp.,NYSE,卫生保健设施,,5638926534
DOOO,"BRP, Inc.",NASDAQ,,,5623388283
RUSHB,"Rush Enterprises, Inc.",NASDAQ,零售,,5622193569
CCCS,"CCC Intelligent Solutions Holdings, Inc.",NYSE,,,5617671990
TLLP,Tesoro Logistics LP,NYSE,管道,,5616118329
SGMS,Scientific Games Corp.,NASDAQ,娱乐,,5613999041
BKH,Black Hills Corp.,NYSE,电力,,5612839085
BCPC,Balchem Corp.,NASDAQ,化学制品,,5602201588
OMAB,Grupo Aeroportuario del Centro Norte SAB de CV,NASDAQ,,,5591251099
GRFS,Grifols SA,NASDAQ,制药,,5591010026
PLNT,"Planet Fitness, Inc.",NYSE,,,5589780678
FND,"Floor & Decor Holdings, Inc.",NYSE,,,5586305705
NXST,"Nexstar Media Group, Inc.",NASDAQ,媒体,,5577924785
SR,Spire Inc.,NYSE,家庭产品/用品,,5577535813
CNX,CNX Resources Corp.,NYSE,煤炭,,5577324133
RUSHA,"Rush Enterprises, Inc.",NASDAQ,,,5570518609
MUR,Murphy Oil Corp.,NYSE,油气,,5560496825
SON,Sonoco Products Co.,NYSE,包装容器,,5559988892
MGY,Magnolia Oil & Gas Corp.,NYSE,,,5551112356
RITM,Rithm Capital Corp.,NYSE,,,5549567340
SEB,Seaboard Corp.,NYSE,食品,,5547380098
ALKS,Alkermes Plc,NASDAQ,生物技术和制药,,5546191108
GVA,"Granite Construction, Inc.",NYSE,工程建设,,5524531341
CWST,"Casella Waste Systems, Inc.",NASDAQ,环境控制,,5524514212
WEX,"WEX, Inc.",NYSE,电子,,5522037862
ADT,"ADT, Inc.",NYSE,商业服务,,5519419979
MAC,Macerich Co.,NYSE,,,5497887013
AVT,"Avnet, Inc.",NYSE,电子,,5487274578
HWC,Hancock Whitney Corp.,NASDAQ,,,5482373284
ACA,"Arcosa, Inc.",NYSE,,,5479400895
OWL,"Blue Owl Capital, Inc.",NYSE,,,5477624697
STEP,"StepStone Group, Inc.",NASDAQ,,,5470712619
CZR,"Caesars Entertainment, Inc.",NASDAQ,,,5470644874
BLSH,Bullish,NYSE,,,5445448927
DSGX,"The Descartes Systems Group, Inc.",NASDAQ,软件,,5426412181
UFPI,"UFP Industries, Inc.",NASDAQ,,,5423821852
AUB,Atlantic Union Bankshares Corp.,NASDAQ,,,5423228691
GLNG,Golar LNG Ltd.,NASDAQ,运输,,5422825755
EQPT,"EquipmentShare.com, Inc.",NASDAQ,,,5422040633
PAYC,"Paycom Software, Inc.",NYSE,,,5414395419
IPGP,IPG Photonics Corp.,NASDAQ,电信,,5403891256
OBDC,Blue Owl Capital Corp.,NYSE,,,5399731109
FCN,"FTI Consulting, Inc.",NYSE,商业服务,,5390364997
TGTX,"TG Therapeutics, Inc.",NASDAQ,生物技术和制药,,5386284802
KGS,"Kodiak Gas Services, Inc.",NYSE,,,5365735016
SPIL,"Siliconware Precision Industries Co., Ltd.",NASDAQ,半导体,,5353906575
AVTR,"Avantor, Inc.",NYSE,,,5341274689
BIPC,Brookfield Infrastructure Corp.,NYSE,,,5333652066
RLI,RLI Corp.,NYSE,保险,,5332167998
MSM,"MSC Industrial Direct Co., Inc.",NYSE,,,5331060202
COMP,Compass  Inc.,NYSE,,,5327477978
CPG,Crescent Point Energy Corp.,NYSE,,,5308340516
PACS,"PACS Group, Inc.",NYSE,,,5304319729
SNRE,Sunrise Communications AG,NASDAQ,,,5304138725
OZRK,Bank of The Ozarks,NASDAQ,银行,,5304128221
OZK,Bank OZK,NASDAQ,,,5291742939
ERAS,"Erasca, Inc.",NASDAQ,,,5286700076
QBTS,"D-Wave Quantum, Inc.",NYSE,,,5271269997
TTAN,"ServiceTitan, Inc.",NASDAQ,,,5266992775
LYFT,"Lyft, Inc.",NASDAQ,,,5266963379
DBX,"Dropbox, Inc.",NASDAQ,,,5264366087
AVAL,Grupo Aval Acciones y Valores SA,NYSE,,,5259179673
ORCC,Owl Rock Capital Corp.,NASDAQ,,,5254478816
LB,LandBridge Co. LLC,NYSE,,,5242829856
AX,"Axos Financial, Inc.",NYSE,,,5242738032
VNT,Vontier Corp.,NYSE,,,5240615762
OTF,Blue Owl Technology Finance Corp,NYSE,,,5240564092
FROG,JFrog Ltd.,NASDAQ,,,5236418697
TFX,"Teleflex, Inc.",NYSE,,,5232904508
OTEX,Open Text Corp.,NASDAQ,软件,,5225067996
LPX,Louisiana-Pacific Corp.,NYSE,,,5223964892
TDS,"Telephone & Data Systems, Inc.",NYSE,,,5218605998
MATX,"Matson, Inc.",NYSE,,,5209915354
SGHC,Super Group (SGHC) Ltd.,NYSE,,,5172875738
CRK,"Comstock Resources, Inc.",NYSE,油气,,5163021597
ATMU,"Atmus Filtration Technologies, Inc.",NYSE,,,5161697070
SBRA,"Sabra Health Care REIT, Inc.",NASDAQ,,,5158901139
CLF,"Cleveland-Cliffs, Inc.",NYSE,,,5156384528
CHH,"Choice Hotels International, Inc.",NYSE,住宿,,5152013999
HLNE,"Hamilton Lane, Inc.",NASDAQ,,,5146927452
OUT,"OUTFRONT Media, Inc.",NYSE,,,5128341275
CSWI,"CSW Industrials, Inc.",NASDAQ,,,5128021745
PCTY,Paylocity Holding Corp.,NASDAQ,,,5123673327
BMA,Banco Macro SA,NYSE,银行,,5121701236
HESM,Hess Midstream LP,NYSE,,,5120485969
LUNR,"Intuitive Machines, Inc.",NASDAQ,,,5109993658
MCY,Mercury General Corp.,NYSE,保险,,5107385245
CAI,"Caris Life Sciences, Inc.",NYSE,,,5100567322
NRZ,New Residential Investment Corp.,NYSE,,,5083305428
GLBE,Global-e Online Ltd.,NASDAQ,,,5077653911
RAL,Ralliant Corp.,NYSE,,,5074934032
MRP,"Millrose Properties, Inc.",NYSE,,,5074726853
WFG,West Fraser Timber Co. Ltd.,NYSE,,,5069913474
ALM,"Almonty Industries, Inc.",NASDAQ,,,5041055763
STRC,"Strategy, Inc.",NASDAQ,,,5024651300
BC,Brunswick Corp.,NYSE,,,5017601842
CROX,"Crocs, Inc.",NASDAQ,,,5011303644
BDC,"Belden, Inc.",NYSE,,,5009560893
CACC,Credit Acceptance Corp.,NASDAQ,,,4999284217
KVYO,"Klaviyo, Inc.",NYSE,,,4998295878
ATAT,Atour Lifestyle Holdings Ltd.,NASDAQ,,,4992658557
HASI,"HA Sustainable Infrastructure Capital, Inc.",NYSE,,,4988943308
IMVT,"Immunovant, Inc.",NASDAQ,,,4986538410
M,"Macy's, Inc.",NYSE,零售,,4974542164
TGS,Transportadora de Gas del Sur SA,NYSE,,,4972739379
JSM,Navient Corp.,NASDAQ,,,4972274102
SNDR,"Schneider National, Inc.",NYSE,,,4960270170
CWEN.A,"Clearway Energy, Inc.",NYSE,,,4954950092
TEO,Telecom Argentina SA,NYSE,电信,,4949174948
MYRG,"MYR Group, Inc.",NASDAQ,,,4945783785
KLAR,Klarna Group plc,NYSE,,,4929119986
PATH,"UiPath, Inc.",NASDAQ,生物技术和制药,,4914387219
AQN,Algonquin Power & Utilities Corp.,NYSE,,,4911940640
CPA,Copa Holdings SA,NYSE,,,4902892282
MNSO,MINISO Group Holding Ltd.,NYSE,,,4894566032
RGTI,"Rigetti Computing, Inc.",NASDAQ,,,4875970278
SLMBP,SLM Corp.,NASDAQ,,,4872973134
EBC,"Eastern Bankshares, Inc.",NASDAQ,,,4871073486
IEP,Icahn Enterprises LP,NASDAQ,汽车部件与设备,,4861908070
PSMT,"PriceSmart, Inc.",NASDAQ,,,4851579842
PECO,"Phillips Edison & Co., Inc.",NASDAQ,,,4850966777
FBIN,"Fortune Brands Innovations, Inc.",NYSE,,,4838120884
OSIS,"OSI Systems, Inc.",NASDAQ,电子,,4832881392
MIR,"Mirion Technologies, Inc.",NYSE,,,4822493299
AIR,AAR Corp.,NYSE,,,4804716575
POST,"Post Holdings, Inc.",NYSE,食品,,4795995055
GHC,Graham Holdings Co.,NYSE,,,4792043608
SIGI,"Selective Insurance Group, Inc.",NASDAQ,保险,,4785720482
CSW,"CSW Industrials, Inc.",NYSE,,,4785260765
MAIN,Main Street Capital Corp,NYSE,投资公司,,4782764594
LGN,Legence Corp.,NASDAQ,,,4779432686
MRCY,"Mercury Systems, Inc.",NASDAQ,计算机,,4777164934
PBF,"PBF Energy, Inc.",NYSE,油气,,4776841764
KNF,Knife River Corp.,NYSE,,,4770728324
PFSI,"PennyMac Financial Services, Inc.",NYSE,,,4768656047
SDRL,Seadrill Ltd.,NYSE,油气,,4767676229
LANC,Lancaster Colony Corp.,NASDAQ,,,4763115080
NNI,"Nelnet, Inc.",NYSE,,,4761378396
PAM,Pampa Energ铆a SA,NYSE,,,4746656924
TNL,Travel + Leisure Co.,NYSE,,,4730995945
ALH,"Alliance Laundry Holdings, Inc. (United States)",NYSE,,,4720981600
BOOT,"Boot Barn Holdings, Inc.",NYSE,,,4719729839
EMAT,EMAT,NASDAQ,,,4705264225
GNTX,Gentex Corp.,NASDAQ,汽车制造,,4698105156
GPGI,"GPGI, Inc.",NYSE,,,4689313153
REYN,"Reynolds Consumer Products, Inc.",NASDAQ,,,4674117669
PAGP,Plains GP Holdings LP,NYSE,,,4668839985
HCC,"Warrior Met Coal, Inc.",NYSE,保险,,4664829560
LBTYB,Liberty Global Ltd.,NASDAQ,媒体内容,,4663599738
KBR,"KBR, Inc.",NYSE,工程建设,,4649368753
DNTH,"Dianthus Therapeutics, Inc.",NASDAQ,,,4648710191
MWA,"Mueller Water Products, Inc.",NYSE,金属构造/部件,,4643080086
AKO.B,Embotelladora Andina SA,NYSE,,,4633463229
UNF,UniFirst Corp.,NYSE,纺织品,,4633215008
MEOH,Methanex Corp.,NASDAQ,化学制品,,4630316980
MC,Moelis & Co.,NYSE,,,4629512675
LAUR,"Laureate Education, Inc.",NASDAQ,,,4609462975
RDN,Radian Group Inc.,NYSE,保险,,4607027033
KEN,Kenon Holdings Ltd.,NYSE,,,4594397268
SEI,"Solaris Energy Infrastructure, Inc.",NYSE,,,4584922514
OLED,Universal Display Corp.,NASDAQ,,,4578895228
EXLS,"ExlService Holdings, Inc.",NASDAQ,商业服务,,4577351205
MDU,"MDU Resources Group, Inc.",NYSE,,,4573132116
OS,"OneStream, Inc.",NASDAQ,,,4563472992
SPHR,Sphere Entertainment Co.,NYSE,,,4558471991
MTN,"Vail Resorts, Inc.",NYSE,娱乐,,4556398457
ASB,Associated Banc-Corp,NYSE,,,4543367252
FOLD,"Amicus Therapeutics, Inc.",NASDAQ,生物技术和制药,,4540450018
OPCH,"Option Care Health, Inc.",NASDAQ,,,4536991333
NTCO,Natura &Co Holding SA,NYSE,,,4535416118
BMI,"Badger Meter, Inc.",NYSE,,,4529859333
LOPE,"Grand Canyon Education, Inc.",NASDAQ,,,4519928076
PHI,"PLDT, Inc.",NYSE,电信,,4519886829
EOCC,Enel Generaci贸n Chile SA,NYSE,,,4513698994
KC,Kingsoft Cloud Holdings Ltd.,NASDAQ,,,4512709751
LPL,"LG Display Co., Ltd.",NYSE,电子,,4489999771
ESTC,Elastic NV,NYSE,,,4481593567
LBRT,"Liberty Energy, Inc.",NYSE,,,4477483527
ALK,"Alaska Air Group, Inc.",NYSE,航空公司,,4475751241
NOVT,"Novanta, Inc.",NASDAQ,,,4468678512
FFIN,"First Financial Bankshares, Inc.",NASDAQ,银行,,4463002967
CORT,"Corcept Therapeutics, Inc.",NASDAQ,制药,,4458135162
IBOC,International Bancshares Corp.,NASDAQ,银行,,4456898917
TCBI,"Texas Capital Bancshares, Inc.",NASDAQ,银行,,4456244336
SIM,Grupo SIMEC SAB de CV,NYSE,,,4449989877
FELE,"Franklin Electric Co., Inc.",NASDAQ,手工/机器工具,,4447880978
UUUU,"Energy Fuels, Inc.",NYSE,,,4445550308
WYND,Travel + Leisure Co.,NYSE,,,4443497035
MTH,Meritage Homes Corp.,NYSE,房屋建筑商,,4439047186
TBBB,"BBB Foods, Inc.",NYSE,,,4436142602
BFAM,"Bright Horizons Family Solutions, Inc.",NYSE,,,4433892572
HIMS,"Hims & Hers Health, Inc.",NYSE,,,4428850079
MAT,"Mattel, Inc.",NASDAQ,玩具/游戏/爱好,,4424208104
HLS,HealthSouth Corp.,NYSE,健康护理服务,,4423232596
ANF,Abercrombie & Fitch Co.,NYSE,零售,,4420118871
CAAP,Corporacion America Airports SA,NYSE,,,4417237289
HBHC,Hancock Holding Co.,NASDAQ,银行,,4405075746
TPC,Tutor Perini Corp.,NYSE,,,4385435415
CSAN,Cosan SA,NYSE,,,4385066832
LAZ,"Lazard, Inc.",NYSE,多元化金融服务,,4383620007
NYCB,"New York Community Bancorp, Inc.",NYSE,储蓄及贷款,,4380972074
SHC,Sotera Health Co.,NASDAQ,,,4380002820
SKY,"Champion Homes, Inc.",NYSE,房屋建筑商,,4375496053
SLGN,"Silgan Holdings, Inc.",NASDAQ,,,4373732950
WHD,"Cactus, Inc.",NYSE,,,4356647891
NWE,"NorthWestern Energy Group, Inc.",NYSE,,,4342449017
BCO,The Brink's Co.,NYSE,商业服务,,4342413456
COMM,"Vistance Networks, Inc.",NASDAQ,计算机硬件,,4337923666
SIMO,Silicon Motion Technology Corp.,NASDAQ,半导体,,4306070795
OSCR,"Oscar Health, Inc.",NYSE,,,4302458948
RDNT,"RadNet, Inc.",NASDAQ,健康护理服务,,4302040002
NVST,Envista Holdings Corp.,NYSE,,,4301064532
VVV,"Valvoline, Inc.",NYSE,,,4299455063
VISN,Vistance Networks,NASDAQ,媒体内容,,4277014232
AD,"Array Digital Infrastructure, Inc.",NYSE,,,4273739527
TDW,"Tidewater, Inc.",NYSE,,,4268279910
ONDS,"Ondas, Inc.",NASDAQ,,,4264927082
SLM,SLM Corp.,NASDAQ,,,4254379856
YSS,"York Space Systems, Inc.",NYSE,,,4251938972
DUOL,"Duolingo, Inc.",NASDAQ,,,4226934641
SHAK,"Shake Shack, Inc.",NYSE,,,4209908536
FHI,"Federated Hermes, Inc.",NYSE,,,4191658375
NHI,"National Health Investors, Inc.",NYSE,,,4190766134
ALHC,"Alignment Healthcare, Inc.",NASDAQ,,,4188078086
CRGY,Crescent Energy Co.,NYSE,,,4177449390
SKT,"Tanger, Inc.",NYSE,,,4175909681
ITRI,"Itron, Inc.",NASDAQ,,,4174482070
THO,"Thor Industries, Inc.",NYSE,,,4167176186
NG,"NovaGold Resources, Inc.",NYSE,,,4159639802
LMND,"Lemonade, Inc.",NYSE,,,4159078257
GLXY,"Galaxy Digital, Inc.",NASDAQ,,,4158719971
PVH,PVH Corp.,NYSE,零售,,4156937862
TAC,TransAlta Corp.,NYSE,电力,,4155200000
TFSL,TFS Financial Corp.,NASDAQ,储蓄及贷款,,4146835920
PONY,"Pony.ai, Inc.",NASDAQ,,,4144657610
CLNY,"Colony Capital, Inc.",NYSE,,,4140822923
OPEN,"Opendoor Technologies, Inc.",NASDAQ,互联网,,4139966165
FULT,Fulton Financial Corp.,NASDAQ,银行,,4135680176
CRNX,"Crinetics Pharmaceuticals, Inc.",NASDAQ,,,4129578071
WAY,Waystar Holding Corp.,NASDAQ,,,4121153992
ENPH,"Enphase Energy, Inc.",NASDAQ,能源-替代能源,,4109682254
FEYE,"FireEye, Inc.",NASDAQ,软件,,4100137091
AZZ,"AZZ, Inc.",NYSE,,,4095898891
EPR,EPR Properties,NYSE,房地产信托投资基金,,4088349874
PYCR,"Paycor HCM, Inc.",NASDAQ,,,4088050956
LGND,"Ligand Pharmaceuticals, Inc.",NASDAQ,生物技术,,4086338577
MMSI,"Merit Medical Systems, Inc.",NASDAQ,医疗保健产品,,4071592471
SKE,Skeena Resources Ltd.,NYSE,,,4069778099
UCB,"United Community Banks, Inc.",NYSE,,,4068060211
S,"SentinelOne, Inc.",NYSE,,,4062900861
ACIW,"ACI Worldwide, Inc.",NASDAQ,软件,,4057609940
LBTYA,Liberty Global Ltd.,NASDAQ,媒体,,4057197624
TREX,"Trex Co., Inc.",NYSE,,,4056866581
KLIC,"Kulicke & Soffa Industries, Inc.",NASDAQ,半导体,,4053211959
VSCO,Victoria's Secret & Co.,NYSE,,,4053122906
HAFN,Hafnia Ltd.,NYSE,,,4038232664
SYRE,"Spyre Therapeutics, Inc.",NASDAQ,,,4028325083
ACHR,"Archer Aviation, Inc.",NYSE,,,4020509764
CVCO,"Cavco Industries, Inc.",NASDAQ,,,4014849525
GPI,"Group 1 Automotive, Inc.",NYSE,零售,,4014593361
CSTM,Constellium SE,NYSE,,,4003467930
AMRX,"Amneal Pharmaceuticals, Inc.",NYSE,,,4000247648
USAC,USA Compression Partners LP,NYSE,机械-多元,,3996888224
NAMS,NewAmsterdam Pharma Co. NV,NASDAQ,,,3996545476
DAN,"Dana, Inc.",NYSE,汽车部件与设备,,3994430108
JBT,JBT Marel Corp.,NYSE,多元化制造商,,3990519384
TPH,"Tri Pointe Homes, Inc.",NYSE,,,3986046987
SAIC,Science Applications International Corp.,NYSE,,,3982419441
FTDR,"Frontdoor, Inc.",NASDAQ,,,3978282099
KTB,"Kontoor Brands, Inc.",NYSE,,,3973877720
AAUC,Allied Gold Corp. (Canada),NYSE,,,3969035237
SXT,Sensient Technologies Corp.,NYSE,化学制品,,3964080475
CNO,"CNO Financial Group, Inc.",NYSE,保险,,3959998156
BRC,Brady Corp.,NYSE,,,3956292668
HHC,The Howard Hughes Corp.,NYSE,,,3946102069
LBTYK,Liberty Global Ltd.,NASDAQ,媒体,,3943288129
ELY,Callaway Golf Co.,NYSE,休闲,,3941152938
ABG,"Asbury Automotive Group, Inc.",NYSE,零售,,3936327084
USLM,"United States Lime & Minerals, Inc.",NASDAQ,,,3922637272
EE,"Excelerate Energy, Inc.",NYSE,,,3921620144
ARMN,Aris Mining Corp.,NYSE,,,3916497485
STRZB,Starz,NASDAQ,,,3913377370
TMDX,"TransMedics Group, Inc.",NASDAQ,,,3910478958
MMED,"MiniMed Group, Inc.",NASDAQ,,,3908921826
CVLT,"Commvault Systems, Inc.",NASDAQ,软件,,3908004160
NNNN,Anbio Biotechnology,NASDAQ,,,3899451575
CBT,Cabot Corp.,NYSE,化学制品,,3896776159
QS,QuantumScape Corp.,NYSE,,,3896021023
MZTI,The Marzetti Co.,NASDAQ,,,3894071964
PATK,"Patrick Industries, Inc.",NASDAQ,,,3893876246
DOCS,"Doximity, Inc.",NYSE,,,3888123867
CGAU,"Centerra Gold, Inc.",NYSE,,,3883851254
PRMW,Primo Water Corp.,NASDAQ,饮料,,3883182704
MMYT,MakeMyTrip Ltd.,NASDAQ,媒体内容,,3877129524
JOE,The St. Joe Co.,NYSE,,,3876588664
LGF,Lions Gate Entertainment,NYSE,娱乐,,3870006610
DLO,dLocal Ltd.,NASDAQ,,,3869506717
INDB,Independent Bank Corp. (Massachusetts),NASDAQ,银行,,3867321643
CVSA,"Covista, Inc.",NYSE,,,3866335061
GPCR,"Structure Therapeutics, Inc.",NASDAQ,,,3861587053
STNG,"Scorpio Tankers, Inc.",NYSE,,,3856845593
IBKCO,IBERIABANK Corp.,NASDAQ,,,3849264320
ELF,"e.l.f. Beauty, Inc.",NYSE,,,3846072164
MIAX,"Miami International Holdings, Inc.",NYSE,,,3844779740
LRN,"Stride, Inc.",NYSE,商业服务,,3841167922
KAI,Kadant Inc.,NYSE,,,3837883044
DIOD,"Diodes, Inc.",NASDAQ,半导体,,3821765008
BANF,BancFirst Corp. (Oklahoma),NASDAQ,银行,,3819603101
PLUG,"Plug Power, Inc.",NASDAQ,,,3819437012
BNL,"Broadstone Net Lease, Inc.",NYSE,,,3816440006
BETA,"BETA Technologies, Inc.",NYSE,,,3816160148
NCR,NCR Corp.,NYSE,计算机,,3815571989
PTEN,"Patterson-UTI Energy, Inc.",NASDAQ,,,3814730832
CUZ,"Cousins Properties, Inc.",NYSE,,,3801508383
PLLL,Piedmont Lithium Ltd.,NASDAQ,,,3795690778
SKYW,"SkyWest, Inc.",NASDAQ,,,3789209433
OTTR,Otter Tail Corp.,NASDAQ,电力,,3787563915
HRB,"H&R Block, Inc.",NYSE,,,3777439887
YNDX,Nebius Group NV,NASDAQ,互联网,,3768994896
PNM,"PNM Resources, Inc.",NYSE,电力,,3767670081
SIG,Signet Jewelers Ltd.,NYSE,零售,,3751545570
PPTA,Perpetua Resources Corp.,NASDAQ,,,3740993815
BLLN,"BillionToOne, Inc.",NASDAQ,,,3729205877
INDV,"Indivior Pharmaceuticals, Inc.",NASDAQ,,,3723499885
SII,"Sprott, Inc.",NYSE,,,3712963431
AMSG,Amsurg Corp,NASDAQ,卫生保健设施,,3712941258
ACAD,"ACADIA Pharmaceuticals, Inc.",NASDAQ,生物技术和制药,,3706552848
GTX,"Garrett Motion, Inc.",NYSE,,,3700636006
STVN,Stevanato Group SpA,NYSE,,,3691010122
AKO.A,Embotelladora Andina SA,NYSE,饮料,,3685315090
LEU,Centrus Energy Corp.,NYSE,,,3681599883
AGO,Assured Guaranty Ltd.,NYSE,保险,,3676860957
GPOR,Gulfport Energy Corp.,NASDAQ,油气,,3674985922
RNST,Renasant Corp.,NASDAQ,银行,,3656686680
CDP,COPT Defense Properties,NYSE,,,3655334185
INSW,"International Seaways, Inc.",NYSE,,,3650717987
HGV,"Hilton Grand Vacations, Inc.",NYSE,,,3650148202
PJT,"PJT Partners, Inc.",NYSE,,,3649367586
LASR,"nLIGHT, Inc.",NASDAQ,,,3647078676
MRX,Marex Group Plc,NYSE,生物技术和制药,,3642132665
GFF,Griffon Corp.,NYSE,建筑材料,,3642025651
BBWI,"Bath & Body Works, Inc.",NYSE,,,3640530273
WHR,Whirlpool Corp.,NYSE,家具家饰,,3640218633
FOUR,"Shift4 Payments, Inc.",NYSE,,,3638779693
ASO,"Academy Sports & Outdoors, Inc.",NASDAQ,,,3629295910
MARA,"MARA Holdings, Inc.",NASDAQ,,,3627438384
INTR,"Inter & Co., Inc.",NASDAQ,,,3623647922
WSFS,WSFS Financial Corp.,NASDAQ,银行,,3617252908
ENVA,"Enova International, Inc.",NYSE,,,3615830871
IRDM,"Iridium Communications, Inc.",NASDAQ,电信,,3615554757
CMBT,CMB.TECH NV,NYSE,,,3615515009
WPP,WPP Plc,NYSE,,,3611830235
OII,"Oceaneering International, Inc.",NYSE,油气服务,,3610756080
KNSA,Kiniksa Pharmaceuticals International Plc,NASDAQ,,,3603285689
MMS,"MAXIMUS, Inc.",NYSE,,,3593659839
CALM,"Cal-Maine Foods, Inc.",NASDAQ,食品,,3592567058
WIX,Wix.com Ltd.,NASDAQ,,,3585243524
CATY,Cathay General Bancorp,NASDAQ,银行,,3580226108
TLX,Telix Pharmaceuticals Ltd.,NASDAQ,,,3570710084
AXTI,"AXT, Inc.",NASDAQ,半导体,,3567033987
ZETA,Zeta Global Holdings Corp.,NYSE,,,3566645712
HSAI,Hesai Group,NASDAQ,,,3560842477
RELY,"Remitly Global, Inc.",NASDAQ,,,3551633127
CNK,"Cinemark Holdings, Inc.",NYSE,娱乐,,3547291325
TCGL,TechCreate Group Ltd.,NYSE,,,3531553225
SMG,Scotts Miracle-Gro Co.,NYSE,家庭产品/用品,,3525334695
FII,"Federated Investors, Inc.",NYSE,,,3520784945
EWTX,"Edgewise Therapeutics, Inc.",NASDAQ,,,3520618466
USAR,"USA Rare Earth, Inc.",NASDAQ,,,3520315143
AB,AllianceBernstein Holding LP,NYSE,,,3509574364
AVNT,Avient Corp.,NYSE,,,3504231909
FBP,First BanCorp (Puerto Rico),NYSE,银行,,3503506738
FSLY,"Fastly, Inc.",NYSE,,,3502025954
VEON,VEON Ltd.,NASDAQ,,,3493387373
ZI,"ZoomInfo Technologies, Inc.",NASDAQ,,,3489062143
GEF.B,"Greif, Inc.",NYSE,,,3482634524
BHF,"Brighthouse Financial, Inc.",NASDAQ,,,3472790002
FUL,H.B. Fuller Co.,NYSE,化学制品,,3472474967
NTSK,"Netskope, Inc.",NASDAQ,,,3470725029
WSBC,"WesBanco, Inc.",NASDAQ,银行,,3465786123
HP,"Helmerich & Payne, Inc.",NYSE,油气,,3462780274
AVA,Avista Corp.,NYSE,电力,,3455910856
UCTT,"Ultra Clean Holdings, Inc.",NASDAQ,半导体,,3448599670
BTU,Peabody Energy Corp.,NYSE,煤炭,,3446684905
FIBK,"First Interstate BancSystem, Inc.",NASDAQ,银行,,3441055694
BKU,"BankUnited, Inc.",NYSE,银行,,3435977531
HRI,"Herc Holdings, Inc.",NYSE,,,3435801733
BILL,"Bill Holdings, Inc.",NYSE,,,3434916782
LIVN,LivaNova Plc,NASDAQ,,,3433429909
HYMC,Hycroft Mining Holding Corp.,NASDAQ,,,3414303300
CC,The Chemours Co.,NYSE,,,3409026645
ATGE,"Adtalem Global Education, Inc.",NYSE,,,3400467622
MTRN,Materion Corp.,NYSE,采矿,,3397690473
CTRI,"Centuri Holdings, Inc.",NYSE,,,3397451572
LQDA,Liquidia Corp.,NASDAQ,,,3396811171
ACLS,"Axcelis Technologies, Inc.",NASDAQ,半导体,,3391666873
MCHB,Mechanics Bancorp,NASDAQ,,,3385030585
ARLP,Alliance Resource Partners LP,NASDAQ,煤炭,,3381153090
WSC,WillScot Holdings Corp.,NYSE,保险,,3374743785
GNW,"Genworth Financial, Inc.",NYSE,保险,,3370562772
LEGN,Legend Biotech Corp.,NASDAQ,,,3358794539
GBDC,"Golub Capital BDC, Inc.",NASDAQ,,,3345630191
NIC,"Nicolet Bankshares, Inc.",NYSE,,,3344977326
SA,"Seabridge Gold, Inc.",NYSE,,,3344674609
HCACW,"Canoo, Inc.",NASDAQ,,,3343787816
BBAR,Banco BBVA Argentina SA,NYSE,,,3335185181
TR,"Tootsie Roll Industries, Inc.",NYSE,,,3325044618
UCBI,"United Community Banks, Inc.",NASDAQ,银行,,3316634981
IGT,International Game Technology PLC,NYSE,娱乐,,3307068468
ACXM,"Acxiom Holdings, Inc.",NASDAQ,软件,,3305214239
TOWN,TowneBank,NASDAQ,银行,,3304837881
VLYPO,Valley National Bancorp,NASDAQ,,,3304243924
GTLB,"GitLab, Inc.",NASDAQ,,,3303342013
OLN,Olin Corp.,NYSE,化学制品,,3296161308
AAP,"Advance Auto Parts, Inc.",NYSE,,,3293371474
DORM,"Dorman Products, Inc.",NASDAQ,汽车制造,,3292588297
KRC,Kilroy Realty Corp.,NYSE,,,3289700929
KAR,"OPENLANE, Inc.",NYSE,,,3281406909
CBU,"Community Financial System, Inc.",NYSE,银行,,3280981216
BFH,"Bread Financial Holdings, Inc.",NYSE,,,3271562379
PAGS,PagSeguro Digital Ltd.,NYSE,,,3261581082
BGSI,"Boyd Group Services, Inc.",NYSE,,,3257230716
SXI,Standex International Corp.,NYSE,,,3251213674
FIZZ,National Beverage Corp.,NASDAQ,饮料,,3249969897
CNS,"Cohen & Steers, Inc. (New York)",NYSE,,,3246038969
WBI,Waterbridge Infrastructure LLC,NYSE,,,3244397485
GEF,"Greif, Inc.",NYSE,,,3243261057
TGNA,"TEGNA, Inc.",NYSE,,,3243011542
PAH,Platform Specialty Products Corp.,NYSE,化学制品,,3240826302
KBH,KB Home,NYSE,房屋建筑商,,3230159904
VERA,"Vera Therapeutics, Inc.",NASDAQ,,,3229994077
BKD,"Brookdale Senior Living, Inc.",NYSE,卫生保健设施,,3222087242
EXPO,"Exponent, Inc.",NASDAQ,,,3219756276
DNN,Denison Mines Corp.,NYSE,,,3218296947
SEAS,"SeaWorld Entertainment, Inc.",NYSE,,,3216384811
SWI,SolarWinds Corp.,NYSE,软件,,3201198345
FSM,Fortuna Mining Corp.,NYSE,采矿,,3199124514
MHO,"M/I Homes, Inc.",NYSE,房屋建筑商,,3198288112
CLNS,"Colony NorthStar, Inc.",NYSE,,,3184643944
ZIM,ZIM Integrated Shipping Services Ltd.,NYSE,,,3180509452
FRPT,"Freshpet, Inc.",NASDAQ,,,3178905219
SUNC,SunocoCorp LLC,NYSE,,,3173975031
SBCF,Seacoast Banking Corp. of Florida,NASDAQ,银行,,3170923824
EURN,Euronav NV,NYSE,,,3167676475
ACMR,"ACM Research, Inc.",NASDAQ,,,3159525424
LION,Lionsgate Studios Corp.,NASDAQ,银行,,3157237030
CPK,Chesapeake Utilities Corp.,NYSE,天然气,,3156984130
OPLN,"OPENLANE, Inc.",NYSE,,,3155964786
BATRA,"Atlanta Braves Holdings, Inc.",NASDAQ,,,3149340580
ANDG,"Andersen Group, Inc.",NYSE,,,3149212905
PFHC,ProFrac Holding Corp.,NASDAQ,,,3143599318
ICUI,"ICU Medical, Inc.",NASDAQ,,,3141043331
KFY,Korn Ferry,NYSE,,,3140725313
VTMX,Corporaci贸n Inmobiliaria Vesta SAB de CV,NYSE,,,3139925300
HAYW,"Hayward Holdings, Inc.",NYSE,,,3129981023
PII,Polaris Inc.,NYSE,休闲,,3124631002
BXS,BancorpSouth Bank,NYSE,银行,,3123373384
BOH,Bank of Hawaii Corp.,NYSE,银行,,3120042456
PRK,Park National Corp.,NYSE,银行,,3119524046
NAVN,"Navan, Inc.",NASDAQ,,,3116959481
AWR,American States Water Co.,NYSE,,,3114631043
VLYPP,Valley National Bancorp,NASDAQ,,,3110447209
PARR,"Par Pacific Holdings, Inc.",NYSE,,,3105279879
CWK,Cushman & Wakefield Ltd.,NYSE,,,3097278869
HWKN,"Hawkins, Inc.",NASDAQ,化学制品,,3095600101
TARS,"Tarsus Pharmaceuticals, Inc.",NASDAQ,,,3087971516
ZGN,Ermenegildo Zegna NV,NYSE,,,3087447065
CALX,"Calix, Inc.",NYSE,电信,,3083811262
DYN,"Dyne Therapeutics, Inc.",NYSE,,,3082706633
CVI,"CVR Energy, Inc.",NYSE,,,3081262821
NIQ,NIQ Global Intelligence Plc,NYSE,,,3076850184
FFBC,First Financial Bancorp (Ohio),NASDAQ,银行,,3073785209
HG,Hamilton Insurance Group Ltd.,NYSE,,,3069882113
FRMI,"Fermi, Inc.",NASDAQ,,,3067319705
LCII,LCI Industries,NYSE,,,3066643726
PAY,"Paymentus Holdings, Inc.",NYSE,计算机硬件,,3062431873
IAC,"IAC, Inc.",NASDAQ,,,3058766798
VSH,"Vishay Intertechnology, Inc.",NYSE,电子,,3058284537
BWIN,"Baldwin Insurance Group, Inc.",NASDAQ,,,3055719613
LIF,"Life360, Inc.",NASDAQ,,,3055566881
AEO,"American Eagle Outfitters, Inc.",NYSE,,,3053479794
CPRX,"Catalyst Pharmaceuticals, Inc.",NASDAQ,制药,,3045769732
MANU,Manchester United Plc,NYSE,娱乐,,3041741899
BKV,BKV Corp.,NYSE,,,3041492175
POWI,"Power Integrations, Inc.",NASDAQ,半导体,,3026632943
CCC,"CCC Intelligent Solutions Holdings, Inc.",NYSE,化学制品,,3023723849
FTREV,"Fortrea Holdings, Inc.",NASDAQ,,,3013285851
ATS,ATS Corp.,NYSE,,,3009333444
MNDY,monday.com Ltd.,NASDAQ,,,3008768012
CHFC,Chemical Financial Corp.,NASDAQ,银行,,3008330126
ARQT,"Arcutis Biotherapeutics, Inc.",NASDAQ,,,3002848065
JOYY,"JOYY, Inc.",NASDAQ,,,3001077591
COLM,Columbia Sportswear Co.,NASDAQ,服饰,,2997649780
TRMD,TORM Plc,NASDAQ,运输,,2994255975
GEN,"Gen Digital, Inc.",NYSE,,,2993911131
NSAM,"NorthStar Asset Management Group, Inc.",NYSE,,,2992887261
BSM,Black Stone Minerals LP,NYSE,,,2989659789
BELFB,"Bel Fuse, Inc.",NASDAQ,,,2983472845
IPAR,"Interparfums, Inc.",NASDAQ,,,2982676005
WK,"Workiva, Inc.",NYSE,,,2975861837
ADEA,"Adeia, Inc.",NASDAQ,,,2974609372
SFNC,Simmons First National Corp.,NASDAQ,银行,,2973705708
TTAM,Titan America SA,NYSE,,,2970079424
MGEE,"MGE Energy, Inc.",NASDAQ,,,2968486298
APAM,"Artisan Partners Asset Management, Inc.",NYSE,,,2967182350
JW.B,"John Wiley & Sons, Inc.",NYSE,,,2962658987
KMT,"Kennametal, Inc.",NYSE,手工/机器工具,,2960322875
BOX,"Box, Inc.",NYSE,,,2958667662
JW.A,"John Wiley & Sons, Inc.",NYSE,媒体内容,,2954302346
ORKA,"Oruka Therapeutics, Inc.",NASDAQ,,,2951753620
DBD,"Diebold Nixdorf, Inc.",NYSE,计算机,,2951119610
CAKE,"Cheesecake Factory, Inc.",NASDAQ,,,2949165072
MLHR,"Herman Miller, Inc.",NASDAQ,,,2949109074
APLE,"Apple Hospitality REIT, Inc.",NYSE,,,2945850141
NMIH,"NMI Holdings, Inc.",NASDAQ,,,2940397415
HOVNP,"Hovnanian Enterprises, Inc.",NASDAQ,,,2939951812
SMR,NuScale Power Corp.,NYSE,,,2937990012
ALMS,"Alumis, Inc.",NASDAQ,,,2931944529
GBTG,"Global Business Travel Group, Inc.",NYSE,,,2930720291
CEIX,"CONSOL Energy, Inc.",NYSE,,,2927982776
PLBL,Polibeli Group Ltd.,NASDAQ,,,2927435801
CLMT,"Calumet, Inc.",NASDAQ,,,2920031141
SUPN,"Supernus Pharmaceuticals, Inc.",NASDAQ,生物技术和制药,,2918241030
COCO,"The Vita Coco Co., Inc.",NASDAQ,商业服务,,2911190823
CURB,Curbline Properties Corp.,NYSE,,,2904416046
GRBK,"Green Brick Partners, Inc.",NASDAQ,,,2903622553
ITGR,Integer Holdings Corp.,NYSE,,,2899705636
UBSH,Union Bankshares Corp.,NASDAQ,银行,,2894845969
WDFC,WD-40 Co.,NASDAQ,家庭产品/用品,,2886203417
ESGRP,Enstar Group Ltd.,NASDAQ,,,2881925178
BCC,Boise Cascade Co.,NYSE,,,2874599826
PFS,"Provident Financial Services, Inc.",NYSE,储蓄及贷款,,2873416897
MSGE,Madison Square Garden Entertainment Corp.,NYSE,,,2864749727
QTWO,"Q2 Holdings, Inc.",NYSE,软件,,2862488936
GPK,Graphic Packaging Holding Co.,NYSE,包装容器,,2859814651
SYNA,"Synaptics, Inc.",NASDAQ,计算机硬件,,2858255004
TNGX,"Tango Therapeutics, Inc.",NASDAQ,,,2846642686
FBK,FB Financial Corp.,NYSE,,,2846212072
DBRG,"DigitalBridge Group, Inc.",NYSE,,,2838531027
FSK,FS KKR Capital Corp.,NYSE,,,2837072998
ADS,Alliance Data Systems Corp.,NYSE,媒体内容,,2837054598
ARX,Accelerant Holdings,NYSE,,,2836983097
BANC,"Banc of California, Inc.",NASDAQ,银行,,2835673170
BATRK,"Atlanta Braves Holdings, Inc.",NASDAQ,,,2833765039
BELFA,"Bel Fuse, Inc.",NASDAQ,电子,,2824762529
BKE,"The Buckle, Inc.",NYSE,零售,,2824736750
CON,"Concentra Group Holdings Parent, Inc.",NYSE,,,2818164931
RNG,"RingCentral, Inc.",NYSE,,,2815590544
NOG,"Northern Oil & Gas, Inc.",NYSE,油气,,2815280056
DHT,"DHT Holdings, Inc.",NYSE,运输,,2811786835
LCID,"Lucid Group, Inc.",NASDAQ,,,2811530780
UNFI,"United Natural Foods, Inc.",NASDAQ,,,2810385891
PRVA,"Privia Health Group, Inc.",NASDAQ,,,2810230930
CWT,California Water Service Group,NYSE,,,2809088637
MGRC,McGrath RentCorp,NASDAQ,商业服务,,2808436195
RCUS,"Arcus Biosciences, Inc.",NYSE,,,2800307313
CVBF,CVB Financial Corp.,NASDAQ,银行,,2794452820
BEAM,"Beam Therapeutics, Inc.",NYSE,饮料,,2793916831
HNGE,"Hinge Health, Inc.",NYSE,,,2789005998
EXK,Endeavour Silver Corp.,NYSE,采矿,,2785808547
WU,The Western Union Co.,NYSE,,,2783146033
YETI,"YETI Holdings, Inc.",NYSE,,,2777199621
SHOO,Steven Madden Ltd.,NASDAQ,服饰,,2772611240
DRD,DRDGOLD Ltd.,NYSE,采矿,,2771335718
IHS,IHS Holding Ltd.,NYSE,,,2764694718
TRN,"Trinity Industries, Inc.",NYSE,,,2762454190
KD,"Kyndryl Holdings, Inc.",NYSE,,,2757219055
BBU,Brookfield Business Partners LP,NYSE,,,2757085863
CLBT,Cellebrite DI Ltd.,NASDAQ,,,2751320938
HTGC,"Hercules Capital, Inc.",NYSE,私募股权投资,,2746246748
PHIN,"PHINIA, Inc.",NYSE,,,2746010293
SOUN,"SoundHound AI, Inc.",NASDAQ,,,2740530580
SLG,SL Green Realty Corp.,NYSE,,,2729017882
BHFAP,"Brighthouse Financial, Inc.",NASDAQ,,,2727360612
DX,"Dynex Capital, Inc.",NYSE,,,2725493020
INFQ,"Infleqtion, Inc.",NYSE,,,2725381594
ESGRO,Enstar Group Ltd.,NASDAQ,,,2724170009
WOR,"Worthington Enterprises, Inc.",NYSE,,,2718765306
QLYS,"Qualys, Inc.",NASDAQ,软件,,2718505452
SLNO,"Soleno Therapeutics, Inc.",NASDAQ,,,2716991385
ELVN,"Enliven Therapeutics, Inc.",NASDAQ,,,2710154382
HE,"Hawaiian Electric Industries, Inc.",NYSE,电力,,2710141440
BWLP,BW LPG Ltd.,NYSE,,,2709891061
SBLK,Star Bulk Carriers Corp.,NASDAQ,,,2701277934
MODG,Topgolf Callaway Brands Corp.,NYSE,,,2699412053
CRVL,CorVel Corp.,NASDAQ,,,2699314124
EEFT,"Euronet Worldwide, Inc.",NASDAQ,,,2695330836
HYH,"Halyard Health, Inc.",NYSE,,,2691696686
SAM,"Boston Beer Co., Inc.",NYSE,饮料,,2686914082
HRG,"HRG Group, Inc.",NYSE,控股公司-多元经营,,2686814614
PBH,"Prestige Consumer Healthcare, Inc.",NYSE,家庭产品/用品,,2675874145
TVTX,"Travere Therapeutics, Inc.",NASDAQ,,,2675029584
BBT,Beacon Financial Corp.,NYSE,银行,,2673777967
UPST,"Upstart Holdings, Inc.",NASDAQ,,,2673150406
SPNT,SiriusPoint Ltd.,NYSE,,,2670887992
RLAY,"Relay Therapeutics, Inc.",NASDAQ,,,2670163511
CVB,Lehman ABS 7.75% CorTS Kinder Deb-Bkd Series 2002-6,NYSE,,,2669000002
DKL,Delek Logistics Partners LP,NYSE,油气,,2667054984
TGB,Taseko Mines Ltd.,NYSE,采矿,,2665465650
HAE,Haemonetics Corp.,NYSE,医疗保健产品,,2663737768
KYIV,Kyivstar Group Ltd.,NASDAQ,,,2659549054
HCM,HUTCHMED (China) Ltd.,NASDAQ,,,2658373114
DW,Drew Industries Inc,NYSE,,,2653286966
NGVT,Ingevity Corp.,NYSE,,,2650495984
PLAB,"Photronics, Inc.",NASDAQ,半导体,,2647591181
RXO,"RXO, Inc.",NYSE,,,2645261913
TRMK,Trustmark Corp.,NASDAQ,银行,,2643936077
UE,Urban Edge Properties,NYSE,,,2639129900
MFS,"Manitowoc Food Service, Inc. When Issued",NYSE,,,2635958122
CHEF,"The Chefs' Warehouse, Inc.",NASDAQ,食品,,2630931608
LMAT,"LeMaitre Vascular, Inc.",NASDAQ,,,2610856030
EFXT,Enerflex Ltd.,NYSE,,,2608994115
UAA,"Under Armour, Inc.",NYSE,,,2606446757
FRME,First Merchants Corp. (Indiana),NASDAQ,银行,,2600789971
DJT,Trump Media & Technology Group Corp.,NASDAQ,,,2598507096
BTDR,Bitdeer Technologies Group,NASDAQ,,,2592547779
UNIT,"Uniti Group, Inc.",NASDAQ,,,2591553774
ATRO,Astronics Corp.,NASDAQ,航空航天/国防,,2587252910
ASH,"Ashland, Inc.",NYSE,化学制品,,2581913904
BULL,Webull Corp.,NASDAQ,,,2580611910
ETOR,eToro Group Ltd.,NASDAQ,,,2570233474
MANE,"Veradermics, Inc.",NYSE,,,2569012066
AYA,AMAYA INC,NASDAQ,,,2568287811
CALY,Callaway Golf Co.,NASDAQ,,,2565862741
CLSK,"CleanSpark, Inc.",NASDAQ,,,2562644115
TNK,Teekay Tankers Ltd.,NYSE,,,2562260002
UA,"Under Armour, Inc.",NYSE,服饰,,2555340000
WRBY,"Warby Parker, Inc.",NYSE,,,2549362680
HOG,"Harley-Davidson, Inc.",NYSE,汽车制造,,2549074091
RLX,"RLX Technology, Inc.",NYSE,,,2546546934
SVM,"Silvercorp Metals, Inc.",NYSE,采矿,,2539696996
ANDE,"The Andersons, Inc.",NASDAQ,农业,,2537663352
FLNC,"Fluence Energy, Inc.",NASDAQ,,,2534628013
CUBI,"Customers Bancorp, Inc.",NASDAQ,银行,,2531358681
IRON,"Disc Medicine, Inc.",NASDAQ,,,2530775499
CEPU,Central Puerto SA,NYSE,,,2529509899
CXT,Crane NXT Co.,NYSE,,,2524736083
VC,Visteon Corp.,NYSE,汽车部件与设备,,2521031684
GRDN,"Guardian Pharmacy Services, Inc.",NYSE,,,2518935919
WRD,"WeRide, Inc.",NYSE,,,2517648562
DAVE,"Dave, Inc.",NASDAQ,,,2514085115
HNI,HNI Corp.,NYSE,,,2513992216
MH,"McGraw Hill, Inc.",NYSE,,,2513579961
IVT,InvenTrust Properties Corp.,NYSE,,,2498807579
HTO,H2O America,NASDAQ,,,2496564917
DK,"Delek US Holdings, Inc.",NYSE,油气,,2496403593
LFST,"Lifestance Health Group, Inc.",NASDAQ,,,2494612517
CDLR,Cadeler A/S,NYSE,,,2490427496
CLDX,"Celldex Therapeutics, Inc.",NASDAQ,生物技术,,2479621924
OSW,OneSpaWorld Holdings Ltd.,NASDAQ,,,2472368096
HIW,"Highwoods Properties, Inc.",NYSE,,,2472009008
VCYT,"Veracyte, Inc.",NASDAQ,,,2470362508
TBBK,"The Bancorp, Inc. (Delaware)",NASDAQ,银行,,2469182951
WAFD,"WaFd, Inc.",NASDAQ,银行,,2468592958
AMBP,Ardagh Metal Packaging SA,NYSE,,,2462522156
AMR,"Alpha Metallurgical Resources, Inc.",NASDAQ,,,2460185989
KN,Knowles Corp.,NYSE,,,2452990790
IMNM,"Immunome, Inc.",NASDAQ,,,2451596019
TALO,"Talos Energy, Inc.",NYSE,,,2448518299
FBNC,First Bancorp (North Carolina),NASDAQ,银行,,2429020072
ARCB,ArcBest Corp.,NASDAQ,,,2418649110
VECO,"Veeco Instruments, Inc.",NASDAQ,半导体,,2418095055
BCRX,"BioCryst Pharmaceuticals, Inc.",NASDAQ,生物技术,,2397654032
ACHC,"Acadia Healthcare Co., Inc.",NASDAQ,健康护理服务,,2387368053
RHI,"Robert Half, Inc.",NYSE,商业服务,,2385977445
DXPE,"DXP Enterprises, Inc.",NASDAQ,,,2383590990
HUBG,"Hub Group, Inc.",NASDAQ,运输,,2383152359
HUN,Huntsman Corp.,NYSE,化学制品,,2374773931
VRNS,"Varonis Systems, Inc.",NASDAQ,,,2371270135
CPRI,Capri Holdings Ltd.,NYSE,,,2368937518
AUO,AU Optronics Corp.,NYSE,计算机硬件,,2367564323
FIGS,"FIGS, Inc.",NYSE,,,2365882719
RH,RH,NYSE,零售,,2365246089
AAPG,"Ascentage Pharma Group International Co., Ltd.",NASDAQ,,,2364059987
AMPX,"Amprius Technologies, Inc.",NYSE,,,2359466914
BW,"Babcock & Wilcox Enterprises, Inc.",NYSE,,,2358864887
HLIO,"Helios Technologies, Inc.",NASDAQ,,,2354908928
NBTB,"NBT Bancorp, Inc.",NASDAQ,银行,,2348755605
PAHC,Phibro Animal Health Corp.,NASDAQ,生物技术和制药,,2346554684
XRAY,"Dentsply Sirona, Inc.",NASDAQ,医疗保健产品,,2339064697
AMGP,Antero Midstream GP LP,NYSE,,,2335397489
EXTR,"Extreme Networks, Inc.",NASDAQ,电信,,2332262022
VAC,Marriott Vacations Worldwide Corp.,NYSE,娱乐,,2331489893
ZLAB,Zai Lab Ltd.,NASDAQ,,,2330004881
CENT,Central Garden & Pet Co.,NASDAQ,,,2327557048
GEO,"The GEO Group, Inc.",NYSE,,,2326359060
TDC,Teradata Corp.,NYSE,计算机,,2324520396
NTCT,"NetScout Systems, Inc.",NASDAQ,计算机,,2322605995
NESR,National Energy Services Reunited Corp.,NASDAQ,,,2318331092
CCU,Compa帽铆a Cervecer铆as Unidas SA,NYSE,饮料,,2316783000
XXI,"Twenty One Capital, Inc.",NYSE,,,2314490026
KALU,Kaiser Aluminum Corp.,NASDAQ,,,2312743873
BTE,Baytex Energy Corp.,NYSE,油气,,2311990931
AMBA,"Ambarella, Inc.",NASDAQ,半导体,,2311176980
HTFL,"HeartFlow, Inc.",NASDAQ,,,2311171536
NWN,Northwest Natural Holding Co.,NYSE,天然气,,2310949774
ADMA,"ADMA Biologics, Inc.",NASDAQ,,,2310143952
BUSE,First Busey Corp.,NASDAQ,银行,,2299686071
OGN,Organon & Co.,NYSE,,,2298586984
ABM,"ABM Industries, Inc.",NYSE,,,2296242973
MCW,"Mister Car Wash, Inc.",NYSE,,,2292783887
CECO,CECO Environmental Corp.,NASDAQ,商业服务,,2291171751
RARE,"Ultragenyx Pharmaceutical, Inc.",NASDAQ,,,2290791174
MLCO,Melco Resorts & Entertainment Ltd.,NASDAQ,,,2290239046
ATKR,"Atkore, Inc.",NYSE,,,2289305905
SAH,"Sonic Automotive, Inc.",NYSE,,,2283205948
CSGS,"CSG Systems International, Inc.",NASDAQ,,,2281294984
AERO,Grupo Aerom茅xico SAB de CV,NYSE,,,2274634169
DNOW,"DNOW, Inc.",NYSE,,,2270089459
MTX,"Minerals Technologies, Inc.",NYSE,化学制品,,2265628238
VNET,"VNET Group, Inc.",NASDAQ,互联网,,2265197888
BRSL,Brightstar Lottery Plc,NYSE,,,2260475852
BFR,BBVA Banco Franc茅s SA,NYSE,银行,,2258671947
BB,BlackBerry Ltd.,NYSE,,,2257468366
PK,"Park Hotels & Resorts, Inc.",NYSE,,,2254073960
BHE,"Benchmark Electronics, Inc.",NYSE,,,2247024024
NTB,The Bank of N.T. Butterfield & Son Ltd.,NYSE,,,2240800018
HTH,"Hilltop Holdings, Inc.",NYSE,保险,,2238276364
SLDE,"Slide Insurance Holdings, Inc.",NASDAQ,,,2237749002
NYAX,Nayax Ltd. (Israel),NASDAQ,,,2236707843
STUB,"Stubhub Holdings, Inc.",NYSE,,,2236660219
GRND,"Grindr, Inc.",NYSE,,,2236583984
SRPT,"Sarepta Therapeutics, Inc.",NASDAQ,生物技术和制药,,2223683022
NKTR,Nektar Therapeutics,NASDAQ,生物技术和制药,,2223317132
ITCB,Banco Itau Chile,NYSE,,,2219621048
DAWN,"Day One Biopharmaceuticals, Inc.",NASDAQ,,,2217801355
AEHR,Aehr Test Systems,NASDAQ,半导体,,2215252689
PUYI,"Puyi, Inc.",NASDAQ,,,2213429013
AAMI,"Acadian Asset Management, Inc.",NYSE,,,2212298647
PRDO,Perdoceo Education Corp.,NASDAQ,,,2210485929
VGNT,Versigent Plc,NYSE,,,2207597389
PRSC,"ModivCare, Inc.",NASDAQ,,,2206689804
KWR,Quaker Houghton,NYSE,化学制品,,2203288260
VRRM,Verra Mobility Corp.,NASDAQ,,,2202644018
NVTS,Navitas Semiconductor Corp.,NASDAQ,,,2201762969
PTRN,"Pattern Group, Inc.",NASDAQ,,,2198973929
MLYS,"Mineralys Therapeutics, Inc.",NASDAQ,,,2194870579
DDR,DDR Corp.,NYSE,,,2189100730
FMC,FMC Corp.,NYSE,化学制品,,2182035921
GEL,Genesis Energy LP,NYSE,管道,,2181089438
RSI,"Rush Street Interactive, Inc.",NYSE,,,2175961019
CDEV,"Centennial Resource Development, Inc.",NASDAQ,,,2172151490
RUM,"Rumble, Inc.",NASDAQ,,,2171800594
ARR,"ARMOUR Residential REIT, Inc.",NYSE,,,2169301134
TSRA,Tessera Technologies,NASDAQ,半导体,,2169269691
BANR,Banner Corp.,NASDAQ,银行,,2167488854
BLBD,Blue Bird Corp.,NASDAQ,,,2162241970
BRP,"Baldwin Insurance Group, Inc.",NASDAQ,,,2160188141
WB,Weibo Corp.,NASDAQ,媒体内容,,2156910820
ALG,"Alamo Group, Inc.",NYSE,,,2152513022
BRZE,"Braze, Inc.",NASDAQ,,,2152121799
PLUS,"ePlus, Inc.",NASDAQ,互联网,,2148091012
DFTX,"Definium Therapeutics, Inc.",NASDAQ,,,2146500786
OAS,"Oasis Petroleum, Inc.",NYSE,,,2145305593
PQG,"PQ Group Holdings, Inc.",NYSE,,,2142867575
SSW,Seaspan Corp.,NYSE,运输,,2137719533
EFSC,Enterprise Financial Services Corp.,NASDAQ,银行,,2131991640
ZIONZ,Zions Bancorporation,NASDAQ,银行,,2130663029
MNR,Mach Natural Resources LP,NYSE,房地产信托投资基金,,2127967376
CIXX,CI Financial Corp.,NYSE,,,2127381212
AXL,"American Axle & Manufacturing Holdings, Inc.",NYSE,汽车制造,,2121012000
IE,"Ivanhoe Electric, Inc.",NYSE,,,2115759933
FRSH,"Freshworks, Inc.",NASDAQ,,,2106112055
ROG,Rogers Corp.,NYSE,,,2103878631
SYBT,"Stock Yards Bancorp, Inc.",NASDAQ,银行,,2101210878
BPFHP,"Boston Private Financial Holdings, Inc.",NASDAQ,,,2099537430
DCO,"Ducommun, Inc.",NYSE,,,2098022793
MBFIP,"MB Financial, Inc.",NASDAQ,,,2097280000
AUPH,"Aurinia Pharmaceuticals, Inc.",NASDAQ,,,2095622659
ATHM,"Autohome, Inc.",NYSE,,,2094299955
XMTR,"Xometry, Inc.",NASDAQ,,,2094224966
DAC,Danaos Corp.,NYSE,,,2093763633
WTTR,"Select Water Solutions, Inc.",NYSE,,,2093059239
BHC,"Bausch Health Cos., Inc.",NYSE,,,2091396063
NYLD,"NRG Yield, Inc.",NYSE,,,2087282389
DRH,DiamondRock Hospitality Co.,NYSE,,,2083334059
VVX,"V2X, Inc.",NYSE,,,2078838081
NN,"NextNav, Inc.",NASDAQ,,,2078510753
CMRE,"Costamare, Inc.",NYSE,,,2076537917
NSIT,"Insight Enterprises, Inc.",NASDAQ,,,2069084290
CASH,"Pathward Financial, Inc.",NASDAQ,,,2065591423
CENTA,Central Garden & Pet Co.,NASDAQ,,,2064166096
BOFI,"BofI Holding, Inc.",NASDAQ,储蓄及贷款,,2062393265
MBFIO,"MB Financial, Inc.",NASDAQ,,,2060367827
FLOC,"Flowco Holdings, Inc.",NYSE,,,2058794078
GNL,"Global Net Lease, Inc.",NYSE,,,2055371846
NEOG,Neogen Corp.,NASDAQ,,,2050480016
NYLD.A,"NRG Yield, Inc.",NYSE,,,2050463252
AGRO,Adecoagro SA,NYSE,农业,,2050254616
IMAX,IMAX Corp.,NYSE,电子,,2043095696
PENN,"PENN Entertainment, Inc.",NASDAQ,,,2036580663
GT,Goodyear Tire & Rubber Co.,NASDAQ,汽车制造,,2034271972
FUN,Six Flags Entertainment Corp.,NYSE,娱乐,,2033631622
STOK,"Stoke Therapeutics, Inc.",NASDAQ,,,2030646729
SEM,Select Medical Holdings Corp.,NYSE,健康护理服务,,2030179773
SKWD,"Skyward Specialty Insurance Group, Inc.",NASDAQ,,,2029827003
GTY,Getty Realty Corp.,NYSE,房地产信托投资基金,,2025387742
DGII,"Digi International, Inc.",NASDAQ,软件,,2025360909
BLX,Banco Latinoamericano de Comercio Exterior SA,NYSE,银行,,2023834021
SEZL,"Sezzle, Inc.",NASDAQ,,,2018129068
HURN,"Huron Consulting Group, Inc.",NASDAQ,,,1998819963
NCNO,"nCino, Inc.",NASDAQ,,,1998631091
NEXT,NextDecade Corp.,NASDAQ,,,1997572680
FDP,"Fresh Del Monte Produce, Inc.",NYSE,,,1987265015
NWBI,"Northwest Bancshares, Inc. (Pennsylvania)",NASDAQ,银行,,1983310652
COT,Cott Corp. (Canada),NYSE,饮料,,1978955962
LTC,"LTC Properties, Inc.",NYSE,房地产信托投资基金,,1977322932
NMM,Navios Maritime Partners LP,NYSE,,,1974527529
HTZ,"Hertz Global Holdings, Inc.",NYSE,商业服务,,1974119052
WLY,"John Wiley & Sons, Inc.",NYSE,,,1973369235
STC,Stewart Information Services Corp.,NYSE,保险,,1970476118
NTST,NetSTREIT Corp.,NYSE,,,1970357067
CXW,"CoreCivic, Inc.",NYSE,商业服务,,1969825004
ADPT,Adaptive Biotechnologies Corp.,NYSE,,,1969423993
GCMG,"GCM Grosvenor, Inc.",NASDAQ,,,1968074511
PAX,Patria Investments Ltd.,NASDAQ,,,1963057942
AHG,Akso Health Group,NASDAQ,,,1961852968
UTI,"Universal Technical Institute, Inc.",NYSE,,,1957629704
CDNL,"Cardinal Infrastructure Group, Inc.",NASDAQ,,,1956014822
WLYB,"John Wiley & Sons, Inc.",NYSE,,,1950273848
TGLS,"Tecnoglass, Inc.",NASDAQ,,,1950117004
DXC,DXC Technology Co.,NYSE,,,1942054077
AVPT,"AvePoint, Inc.",NASDAQ,,,1941468771
ZYME,"Zymeworks, Inc.",NYSE,,,1941089634
WERN,"Werner Enterprises, Inc.",NASDAQ,运输,,1939985661
HCI,"HCI Group, Inc.",NYSE,保险,,1939178983
EVCM,"EverCommerce, Inc.",NASDAQ,,,1939030223
SOC,Sable Offshore Corp.,NYSE,,,1934787341
AGIO,"Agios Pharmaceuticals, Inc.",NASDAQ,,,1928853899
SPSC,"SPS Commerce, Inc.",NASDAQ,软件,,1923760444
FCF,First Commonwealth Financial Corp. (Pennsylvania),NYSE,银行,,1914320955
ECO,Okeanis Eco Tankers Corp.,NYSE,,,1913969006
COTY,"Coty, Inc.",NYSE,,,1909613866
EOSE,"Eos Energy Enterprises, Inc.",NASDAQ,,,1907620497
FA,First Advantage Corp.,NASDAQ,,,1905308002
TYRA,"Tyra Biosciences, Inc.",NASDAQ,,,1899354384
XPRO,Expro Group Holdings NV,NYSE,,,1898747057
EMBCV,Embecta Corp.,NASDAQ,,,1897710314
VET,"Vermilion Energy, Inc.",NYSE,,,1892233940
CLBK,"Columbia Financial, Inc.",NASDAQ,,,1890789983
IOSP,"Innospec, Inc.",NASDAQ,化学制品,,1883212824
PSNY,Polestar Automotive Holding UK Plc,NASDAQ,,,1880608997
EPAC,Enerpac Tool Group Corp.,NYSE,,,1880294782
TMC,"TMC the metals co., Inc.",NASDAQ,,,1880036798
CHA,Chagee Holdings Ltd.,NASDAQ,,,1875203480
GRAL,"GRAIL, Inc.",NASDAQ,,,1871754279
GLOB,Globant SA,NYSE,,,1867947520
NBHC,National Bank Holdings Corp.,NYSE,控股公司-多元经营,,1865463856
CMPR,Cimpress Plc,NASDAQ,,,1862674152
FORTY,Formula Systems (1985) Ltd.,NASDAQ,软件,,1860005796
AMEH,"Apollo Medical Holdings, Inc.",NASDAQ,,,1855248005
MXL,"MaxLinear, Inc.",NYSE,半导体,,1852359527
TENB,"Tenable Holdings, Inc.",NASDAQ,,,1842797113
BPRAP,"Brookfield Property REIT, Inc.",NASDAQ,,,1838336303
STRA,"Strategic Education, Inc.",NASDAQ,,,1835942137
SPB,"Spectrum Brands Holdings, Inc.",NYSE,,,1833632225
KMPR,Kemper Corp.,NYSE,保险,,1830298947
AORT,"Artivion, Inc.",NYSE,,,1824904268
SJW,SJW Group,NYSE,,,1824289005
CHCO,City Holding Co.,NASDAQ,银行,,1822857514
PVLA,"Palvella Therapeutics, Inc.",NASDAQ,,,1819552371
INVX,"Innovex International, Inc.",NYSE,,,1817623438
OFG,OFG Bancorp,NYSE,银行,,1815478206
BORR,Borr Drilling Ltd.,NYSE,,,1815436372
GRC,The Gorman-Rupp Co.,NYSE,机械-多元,,1811113032
SHO,"Sunstone Hotel Investors, Inc.",NYSE,,,1806294437
SEMR,"SEMrush Holdings, Inc.",NYSE,,,1802452880
SRCE,1st Source Corp.,NASDAQ,银行,,1797511194
AMSC,American Superconductor Corp.,NASDAQ,电力组件与设备,,1795458960
CAPR,"Capricor Therapeutics, Inc.",NASDAQ,,,1794331731
ARCO,"Arcos Dorados Holdings, Inc.",NYSE,零售,,1790635984
IMKTA,"Ingles Markets, Inc.",NASDAQ,食品,,1786231136
HMN,Horace Mann Educators Corp.,NYSE,保险,,1785655475
RNW,ReNew Energy Global Plc,NASDAQ,,,1784568363
RDW,Redwire Corp.,NYSE,,,1783454989
MD,"Pediatrix Medical Group, Inc.",NYSE,卫生保健设施,,1781896694
WMK,"Weis Markets, Inc.",NYSE,,,1781363485
VRE,"Veris Residential, Inc.",NYSE,,,1773538448
SMA,"SmartStop Self Storage REIT, Inc.",NYSE,,,1770532476
EZPW,"EZCORP, Inc.",NASDAQ,零售,,1770093390
DSW,"DSW, Inc.",NYSE,,,1765513567
ESTA,"Establishment Labs Holdings, Inc.",NASDAQ,,,1764821680
JBLU,JetBlue Airways Corp.,NASDAQ,航空公司,,1763369472
THR,"Thermon Group Holdings, Inc.",NYSE,油气服务,,1763279835
COHU,"Cohu, Inc.",NASDAQ,半导体,,1761188828
ANIP,"ANI Pharmaceuticals, Inc.",NASDAQ,,,1760673361
BRBR,"BellRing Brands, Inc.",NYSE,,,1760215567
VOYG,"Voyager Technologies, Inc.",NYSE,,,1759629602
INVA,"Innoviva, Inc.",NASDAQ,,,1759460378
MCRI,"Monarch Casino & Resort, Inc.",NASDAQ,住宿,,1758742016
TY,Tri-Continental Corp.,NYSE,股权,,1755846253
RVLV,"Revolve Group, Inc.",NYSE,,,1754316955
POLY,"Plantronics, Inc.",NASDAQ,,,1751835173
AGYS,"Agilysys, Inc.",NASDAQ,软件,,1748051842
WGS,GeneDx Holdings Corp.,NASDAQ,,,1746194588
PHVS,Pharvaris NV,NASDAQ,,,1741810245
BCEI,"Bonanza Creek Energy, Inc.",NYSE,,,1731179362
CCS,"Century Communities, Inc.",NYSE,,,1731078953
FIHL,Fidelis Insurance Holdings Ltd.,NYSE,,,1730687283
RXRX,"Recursion Pharmaceuticals, Inc.",NASDAQ,,,1729865415
MGNI,"Magnite, Inc.",NASDAQ,,,1729484931
GLTO,"Galecto, Inc.",NASDAQ,,,1728288501
VERX,"Vertex, Inc.",NASDAQ,,,1727534032
ALKT,"Alkami Technology, Inc.",NASDAQ,,,1726183701
ATEN,"A10 Networks, Inc.",NYSE,软件,,1721375136
ADUS,Addus HomeCare Corp.,NASDAQ,健康护理服务,,1719127722
BOWL,Bowlero Corp.,NYSE,,,1717420764
EVTC,"EVERTEC, Inc.",NYSE,,,1717359039
AGM,Federal Agricultural Mortgage Corp.,NYSE,,,1717140155
VCEL,Vericel Corp.,NASDAQ,,,1716394891
TSLX,"Sixth Street Specialty Lending, Inc.",NYSE,,,1716053925
SID,Companhia Siderurgica Nacional,NYSE,钢铁,,1710661091
FLO,"Flowers Foods, Inc.",NYSE,食品,,1705127924
SION,"Sionna Therapeutics, Inc.",NASDAQ,,,1704976959
BGCP,"BGC Partners, Inc.",NASDAQ,,,1702765936
LC,LendingClub Corp.,NYSE,,,1701217485
PUMP,ProPetro Holding Corp.,NASDAQ,,,1695792769
TRVI,"Trevi Therapeutics, Inc.",NASDAQ,,,1693559951
OMAM,OM Asset Management Plc,NYSE,,,1689492527
HLMN,Hillman Solutions Corp.,NASDAQ,,,1682818229
SLVM,Sylvamo Corp.,NYSE,,,1681601143
NGL,NGL Energy Partners LP,NYSE,,,1676445468
HRMY,"Harmony Biosciences Holdings, Inc.",NASDAQ,,,1671788833
CLI,Mack-Cali Realty Corp.,NYSE,,,1668863869
AXGN,"AxoGen, Inc.",NASDAQ,,,1658649869
NRIX,"Nurix Therapeutics, Inc.",NASDAQ,,,1657595253
LILAK,Liberty Latin America Ltd.,NASDAQ,,,1656827897
SHI,"Sinopec Shanghai Petrochemical Co., Ltd.",NYSE,化学制品,,1656613787
QFIN,"Qfin Holdings, Inc.",NYSE,,,1655564272
GABC,"German American Bancorp, Inc.",NASDAQ,银行,,1655202993
SGML,Sigma Lithium Corp.,NASDAQ,,,1654334043
ZD,"Ziff Davis, Inc.",NASDAQ,,,1654236047
AHCO,AdaptHealth Corp.,NASDAQ,,,1654083005
NWL,"Newell Brands, Inc.",NYSE,家用器具,,1652969078
ATEC,"Alphatec Holdings, Inc.",NASDAQ,医疗保健产品,,1649787100
OI,"O-I Glass, Inc.",NYSE,,,1649340835
CTOS,"Custom Truck One Source, Inc.",NYSE,,,1645304050
MQ,"Marqeta, Inc.",NASDAQ,,,1644765743
TNET,"TriNet Group, Inc.",NYSE,,,1637970896
INTA,"Intapp, Inc.",NASDAQ,,,1637662289
ESV,Ensco Rowan Plc,NYSE,,,1633624911
PBI,"Pitney Bowes, Inc.",NYSE,计算机硬件,,1633464505
RAPP,"Rapport Therapeutics, Inc.",NASDAQ,,,1633084911
GMLPP,Golar LNG Partners LP,NASDAQ,,,1631574138
GCT,"GigaCloud Technology, Inc.",NASDAQ,,,1631152797
LU,Lufax Holding Ltd.,NYSE,,,1629375109
LILA,Liberty Latin America Ltd.,NASDAQ,,,1626813023
RAMP,"LiveRamp Holdings, Inc.",NYSE,,,1625466020
AIN,Albany International Corp.,NYSE,,,1621903905
DEI,"Douglas Emmett, Inc.",NYSE,房地产信托投资基金,,1621034050
NVRI,Enviri Corp.,NYSE,,,1617700426
SYRG,Synergy Resources Corp,NYSE,油气,,1617432523
TCBK,TriCo Bancshares,NASDAQ,银行,,1616212285
TPB,"Turning Point Brands, Inc.",NYSE,,,1616110683
ECPG,"Encore Capital Group, Inc.",NASDAQ,多元化金融服务,,1614976899
GBX,"Greenbrier Cos., Inc.",NYSE,,,1613447724
SBLKZ,Star Bulk Carriers Corp.,NASDAQ,,,1610119506
BFC,Bank First Corp.,NASDAQ,,,1609009021
RAPT,"Rapt Therapeutics, Inc.",NASDAQ,,,1607784748
HIMX,"Himax Technologies, Inc.",NASDAQ,半导体,,1606463006
STBA,"S&T Bancorp, Inc.",NASDAQ,银行,,1605418026
WD,"Walker & Dunlop, Inc.",NYSE,银行,,1605414950
CYD,China Yuchai International Ltd.,NYSE,,,1605033769
PAYO,"Payoneer Global, Inc.",NASDAQ,,,1599746521
ADNT,Adient plc,NYSE,,,1599725268
NUVB,"Nuvation Bio, Inc.",NYSE,,,1598947496
NTLA,"Intellia Therapeutics, Inc.",NASDAQ,,,1593621509
CNXC,Concentrix Corp.,NYSE,,,1593446054
STGW,"Stagwell, Inc.",NASDAQ,,,1589147509
WINA,Winmark Corp.,NASDAQ,零售,,1588732688
TILE,"Interface, Inc.",NASDAQ,,,1588685330
LKFN,Lakeland Financial Corp. (Indiana),NASDAQ,银行,,1586658058
QUBT,"Quantum Computing, Inc.",NASDAQ,,,1585239990
TV,Grupo Televisa SAB,NYSE,媒体内容,,1584824009
DCOM,"Dime Community Bancshares, Inc.",NASDAQ,银行,,1584562999
NRP,Natural Resource Partners LP,NYSE,,,1583424234
OCS,Oculis Holding AG,NASDAQ,,,1582974949
FLNG,FLEX LNG Ltd.,NYSE,,,1581660974
TIC,"TIC Solutions, Inc.",NYSE,,,1581246774
BBAI,"BigBear.ai Holdings, Inc.",NYSE,,,1580507804
ALGT,Allegiant Travel Co.,NASDAQ,,,1578809313
LWLG,"Lightwave Logic, Inc.",NASDAQ,,,1577609950
HLF,Herbalife Ltd.,NYSE,,,1574931953
BLKB,"Blackbaud, Inc.",NASDAQ,软件,,1574139798
IMCR,Immunocore Holdings Plc,NASDAQ,,,1574081667
CTS,CTS Corp.,NYSE,电子,,1574030246
CNXN,"PC Connection, Inc.",NASDAQ,,,1573992973
HOPE,"Hope Bancorp, Inc.",NASDAQ,,,1570281366
VCO,Vi帽a Concha y Toro SA,NYSE,饮料,,1569459581
NEXA,Nexa Resources SA,NYSE,,,1569397591
JJSF,J&J Snack Foods Corp.,NASDAQ,,,1568291838
KARO,Karooooo Ltd.,NASDAQ,,,1567834975
SONO,"Sonos, Inc.",NASDAQ,,,1567718394
KRP,Kimbell Royalty Partners LP,NYSE,,,1564376406
EFC,"Ellington Financial, Inc.",NYSE,,,1564345024
OMCL,"Omnicell, Inc.",NASDAQ,软件,,1562995717
GLP,Global Partners LP,NYSE,销售/批发,,1562436044
GTM,"ZoomInfo Technologies, Inc.",NASDAQ,,,1558829251
INSP,"Inspire Medical Systems, Inc.",NASDAQ,媒体内容,,1555630537
UFPT,"UFP Technologies, Inc.",NASDAQ,,,1552301625
BAMR,Brookfield Asset Management Reinsurance Partners Ltd.,NYSE,,,1550720658
PDFS,"PDF Solutions, Inc.",NASDAQ,软件,,1548956304
PICS,PicS NV,NASDAQ,,,1545979428
SNDA,"Sonida Senior Living, Inc.",NYSE,互联网,,1543902072
ECVT,"Ecovyst, Inc.",NYSE,,,1540464407
GZT,Gazit-Globe Ltd.,NYSE,,,1537890205
VRDN,"Viridian Therapeutics, Inc.",NASDAQ,,,1527988217
PLPC,Preformed Line Products Co.,NASDAQ,,,1527671860
HBNB,Hotel101 Global Holdings Corp.,NASDAQ,,,1525502842
NSSC,"Napco Security Technologies, Inc.",NASDAQ,电子,,1524649851
IOVA,"Iovance Biotherapeutics, Inc.",NASDAQ,,,1524257966
KOS,Kosmos Energy Ltd.,NYSE,油气,,1524009960
QCRH,"QCR Holdings, Inc.",NASDAQ,银行,,1520124041
ALEX,"Alexander & Baldwin, Inc.",NYSE,,,1518725014
YELP,"Yelp, Inc.",NYSE,媒体内容,,1515302944
BY,"Byline Bancorp, Inc.",NYSE,,,1511331078
KW,"Kennedy-Wilson Holdings, Inc.",NYSE,房地产,,1509262943
TLTD,FlexShares Morningstar Developed Markets ex-US Factor Tilt,NASDAQ,股权,,1507478005
INT,World Fuel Services Corp.,NYSE,零售,,1507253023
ARI,"Apollo Commercial Real Estate Finance, Inc.",NYSE,房地产信托投资基金,,1506974983
BAK,Braskem SA,NYSE,化学制品,,1506269989
DV,"DoubleVerify Holdings, Inc.",NYSE,商业服务,,1501668703
RCAT,"Red Cat Holdings, Inc.",NASDAQ,,,1498486497
PRGO,Perrigo Co. Plc,NASDAQ,制药,,1494871915
DOLE,Dole Plc,NYSE,食品,,1493132958
RCII,"Rent-A-Center, Inc.",NASDAQ,,,1492426033
KSS,Kohl's Corp.,NYSE,,,1490207720
WBTN,"WEBTOON Entertainment, Inc.",NASDAQ,,,1484328932
CBZ,"CBIZ, Inc.",NYSE,商业服务,,1481621025
GAM,"General American Investors Co., Inc.",NYSE,股权,,1480213990
MNMD,"Definium Therapeutics, Inc.",NASDAQ,,,1479609416
LPG,Dorian LPG Ltd.,NYSE,,,1479373950
TFIN,"Triumph Financial, Inc.",NASDAQ,,,1475939620
MBX,"MBX Biosciences, Inc.",NASDAQ,,,1472817533
PGEN,"Precigen, Inc.",NASDAQ,,,1472342947
NBTX,Nanobiotix SA,NASDAQ,,,1471323987
RES,"RPC, Inc.",NYSE,油气服务,,1467251935
XHR,"Xenia Hotels & Resorts, Inc.",NYSE,,,1463018911
RBCAA,"Republic Bancorp, Inc. (Kentucky)",NASDAQ,银行,,1462268851
PRLB,"Proto Labs, Inc.",NYSE,多元化制造商,,1460858800
ASGN,ASGN Incorporated,NYSE,商业服务,,1458715987
REX,REX American Resources Corp.,NYSE,能源-替代能源,,1456176483
GLIBK,"GCI Liberty, Inc.",NASDAQ,,,1455404043
GENB,"Generate Biomedicines, Inc.",NASDAQ,,,1454206774
VTOL,"Bristow Group, Inc.",NYSE,,,1452836083
RYI,Ryerson Holding Corp.,NYSE,,,1449537006
TROX,Tronox Holdings Plc,NYSE,化学制品,,1448378010
BOBS,"Bob鈥檚 Discount Furniture, Inc.",NYSE,,,1447074416
SFL,SFL Corp. Ltd.,NYSE,,,1441720020
GSHD,"Goosehead Insurance, Inc.",NASDAQ,,,1441573628
IMOS,"ChipMOS Technologies, Inc.",NASDAQ,半导体,,1441102037
TH,Target Hospitality Corp.,NASDAQ,,,1439634697
IIPR,"Innovative Industrial Properties, Inc.",NYSE,,,1434929013
QSII,"Quality Systems, Inc.",NASDAQ,软件,,1434547872
SNHY,Sun Hydraulics Corp.,NASDAQ,,,1431228547
IAUX,i-80 Gold Corp.,NYSE,,,1429679955
ATRC,"AtriCure, Inc.",NASDAQ,医疗保健产品,,1429420607
RLGY,Realogy Holdings Corp.,NYSE,房地产,,1427350950
TUYA,"Tuya, Inc.",NYSE,,,1424729541
PWP,Perella Weinberg Partners,NASDAQ,,,1423444029
AESI,"Atlas Energy Solutions, Inc.",NYSE,,,1420176464
DCH,Dauch Corp.,NYSE,,,1415746006
SKYT,"Skywater Technology, Inc.",NASDAQ,,,1414734263
TRS,TriMas Corp.,NASDAQ,多元化制造商,,1413854039
LAC,Lithium Americas Corp.,NYSE,,,1413794385
CNOB,"ConnectOne Bancorp, Inc.",NASDAQ,,,1413688050
HLX,"Helix Energy Solutions Group, Inc.",NYSE,油气服务,,1408150701
ENOV,Enovis Corp.,NYSE,,,1405103459
OLMA,"Olema Pharmaceuticals, Inc.",NASDAQ,,,1403227105
ASTE,"Astec Industries, Inc.",NASDAQ,,,1403143817
ARLO,"Arlo Technologies, Inc.",NYSE,,,1401943046
FLYW,Flywire Corp.,NASDAQ,,,1401121736
NOMD,Nomad Foods Ltd.,NYSE,,,1400968818
GLUE,"Monte Rosa Therapeutics, Inc.",NASDAQ,,,1398673823
IMTX,Immatics NV,NASDAQ,,,1398627037
AMRC,"Ameresco, Inc.",NYSE,电力,,1396033907
TNC,Tennant Co.,NYSE,机械-多元,,1395575438
CDRE,"Cadre Holdings, Inc.",NYSE,,,1395022380
KDK,"Kodiak AI, Inc.",NASDAQ,,,1394723109
CLVT,Clarivate Plc,NYSE,,,1393529655
WWW,"Wolverine World Wide, Inc.",NYSE,,,1392857154
DQ,Daqo New Energy Corp.,NYSE,化学制品,,1388074052
OBK,"Origin Bancorp, Inc.",NYSE,,,1387961992
BRAI,Braiin Ltd.,NASDAQ,,,1385599999
BCAX,"Bicara Therapeutics, Inc.",NASDAQ,,,1382667066
LZB,"La-Z-Boy, Inc.",NYSE,家具家饰,,1382402874
BHVN,Biohaven Ltd.,NYSE,,,1379356767
AGM.A,Federal Agricultural Mortgage Corp.,NYSE,,,1378619484
WLFC,Willis Lease Finance Corp.,NASDAQ,,,1377502022
GSL,"Global Ship Lease, Inc.",NYSE,,,1376386984
CSWC,Capital Southwest Corp,NASDAQ,投资公司,,1373498912
MUX,"McEwen, Inc.",NYSE,采矿,,1369792060
HCSG,"Healthcare Services Group, Inc.",NASDAQ,,,1369515157
ASTH,"Astrana Health, Inc.",NASDAQ,,,1366878162
LEG,"Leggett & Platt, Inc.",NYSE,,,1362394740
AAPGV,"Ascentage Pharma Group International Co., Ltd.",NASDAQ,,,1362137934
OLPX,"Olaplex Holdings, Inc.",NASDAQ,,,1356857405
AFYA,Afya Ltd.,NASDAQ,,,1354305925
PBY,Pep Boys-Manny Moe & Jack,NYSE,,,1353475550
AVAH,"Aveanna Healthcare Holdings, Inc.",NASDAQ,,,1352912440
XZO,"Exzeo Group, Inc.",NYSE,,,1351883987
LOMA,Loma Negra Compa帽铆a Industrial Argentina SA,NYSE,,,1349013092
ARDT,"Ardent Health, Inc.",NYSE,,,1345099450
RHLD,"Resolute Holdings Management, Inc.",NASDAQ,,,1344571151
CXM,"Sprinklr, Inc.",NYSE,生物技术,,1343867487
DMLP,Dorchester Minerals LP,NASDAQ,,,1343431735
CLNC,"Colony Credit Real Estate, Inc.",NYSE,,,1339148795
HROW,"Harrow, Inc.",NASDAQ,,,1337663312
GILT,Gilat Satellite Networks Ltd.,NASDAQ,计算机硬件,,1336589924
SBH,"Sally Beauty Holdings, Inc.",NYSE,,,1335811413
UVV,Universal Corp.,NYSE,农业,,1331662025
UMH,"UMH Properties, Inc.",NYSE,,,1330502261
MAZE,"Maze Therapeutics, Inc.",NASDAQ,,,1326724109
SYX,"Systemax, Inc.",NYSE,零售,,1326203515
OPRA,Opera Ltd.,NASDAQ,,,1325737567
ATU,Actuant Corp.,NYSE,汽车制造,,1323942535
NVAX,"Novavax, Inc.",NASDAQ,生物技术和制药,,1323039855
ENVX,Enovix Corp.,NASDAQ,,,1322896885
FOR,"Forestar Group, Inc.",NYSE,,,1322175981
ATAI,"Atai Beckley, Inc.",NASDAQ,软件,,1322101226
CBL,"CBL & Associates Properties, Inc.",NYSE,房地产信托投资基金,,1322050995
HCXY,"Hercules Capital, Inc.",NYSE,,,1320789391
IPXL,"Impax Laboratories, Inc.",NASDAQ,制药,,1314078604
TNDM,"Tandem Diabetes Care, Inc.",NASDAQ,,,1313911018
WEN,The Wendy's Co.,NASDAQ,,,1312311975
TICCL,TICC Capital Corp.,NASDAQ,,,1310150769
CRI,"Carter's, Inc.",NYSE,,,1309887041
STAA,STAAR Surgical Co.,NASDAQ,医疗保健产品,,1309117110
SPH,Suburban Propane Partners LP,NYSE,油气,,1308719971
PRCT,PROCEPT BioRobotics Corp.,NASDAQ,,,1308252590
OXSQL,Oxford Square Capital Corp.,NASDAQ,,,1303458392
WABC,Westamerica Bancorporation,NASDAQ,银行,,1301873716
ASA,ASA Gold & Precious Metals Ltd.,NYSE,环球,,1300139626
ASAN,"Asana, Inc.",NYSE,,,1299960871
OUST,"Ouster, Inc.",NYSE,,,1299414607
IRS,IRSA Inversiones y Representaciones SA,NYSE,,,1296270985
LINC,Lincoln Educational Services Corp.,NASDAQ,商业服务,,1295122360
ELE,Elemental Royalty Corp.,NASDAQ,,,1291568007
TSHA,"Taysha Gene Therapies, Inc.",NASDAQ,,,1289841718
KEEL,Keel Infrastructure Corp.,NASDAQ,,,1289837072
MLTX,MoonLake Immunotherapeutics,NASDAQ,,,1288232426
NVGS,Navigator Holdings Ltd.,NYSE,,,1288043987
MCG,"Membership Collective Group, Inc.",NYSE,,,1286652988
TEGP,Tallgrass Energy GP LP,NYSE,,,1285494877
SBET,"Sharplink, Inc.",NASDAQ,,,1285493778
ENR,"Energizer Holdings, Inc.",NYSE,电力组件与设备,,1284474010
DLX,Deluxe Corp.,NYSE,商业服务,,1284453224
FSIC,FS Investment Corp.,NYSE,,,1281865842
HSLV,Highlander Silver Corp.,NYSE,,,1278673128
STPK,Star Peak Energy Transition Corp.,NYSE,,,1275899769
DFH,"Dream Finders Homes, Inc.",NASDAQ,,,1275232611
ZBIO,"Zenas BioPharma, Inc.",NASDAQ,,,1274864173
PSEC,Prospect Capital Corp.,NASDAQ,投资公司,,1274590500
GIC,Global Industrial Co.,NYSE,,,1273097481
XPEL,"XPEL, Inc.",NASDAQ,,,1271724979
PLSE,"Pulse Biosciences, Inc.",NASDAQ,,,1269355998
SCSS,Select Comfort Corporation,NASDAQ,家具家饰,,1269031498
NPKI,"NPK International, Inc.",NYSE,,,1268747974
RYZ,Ryerson Holding Corp.,NYSE,,,1268533968
FUBO,"FuboTV, Inc.",NYSE,,,1268110329
FMSA,"Fairmount Santrol Holdings, Inc.",NYSE,,,1267410442
ALX,"Alexander's, Inc.",NYSE,房地产信托投资基金,,1263543515
BKSY,"Blacksky Technology, Inc.",NYSE,,,1263002927
DSGR,"Distribution Solutions Group, Inc.",NASDAQ,,,1262902000
ASAI,Sendas Distribuidora SA,NYSE,,,1262856335
EDN,Empresa Distribuidora y Comercializadora Norte SA,NYSE,,,1262733912
LADR,Ladder Capital Corp.,NYSE,,,1258340041
PRA,ProAssurance Corp.,NYSE,保险,,1258195829
TRIN,"Trinity Capital, Inc.",NASDAQ,,,1257604675
AMAL,Amalgamated Financial Corp.,NASDAQ,,,1256711053
FINV,FinVolution Group,NYSE,,,1254398559
TRIP,"TripAdvisor, Inc.",NASDAQ,互联网,,1253127011
SVV,"Savers Value Village, Inc.",NYSE,,,1252858245
MAN,"ManpowerGroup, Inc.",NYSE,,,1251966019
UAN,CVR Partners LP,NYSE,化学制品,,1251762113
CCB,Coastal Financial Corp. (Washington),NASDAQ,,,1248655839
LIND,"Lindblad Expeditions Holdings, Inc.",NASDAQ,,,1248270954
GIII,G-III Apparel Group Ltd.,NASDAQ,,,1247537204
IDT,IDT Corp.,NYSE,,,1245536249
DFIN,"Donnelley Financial Solutions, Inc.",NYSE,,,1245479065
ALNT,"Allient, Inc.",NASDAQ,,,1239767976
RTRX,"Travere Therapeutics, Inc.",NASDAQ,生物技术和制药,,1238006635
GOLD,"Gold.com, Inc.",NASDAQ,采矿,,1237484642
ICFI,"ICF International, Inc.",NASDAQ,,,1234360120
PEBO,"Peoples Bancorp, Inc. (Ohio)",NASDAQ,银行,,1232322304
PTNR,Partner Communications Co. Ltd.,NASDAQ,,,1225748536
ADTN,"ADTRAN Holdings, Inc.",NASDAQ,计算机硬件,,1217736016
TMP,Tompkins Financial Corp.,NYSE,银行,,1215141045
BHLB,"Berkshire Hills Bancorp, Inc.",NYSE,银行,,1212168492
NAT,Nordic American Tankers Ltd.,NYSE,,,1211213748
RTPY,Reinvent Technology Partners Y,NASDAQ,,,1210878067
SBE,"ChargePoint Holdings, Inc.",NYSE,,,1210530821
DEC,Diversified Energy Co.,NYSE,,,1208257680
PHAR,Pharming Group NV,NASDAQ,,,1206985191
IQ,"iQIYI, Inc.",NASDAQ,,,1206280919
AI,"C3.ai, Inc.",NYSE,多元化金融服务,,1203010965
UAMY,United States Antimony Corp.,NYSE,采矿,,1198589336
WKC,World Kinect Corp.,NYSE,,,1198390039
LAR,Lithium Argentina AG,NYSE,,,1196938871
PDS,Precision Drilling Corp.,NYSE,油气,,1194300751
IRMD,IRadimed Corp.,NASDAQ,,,1193891684
BITF,Bitfarms Ltd. (Canada),NASDAQ,,,1193645011
LGVW,"Butterfly Network, Inc.",NYSE,,,1192837461
ROCK,"Gibraltar Industries, Inc.",NASDAQ,建筑材料,,1191776016
SCL,Stepan Co.,NYSE,化学制品,,1189656578
MTGEP,MTGE Investment Corp.,NASDAQ,,,1188458135
PLTK,Playtika Holding Corp.,NASDAQ,,,1187316421
TIGR,UP Fintech Holding Ltd.,NASDAQ,软件,,1187166017
ASM,Avino Silver & Gold Mines Ltd.,NYSE,采矿,,1186741995
EYPT,EyePoint Plc,NASDAQ,,,1183899335
JKS,"JinkoSolar Holding Co., Ltd.",NYSE,能源-替代能源,,1183357393
CCO,"Clear Channel Outdoor Holdings, Inc.",NYSE,广告,,1181416581
KODK,Eastman Kodak Co.,NYSE,计算机硬件,,1180087578
VIA,"Via Renewables, Inc.",NASDAQ,媒体内容,,1179557749
PRG,"PROG Holdings, Inc.",NYSE,,,1178116626
NBR,Nabors Industries Ltd.,NYSE,,,1177083400
PZZA,"Papa John's International, Inc.",NASDAQ,,,1171909144
SHLS,"Shoals Technologies Group, Inc.",NASDAQ,,,1171047007
LUCK,Lucky Strike Entertainment Corp.,NYSE,,,1170488658
PENG,"Penguin Solutions, Inc.",NASDAQ,,,1168207657
LSPD,"Lightspeed Commerce, Inc.",NYSE,,,1162938990
DAO,"Youdao, Inc.",NYSE,,,1162213132
FMBH,"First Mid Bancshares, Inc.",NASDAQ,,,1160148985
INOD,"Innodata, Inc.",NASDAQ,,,1159993345
HVBT,Hive Blockchain Technologies Ltd.,NASDAQ,,,1159736465
PX,"P10, Inc.",NYSE,化学制品,,1159558992
SVRA,"Savara, Inc.",NASDAQ,,,1158361413
WLDN,"Willdan Group, Inc.",NASDAQ,,,1157351742
USPH,"U.S. Physical Therapy, Inc.",NYSE,健康护理服务,,1156573593
TWO,Two Harbors Investment Corp.,NYSE,,,1155878051
REAL,"The RealReal, Inc.",NASDAQ,,,1152943331
LNN,Lindsay Corp.,NYSE,机械-多元,,1145289292
GTN.A,"Gray Media, Inc.",NYSE,媒体内容,,1144990279
TASR,TASER International,NASDAQ,电子,,1144975780
TTI,"TETRA Technologies, Inc.",NYSE,油气服务,,1144589919
MRTN,Marten Transport Ltd.,NASDAQ,,,1143063800
SSRI,Silver Standard Resources Inc,NASDAQ,采矿,,1142305330
ORIC,"Oric Pharmaceuticals, Inc.",NASDAQ,,,1136874956
VZLA,Vizsla Silver Corp.,NYSE,,,1135870999
AGBK,"AGI, Inc. (Brazil)",NYSE,,,1135503482
GLDD,Great Lakes Dredge & Dock Corp.,NASDAQ,,,1135273566
MPLT,"MapLight Therapeutics, Inc.",NASDAQ,,,1134322975
SENEA,Seneca Foods Corp.,NASDAQ,食品,,1132225041
ALVO,Alvotech,NASDAQ,,,1129614966
OPY,"Oppenheimer Holdings, Inc.",NYSE,多元化金融服务,,1125439580
FNFV,Fidelity National Financial Inc,NYSE,,,1125407827
AVBP,"Arrivent BioPharma, Inc.",NASDAQ,,,1125373256
HGTY,"Hagerty, Inc.",NYSE,,,1123859991
GGPI,"Gores Guggenheim, Inc.",NASDAQ,,,1122999954
HFWA,Heritage Financial Corp. (Washington),NASDAQ,银行,,1122878999
WOLF,"Wolfspeed, Inc.",NASDAQ,,,1122422955
PRGS,Progress Software Corp.,NASDAQ,软件,,1121394994
CRML,Critical Metals Corp.,NASDAQ,,,1119646718
SENEB,Seneca Foods Corp.,NASDAQ,食品,,1116390595
MBNAA,Mercantil Bank Holding Corp.,NASDAQ,,,1115451211
CIM,Chimera Investment Corp.,NYSE,房地产信托投资基金,,1114257719
NMFX,New Mountain Finance Corp.,NYSE,,,1113914947
INNV,InnovAge Holding Corp.,NASDAQ,,,1112735636
MTU,"Mitsubishi UFJ Financial Group, Inc.",NYSE,银行,,1111401783
BV,"BrightView Holdings, Inc.",NASDAQ,互联网,,1109675975
CNMD,CONMED Corp.,NASDAQ,,,1107479809
JCAP,"Jefferson Capital, Inc.",NASDAQ,,,1107135784
IGIC,International General Insurance Holdings Ltd.,NASDAQ,,,1106614436
MCB,Metropolitan Bank Holding Corp.,NYSE,,,1104421043
OSBC,"Old Second Bancorp, Inc.",NASDAQ,银行,,1103420968
INBX,"Inhibrx Biosciences, Inc.",NASDAQ,,,1099471551
BH.A,"Biglari Holdings, Inc.",NYSE,,,1097878529
SAFT,"Safety Insurance Group, Inc.",NASDAQ,保险,,1097767872
ARRY,"Array Technologies, Inc.",NASDAQ,制药,,1095796971
IVA,Inventiva SA,NASDAQ,,,1092228575
PJC,Piper Jaffray Cos.,NYSE,,,1087394343
GCVRZ,Sanofi,NASDAQ,制药,,1086348768
UTZ,"UTZ Brands, Inc.",NYSE,,,1085536445
GOOS,"Canada Goose Holdings, Inc.",NYSE,,,1084924783
ATNF,180 Life Sciences Corp.,NASDAQ,,,1084384317
PPHMP,"Peregrine Pharmaceuticals, Inc.",NASDAQ,,,1083712697
OCFC,OceanFirst Financial Corp.,NASDAQ,储蓄及贷款,,1083176052
IPX,IperionX Ltd.,NASDAQ,,,1082295779
NNE,"NANO Nuclear Energy, Inc.",NASDAQ,,,1081247016
SAFE,"Safehold, Inc.",NYSE,,,1079535983
POET,"POET Technologies, Inc.",NASDAQ,,,1075086997
HLIT,"Harmonic, Inc.",NASDAQ,计算机硬件,,1074862971
PCT,"Purecycle Technologies, Inc.",NASDAQ,,,1073508013
APEI,"American Public Education, Inc.",NASDAQ,,,1073233822
ABCL,"AbCellera Biologics, Inc.",NASDAQ,,,1073188102
CSR,Centerspace,NYSE,电子,,1072954633
PNTG,"The Pennant Group, Inc.",NASDAQ,,,1072367163
GERN,Geron Corp.,NASDAQ,生物技术和制药,,1070303492
PLOW,"Douglas Dynamics, Inc.",NYSE,汽车部件与设备,,1069980955
TK,Teekay Corp. Ltd.,NYSE,,,1069979293
EVLV,"Evolv Technologies Holdings, Inc.",NASDAQ,,,1068930411
UPBD,"Upbound Group, Inc.",NASDAQ,,,1068782720
DEA,"Easterly Government Properties, Inc.",NYSE,,,1068372167
TRUP,"Trupanion, Inc.",NYSE,,,1065776387
ITRN,Ituran Location & Control Ltd.,NASDAQ,,,1065102291
ACDC,ProFrac Holding Corp.,NASDAQ,,,1063814019
GPRE,"Green Plains, Inc.",NASDAQ,能源-替代能源,,1063645562
CCEC,Capital Clean Energy Carriers Corp.,NASDAQ,,,1063186434
NBN,Northeast Bank (Maine),NASDAQ,银行,,1060009117
ELVR,Elevra Lithium Ltd.,NASDAQ,,,1056782973
OCSL,Oaktree Specialty Lending Corp.,NASDAQ,,,1054384021
ODC,Oil-Dri Corp. of America,NYSE,化学制品,,1054289274
HQH,abrdn Healthcare Investors,NYSE,股权,,1052475958
CRAI,"CRA International, Inc.",NASDAQ,商业服务,,1052033848
MLKN,"MillerKnoll, Inc.",NASDAQ,,,1051603386
FSUN,FirstSun Capital Bancorp,NASDAQ,,,1051592717
AVO,"Mission Produce, Inc.",NASDAQ,,,1049234681
SATL,"Satellogic, Inc.",NASDAQ,,,1048619600
BFLY,"Butterfly Network, Inc.",NYSE,,,1046541117
MBNAB,Mercantil Bank Holding Corp.,NASDAQ,,,1045217609
KMTS,Kestra Medical Technologies Ltd.,NASDAQ,,,1043131867
NCBS,"Nicolet Bankshares, Inc.",NASDAQ,,,1042795505
UVSP,Univest Financial Corp.,NASDAQ,银行,,1042180001
FIVN,"Five9, Inc.",NASDAQ,软件,,1042035483
MYTE,MYT Netherlands Parent BV,NYSE,,,1041895638
CMP,"Compass Minerals International, Inc.",NYSE,采矿,,1038208965
YALA,Yalla Group Ltd.,NYSE,,,1038161295
MSEX,Middlesex Water Co.,NASDAQ,水业,,1037777473
SEPN,"Septerna, Inc.",NASDAQ,,,1036887998
CRHC,Cohn Robbins Holdings Corp.,NYSE,,,1035000000
SBGI,"Sinclair, Inc.",NASDAQ,媒体,,1029165496
TDAY,"USA TODAY Co., Inc.",NYSE,,,1026810018
AZTA,"Azenta, Inc.",NASDAQ,,,1023026517
EPC,Edgewell Personal Care Co.,NYSE,,,1022625973
TYG,Tortoise Energy Infrastructure Corp.,NYSE,股权,,1021377956
MFA,"MFA Financial, Inc.",NYSE,房地产信托投资基金,,1019917978
CCOI,"Cogent Communications Holdings, Inc.",NASDAQ,互联网,,1017578966
PRPB,CC Neuberger Principal Holdings II,NYSE,,,1014475041
CLOV,Clover Health Investments Corp.,NASDAQ,,,1012607834
NBBK,"NB Bancorp, Inc.",NASDAQ,,,1011699880
LOT,"Lotus Technology, Inc.",NASDAQ,,,1011271006
GSBD,"Goldman Sachs BDC, Inc.",NYSE,,,1009744588
GNK,Genco Shipping & Trading Ltd.,NYSE,运输,,1009304940
NPK,"National Presto Industries, Inc.",NYSE,航空航天/国防,,1009027028
XERS,"Xeris Biopharma Holdings, Inc.",NASDAQ,,,1008723030
GHM,Graham Corp.,NYSE,电力组件与设备,,1008619490
ABTC,"Gryphon Digital Mining, Inc.",NASDAQ,,,1008494995
GENI,Genius Sports Ltd.,NYSE,,,1008420710
LXU,"LSB Industries, Inc.",NYSE,多元化制造商,,1007293038
TWFG,"TWFG, Inc.",NASDAQ,,,1007105796
LQDT,"Liquidity Services, Inc.",NASDAQ,,,1005780170
ODV,Osisko Development Corp.,NYSE,,,1005169277
VTYX,"Ventyx Biosciences, Inc.",NASDAQ,,,1004650892
UFCS,"United Fire Group, Inc.",NASDAQ,保险,,1002542551
NEO,"NeoGenomics, Inc.",NASDAQ,生物技术,,1000806083
PXED,"Phoenix Education Partners, Inc.",NYSE,,,999125994
MMI,"Marcus & Millichap, Inc.",NYSE,电信,,997407069
SIFY,Sify Technologies Ltd.,NASDAQ,互联网,,996265027
OCIP,OCI Partners LP,NYSE,,,996122389
KALV,"KalVista Pharmaceuticals, Inc.",NASDAQ,,,993203992
ZIMVV,"Zimvie, Inc.",NASDAQ,,,991800000
LGCYP,Legacy Reserves LP,NASDAQ,,,991161393
ASIC,Ategrity Specialty Insurance Company Holdings,NYSE,,,989212147
RDWR,Radware Ltd.,NASDAQ,计算机硬件,,988713924
BTGO,"BitGo Holdings, Inc.",NYSE,,,986088065
NEP,NextEra Energy Partners LP,NYSE,,,985850001
NAK,Northern Dynasty Minerals Ltd.,NYSE,采矿,,985580920
ECA,Encana Corp.,NYSE,油气,,984726985
BSIG,"Acadian Asset Management, Inc.",NYSE,,,982954493
CFFN,"Capitol Federal Financial, Inc.",NASDAQ,储蓄及贷款,,982863629
UTL,UNITIL Corp.,NYSE,,,981679679
SBSI,"Southside Bancshares, Inc.",NASDAQ,银行,,981538008
HEPS,D-MARKET Elektronik Hizmetler ve Ticaret AS,NASDAQ,,,980588013
RERE,ATRenew Inc.,NYSE,,,980429887
BHRB,Burke Herbert Financial Services Corp.,NASDAQ,,,979931977
CRON,"Cronos Group, Inc.",NASDAQ,,,977951814
TPRE,SiriusPoint Ltd.,NYSE,保险,,975899708
GHRS,GH Research Plc,NASDAQ,,,975102106
ML,"MoneyLion, Inc.",NYSE,,,972396092
WSR,Whitestone REIT,NYSE,,,971303753
LZ,"LegalZoom.com, Inc.",NASDAQ,,,970094597
OIBR.C,Oi SA,NYSE,,,969641133
XIFR,XPLR Infrastructure LP,NYSE,,,965576979
LGCYO,Legacy Reserves LP,NASDAQ,,,965508194
PGY,Pagaya Technologies Ltd.,NASDAQ,,,964733967
LMB,"Limbach Holdings, Inc.",NASDAQ,,,964600860
JBSS,"John B. Sanfilippo & Son, Inc.",NASDAQ,食品,,963928046
PCRX,"Pacira Biosciences, Inc.",NASDAQ,制药,,963254615
UVE,"Universal Insurance Holdings, Inc.",NYSE,保险,,963201981
BPR,"Brookfield Property REIT, Inc.",NASDAQ,,,962967045
HDL,Super Hi International Holding Ltd.,NASDAQ,,,962442532
QURE,uniQure NV,NASDAQ,生物技术和制药,,961702010
DAKT,"Daktronics, Inc.",NASDAQ,电子,,961132351
ARHS,"Arhaus, Inc.",NASDAQ,,,961102729
AMTB,"Amerant Bancorp, Inc.",NASDAQ,,,957898803
HKIB,"AMTD International, Inc.",NYSE,,,957884792
BUR,Burford Capital Ltd.,NASDAQ,生物技术和制药,,954392868
BLFS,"BioLife Solutions, Inc.",NASDAQ,,,953441989
OZM,"Och-Ziff Capital Management Group, Inc.",NYSE,多元化金融服务,,952234605
RZLV,Rezolve AI Plc,NASDAQ,,,949209681
ACEL,"Accel Entertainment, Inc.",NYSE,,,947064975
OXLC,Oxford Lane Capital Corp.,NASDAQ,环球,,946812594
ATLC,Atlanticus Holdings Corp.,NASDAQ,多元化金融服务,,945741835
SMPL,The Simply Good Foods Co.,NASDAQ,储蓄及贷款,,944705373
NSP,"Insperity, Inc.",NYSE,,,944342028
QDEL,QuidelOrtho Corp.,NASDAQ,,,942932028
EXPI,"eXp World Holdings, Inc.",NASDAQ,,,941276302
EVEX,"Eve Holding, Inc.",NYSE,,,940422393
ANNX,"Annexon, Inc.",NASDAQ,,,938774833
SNCY,"Sun Country Airlines Holdings, Inc.",NASDAQ,,,938598980
NXEOU,"Nexeo Solutions, Inc.",NASDAQ,,,936734400
KCAPL,Portman Ridge Finance Corp.,NASDAQ,,,933943092
WGO,"Winnebago Industries, Inc.",NYSE,,,933901628
BFST,"Business First Bancshares, Inc.",NASDAQ,,,933689986
AKTS,"Aktis Oncology, Inc.",NASDAQ,,,933058867
KBDC,"Kayne Anderson BDC, Inc.",NYSE,,,931144998
CMPX,"Compass Therapeutics, Inc.",NASDAQ,,,931054534
TBLA,Taboola.com Ltd.,NASDAQ,,,929954972
CPLP,Capital Product Partners LP,NASDAQ,运输,,926311921
CCNE,CNB Financial Corp. (Pennsylvania),NASDAQ,银行,,924619011
MBWM,Mercantile Bank Corp.,NASDAQ,银行,,924103414
TDOC,"Teladoc Health, Inc.",NYSE,,,920198603
LGIH,"LGI Homes, Inc.",NASDAQ,,,919540010
EVMN,"Evommune, Inc.",NYSE,,,918829010
VRTS,"Virtus Investment Partners, Inc.",NASDAQ,多元化金融服务,,918448439
CPAC,Cementos Pacasmayo SAA,NYSE,,,917005004
NX,Quanex Building Products Corp.,NYSE,,,915001997
SCHN,"Schnitzer Steel Industries, Inc.",NASDAQ,,,913368176
XNCR,"Xencor, Inc.",NASDAQ,生物技术和制药,,910865939
JANX,"Janux Therapeutics, Inc.",NASDAQ,,,908216643
COUR,"Coursera, Inc.",NYSE,,,907520913
HBNC,"Horizon Bancorp, Inc. (Indiana)",NASDAQ,银行,,906699035
VVI,"Pursuit Attractions & Hospitality, Inc.",NYSE,,,901292988
GMHI,"Luminar Technologies, Inc.",NASDAQ,,,900000000
WOOF,"Petco Health & Wellness Company, Inc.",NASDAQ,卫生保健设施,,898788444
THRM,"Gentherm, Inc.",NASDAQ,汽车制造,,898016585
LMRI,"Lumexa Imaging Holdings, Inc.",NASDAQ,,,895744490
MOMO,"Hello Group, Inc.",NASDAQ,,,895523013
MCBS,"MetroCity Bankshares, Inc.",NASDAQ,,,895437969
IIJI,Internet Initiative Japan Inc.,NASDAQ,,,894198538
AINV,Apollo Investment Corp.,NASDAQ,投资公司,,893411025
APC,ARKO Petroleum Corp.,NYSE,油气,,892893014
VYX,NCR Voyix Corp.,NYSE,,,889672743
CPF,Central Pacific Financial Corp.,NYSE,银行,,888798968
CRTO,Criteo SA,NASDAQ,媒体内容,,888488897
VLRS,Controladora Vuela Compa帽铆a de Aviaci贸n SAB de CV,NYSE,,,887535350
CRCT,"Cricut, Inc.",NASDAQ,,,885245706
JBIO,"Jade Biosciences, Inc.",NASDAQ,,,882267969
AEBI,Aebi Schmidt Holding AG,NASDAQ,,,881984984
EEX,"Emerald Holding, Inc.",NYSE,,,880693579
OPK,"OPKO Health, Inc.",NYSE,制药,,880517974
TMST,TimkenSteel Corp.,NYSE,,,880357985
CGEM,"Cullinan Therapeutics, Inc.",NASDAQ,,,880049899
AIP,"Arteris, Inc.",NYSE,,,879336835
MESA,"Mesa Air Group, Inc.",NASDAQ,,,879206397
VERB,"Verb Technology Co., Inc.",NASDAQ,,,877814006
ULCC,"Frontier Group Holdings, Inc.",NASDAQ,,,877576698
NANO,"Nanometrics, Inc.",NASDAQ,半导体,,877241720
GRPH,"Graphite Bio, Inc.",NASDAQ,,,876468865
ESBA,Empire State Realty OP LP,NYSE,,,875034445
BBDC,"Barings BDC, Inc.",NYSE,,,873255429
NEWP,New Pacific Metals Corp.,NYSE,半导体,,872804683
VDSI,"VASCO Data Security International, Inc.",NASDAQ,软件,,870451276
LIFE,"Ethos Technologies, Inc.",NASDAQ,生物技术,,868229934
JBGS,JBG SMITH Properties,NYSE,,,865230570
RTP,REINVENT TECHNOLOGY PARTNERS,NYSE,,,865087477
USAT,"USA Technologies, Inc.",NASDAQ,软件,,864312579
TNP,Tsakos Energy Navigation Ltd.,NYSE,运输,,863924076
TALK,"Talkspace, Inc.",NASDAQ,,,863782984
CAC,Camden National Corp. (Maine),NASDAQ,银行,,862727989
FSBC,Five Star Bancorp,NASDAQ,,,862100048
SSII,"SS Innovations International, Inc.",NASDAQ,,,860566039
FISK,Empire State Realty OP LP,NYSE,,,860479016
SCHL,Scholastic Corp.,NASDAQ,媒体内容,,860345812
FTRE,"Fortrea Holdings, Inc.",NASDAQ,,,858330029
MPB,"Mid Penn Bancorp, Inc.",NASDAQ,银行,,857981941
INMD,InMode Ltd.,NASDAQ,,,857243573
YB,"Yuanbao, Inc.",NASDAQ,,,857091756
JMIA,Jumia Technologies AG,NYSE,,,857060022
SLS,"SELLAS Life Sciences Group, Inc.",NASDAQ,,,854813093
OGCP,Empire State Realty OP LP,NYSE,,,853629025
HTLD,"Heartland Express, Inc.",NASDAQ,运输,,852779017
REPX,"Riley Exploration Permian, Inc.",NYSE,,,852776004
CERT,"Certara, Inc.",NASDAQ,,,850954212
CRESY,Cresud SA,NASDAQ,,,849787010
SUPV,Grupo Supervielle SA,NYSE,,,849198123
MATW,Matthews International Corp.,NASDAQ,商业服务,,847251985
CSIQ,"Canadian Solar, Inc.",NASDAQ,,,845859475
BLDP,"Ballard Power Systems, Inc.",NASDAQ,能源-替代能源,,845566794
TMCR,"The Metals Royalty Co., Inc.",NASDAQ,,,844637482
TBPH,"Theravance Biopharma, Inc.",NASDAQ,,,841909327
ATUS,"Altice USA, Inc.",NYSE,,,840993330
AEVA,"Aeva Technologies, Inc.",NYSE,,,840351672
SDGR,"Schr枚dinger, Inc.",NASDAQ,,,839390992
WAFDW,"Washington Federal, Inc.",NASDAQ,储蓄及贷款,,838800498
SHEN,Shenandoah Telecommunications Co. (Virginia),NASDAQ,电信,,837266985
HAFC,Hanmi Financial Corp.,NASDAQ,银行,,836992492
MYE,"Myers Industries, Inc.",NYSE,,,835962160
PFLT,PennantPark Floating Rate Capital Ltd.,NASDAQ,投资公司,,835414692
FBM,"Foundation Building Materials, Inc.",NYSE,股权,,831336917
SLI,Standard Lithium Ltd.,NYSE,,,831129605
SMP,"Standard Motor Products, Inc.",NYSE,汽车制造,,829808361
BFS,"Saul Centers, Inc.",NYSE,,,829671873
OMER,Omeros Corp.,NASDAQ,生物技术和制药,,827235988
TRWH,Bally's Corp.,NYSE,,,827120168
SANA,"Sana Biotechnology, Inc.",NASDAQ,,,824618689
HTBK,Heritage Commerce Corp.,NASDAQ,银行,,823502200
ODD,ODDITY Tech Ltd.,NASDAQ,,,823221618
KNW,"Know Labs, Inc.",NYSE,,,822261040
FCBC,"First Community Bancshares, Inc. (Virginia)",NASDAQ,银行,,822133678
CAPL,CrossAmerica Partners LP,NYSE,,,819904005
FMNB,Farmers National Banc Corp.,NASDAQ,银行,,819739205
SLRC,SLR Investment Corp.,NASDAQ,,,818865069
SCSC,"ScanSource, Inc.",NASDAQ,销售/批发,,818187868
BCSF,"Bain Capital Specialty Finance, Inc.",NYSE,,,817991851
DRUG,"Bright Minds Biosciences, Inc.",NASDAQ,,,817717331
MDM,Mountain Province Diamonds Inc,NYSE,采矿,,815025018
EIG,"Employers Holdings, Inc.",NYSE,保险,,813763024
TBN,Tamboran Resources Corp.,NYSE,,,813075991
GAINO,Gladstone Investment Corp.,NASDAQ,,,812862239
TRST,TrustCo Bank Corp. NY,NASDAQ,银行,,812669384
ABUS,Arbutus Biopharma Corp.,NASDAQ,,,811234017
LPI,"Laredo Petroleum, Inc.",NYSE,油气,,808562997
EGBN,"Eagle Bancorp, Inc. (Maryland)",NASDAQ,银行,,808445017
NWPX,"NWPX Infrastructure, Inc.",NASDAQ,金属构造/部件,,806916008
HMH,"HMH Holding, Inc.",NASDAQ,,,805492298
HRTG,"Heritage Insurance Holdings, Inc.",NYSE,,,803659210
CTLP,"Cantaloupe, Inc.",NASDAQ,,,802075719
APY,Apergy Corp.,NYSE,,,801405000
HPK,"HighPeak Energy, Inc.",NASDAQ,,,801110399
SPRY,"ARS Pharmaceuticals, Inc.",NASDAQ,,,799343018
DGNR,Dragoneer Growth Opportunities Corp.,NYSE,,,798675020
WLKP,Westlake Chemical Partners LP,NYSE,,,798671613
AIO,Virtus AllianzGI Artificial Intelligence & Technology Opps,NYSE,,,798442015
CCBG,"Capital City Bank Group, Inc.",NASDAQ,银行,,796036013
THFF,First Financial Corp. (Indiana),NASDAQ,银行,,794972962
GSM,Ferroglobe PLC,NASDAQ,采矿,,794157002
QRTEB,"Qurate Retail, Inc.",NASDAQ,,,793900048
FSC,Fifth Street Finance Corp,NASDAQ,,,793610497
MNKD,MannKind Corp.,NASDAQ,生物技术和制药,,793604980
NABL,"N-able, Inc.",NYSE,,,793064298
BJRI,"BJ's Restaurants, Inc.",NASDAQ,零售,,792774826
MRVI,"Maravai Lifesciences Holdings, Inc.",NASDAQ,,,789196287
FORD,"Forward Industries, Inc.",NASDAQ,纺织品,,788509992
QVCB,Liberty Interactive Corp.,NASDAQ,,,788505192
NMFC,New Mountain Finance Corp.,NYSE,,,787091386
AMC,"AMC Entertainment Holdings, Inc.",NYSE,,,786776014
MEG,"Montrose Environmental Group, Inc.",NYSE,媒体,,785969325
TRCH,"Torchlight Energy Resources, Inc.",NASDAQ,,,785778092
LAWS,"Lawson Products, Inc.",NASDAQ,,,784963074
BOW,"Bowhead Specialty Holdings, Inc.",NYSE,,,784171962
MFH,"Mercurity Fintech Holding, Inc.",NASDAQ,,,784024419
APOG,"Apogee Enterprises, Inc.",NASDAQ,建筑材料,,779096428
NMAX,"Newsmax, Inc.",NYSE,,,777412997
RMG,"Romeo Power, Inc.",NYSE,,,776250000
AOSL,Alpha & Omega Semiconductor Ltd.,NASDAQ,半导体,,773186220
CGBD,"Carlyle Secured Lending, Inc",NASDAQ,,,772498812
EH,EHang Holdings Ltd.,NASDAQ,,,771677697
IART,Integra LifeSciences Holdings Corp.,NASDAQ,医疗保健产品,,771131869
SDHC,Smith Douglas Homes Corp.,NYSE,,,768189028
STKL,"SunOpta, Inc.",NASDAQ,食品,,767050828
HTB,"HomeTrust Bancshares, Inc.",NYSE,,,766064442
KURA,"Kura Oncology, Inc.",NASDAQ,,,765819017
TLRY,"Tilray Brands, Inc.",NASDAQ,,,765724736
RLMD,"Relmada Therapeutics, Inc.",NASDAQ,,,764635215
NEGG,"Newegg Commerce, Inc.",NASDAQ,,,764437987
BOMN,Boston Omaha Corp.,NASDAQ,,,763771436
CSV,"Carriage Services, Inc.",NYSE,商业服务,,763706259
KRO,"Kronos Worldwide, Inc.",NYSE,化学制品,,760501112
CLB,Core Laboratories Inc.,NYSE,,,760257196
OSTK,"Overstock.com, Inc.",NASDAQ,互联网,,760217025
BRSP,"BrightSpire Capital, Inc.",NYSE,,,758218564
TRNS,"Transcat, Inc.",NASDAQ,,,757959996
XON,Intrexon Corp.,NYSE,,,756476017
VOR,"Vor Biopharma, Inc.",NASDAQ,,,755670915
NAVI,Navient Corp.,NASDAQ,,,755011969
SPIR,"Spire Global, Inc.",NASDAQ,多元化制造商,,754845442
APSG,Apollo Strategic Growth Capital,NYSE,,,754528224
TWCT,TWC TECH HLDGS II CORP,NASDAQ,,,754500062
ACVA,"ACV Auctions, Inc.",NASDAQ,,,753729928
BVS,"Bioventus, Inc.",NASDAQ,,,753382423
ORRF,"Orrstown Financial Services, Inc.",NASDAQ,银行,,753204033
VEL,"Velocity Financial, Inc.",NYSE,,,750963254
CWH,"Camping World Holdings, Inc.",NYSE,房地产信托投资基金,,750773032
GDRX,"GoodRx Holdings, Inc.",NASDAQ,,,750238170
AMPL,"Amplitude, Inc.",NASDAQ,,,750206384
DSGN,"Design Therapeutics, Inc.",NASDAQ,,,749934988
JBI,"Janus International Group, Inc.",NYSE,,,748445507
BH,"Biglari Holdings, Inc.",NYSE,,,747648744
SWM,"Schweitzer-Mauduit International, Inc.",NYSE,林产品/造纸,,746234408
PURR,"Hyperliquid Strategies, Inc.",NASDAQ,,,745044751
TRNE,"Desktop Metal, Inc.",NYSE,,,743476988
GSBC,"Great Southern Bancorp, Inc. (Missouri)",NASDAQ,银行,,742971487
SMBC,"Southern Missouri Bancorp, Inc.",NASDAQ,银行,,742033071
GFR,Greenfire Resources Ltd.,NYSE,,,741276979
LPTH,"LightPath Technologies, Inc.",NASDAQ,电信,,740401372
SCZM,Santacruz Silver Mining Ltd.,NASDAQ,,,738284888
GDEN,"Golden Entertainment, Inc.",NASDAQ,,,737846788
CODI,Compass Diversified Holdings,NYSE,,,736560104
PRAA,"PRA Group, Inc.",NASDAQ,多元化金融服务,,735227970
ASST,"Strive, Inc. (United States)",NASDAQ,,,735157892
GRNT,"Granite Ridge Resources, Inc.",NYSE,,,734717022
WRLD,World Acceptance Corp.,NASDAQ,,,734607610
SG,"Sweetgreen, Inc.",NASDAQ,,,731782985
TNT,"Peak Fintech Group, Inc.",NASDAQ,,,731565030
MGTX,MeiraGTx Holdings Plc,NASDAQ,,,730571772
HSC,Harsco Corp.,NYSE,多元化制造商,,729605973
VTS,"Vitesse Energy, Inc.",NYSE,,,729505179
LXRX,"Lexicon Pharmaceuticals, Inc.",NASDAQ,生物技术和制药,,728730663
DJCO,Daily Journal Corp.,NASDAQ,媒体,,728401638
LCY,LANDCADIA HOLDINGS III INC,NASDAQ,,,728193074
ANRO,"Alto Neuroscience, Inc.",NYSE,,,727718876
KOP,"Koppers Holdings, Inc.",NYSE,化学制品,,723985790
SMBK,"SmartFinancial, Inc.",NASDAQ,,,721384552
AMRK,"A-Mark Precious Metals, Inc.",NASDAQ,,,720848290
SSYS,Stratasys Ltd.,NASDAQ,计算机硬件,,719540734
KIND,"Nextdoor Holdings, Inc.",NYSE,,,719265998
BIOA,"BioAge Labs, Inc.",NYSE,,,718508225
PRCH,"Porch Group, Inc.",NASDAQ,,,717572023
ACIC,American Coastal Insurance Corp.,NYSE,,,716875017
NCS,"NCI Building Systems, Inc.",NYSE,建筑材料,,716685476
GYRE,"Gyre Therapeutics, Inc.",NASDAQ,,,716560991
MFI,mF International Ltd.,NASDAQ,,,715014997
HNRG,Hallador Energy Co.,NASDAQ,煤炭,,714757115
IBCP,Independent Bank Corp. (Michigan),NASDAQ,银行,,713711971
CVLG,"Covenant Logistics Group, Inc.",NASDAQ,,,713361756
BBSI,"Barrett Business Services, Inc.",NASDAQ,商业服务,,712995439
CCCX,Churchill Capital Corp. X,NASDAQ,,,711002992
SGY,Talos Petroleum LLC,NYSE,油气,,709753932
ETM,Entercom Communications Corp.,NYSE,媒体内容,,709725837
EHAB,"Enhabit, Inc.",NYSE,,,709110942
FWRG,"First Watch Restaurant Group, Inc.",NASDAQ,,,707456751
GMTL,Guardian Metal Resources PLC,NYSE,,,707353077
IIIN,"Insteel Industries, Inc.",NASDAQ,电力组件与设备,,706610129
FOXF,Fox Factory Holding Corp.,NASDAQ,,,705725554
ALOY,"REalloys, Inc.",NASDAQ,,,705403986
NFGC,New Found Gold Corp.,NYSE,,,704233587
NUTX,"Nutex Health, Inc.",NASDAQ,,,704151789
HUYA,"HUYA, Inc.",NYSE,,,704129904
CRY,"Artivion, Inc.",NYSE,医疗保健产品,,703212857
NRCIA,National Research Corp.,NASDAQ,,,702637634
FFBCW,First Financial Bancorp (Ohio),NASDAQ,银行,,701294962
DEAC,"DraftKings, Inc.",NASDAQ,,,701200027
VINP,Vinci Compass Investments Ltd.,NASDAQ,,,700016436
NRDS,"NerdWallet, Inc.",NASDAQ,,,699247323
LYTS,"LSI Industries, Inc.",NASDAQ,,,698909768
PDVW,"Pacific DataVision, Inc.",NASDAQ,,,698735184
OPFI,"OppFi, Inc.",NYSE,,,698023762
LBRX,"LB Pharmaceuticals, Inc.",NASDAQ,,,697945001
VTEX,VTEX (Cayman Islands),NYSE,,,697299036
OIS,"Oil States International, Inc.",NYSE,,,695308013
GRSV,"Gores Holdings V, Inc.",NASDAQ,,,694968802
SGP,"SpyGlass Pharma, Inc.",NYSE,生物技术和制药,,693600996
DPHCU,DiamondPeak Holdings Corp.,NASDAQ,,,692934605
METCB,"Ramaco Resources, Inc.",NASDAQ,,,691987002
AMN,"AMN Healthcare Services, Inc.",NYSE,,,690787041
NB,NioCorp Developments Ltd.,NASDAQ,,,687947023
ROOT,"Root, Inc.",NASDAQ,,,684403984
CBLL,"Ceribell, Inc.",NASDAQ,,,683188274
GHVIU,"Gores Holdings VI, Inc.",NASDAQ,,,683100007
QNST,"QuinStreet, Inc.",NASDAQ,互联网,,682786980
BWMX,Betterware de Mexico SAPI de CV,NASDAQ,,,682519661
TRON,"Tron, Inc.",NASDAQ,,,682260003
NAKD,Cenntro Electric Group Ltd.,NASDAQ,,,681878668
CFCO,CF Corporation - Class A Ordinary Share,NASDAQ,,,681720018
CVLB,"LifeMD, Inc.",NASDAQ,,,681516423
FET,"Forum Energy Technologies, Inc.",NYSE,油气服务,,680965579
THM,International Tower Hill Mines Ltd.,NYSE,,,680257405
CSHR,CSHR,NASDAQ,,,679800013
FDUS,Fidus Investment Corp.,NASDAQ,私募股权投资,,679762653
TCBX,"Third Coast Bancshares, Inc.",NASDAQ,,,679544037
MGRT,"Mega Fortune Co., Ltd.",NASDAQ,,,677874990
FDEF,First Defiance Financial Corp.,NASDAQ,银行,,675617477
PGC,Peapack-Gladstone Financial Corp.,NASDAQ,银行,,674360606
TXO,TXO Partners LP,NYSE,,,673958575
SWIM,"Latham Group, Inc.",NASDAQ,,,672516435
OMDA,"Omada Health, Inc.",NASDAQ,,,672339250
ATEX,"Anterix, Inc.",NASDAQ,,,672322980
BBOT,"Bridgebio Oncology Therapeutics, Inc.",NASDAQ,,,672275683
NOAH,Noah Holdings Ltd.,NYSE,多元化金融服务,,671857634
IMSR,"Terrestrial Energy, Inc.",NASDAQ,,,671630015
GO,Grocery Outlet Holding Corp.,NASDAQ,,,671367014
KRUS,"Kura Sushi USA, Inc.",NASDAQ,,,671291939
FISI,"Financial Institutions, Inc.",NASDAQ,银行,,670266608
GCI,"Gannett Co., Inc.",NYSE,媒体内容,,669345027
HIPO,"Hippo Holdings, Inc.",NYSE,,,666155576
NCDL,Nuveen Churchill Direct Lending Corp.,NYSE,,,665243779
BUI,"BlackRock Utilities, Infrastructure & Power Opportunities Tr",NYSE,环球,,664805641
VPG,"Vishay Precision Group, Inc.",NYSE,半导体,,663540729
STAR,"iStar, Inc.",NYSE,,,662560681
SLDP,"Solid Power, Inc.",NASDAQ,,,662332011
