symbol,name,exchange,sector,list_date,mktcap
NVDA,NVIDIA Corp.,NASDAQ,半导体,,4327830148315
AAPL,"Apple, Inc.",NASDAQ,计算机,,3721668990000
GOOGL,"Alphabet, Inc.",NASDAQ,媒体内容,,3695149516632
GOOG,"Alphabet, Inc.",NASDAQ,互联网,,3676640943904
MSFT,Microsoft Corp.,NASDAQ,软件,,2764487575817
AMZN,"Amazon.com, Inc.",NASDAQ,互联网,,2294804079817
TSM,"Taiwan Semiconductor Manufacturing Co., Ltd.",NYSE,半导体,,1791003911091
AVGO,Broadcom Inc.,NASDAQ,半导体,,1581237139190
META,"Meta Platforms, Inc.",NASDAQ,,,1454620838695
TSLA,"Tesla, Inc.",NASDAQ,汽车制造,,1300780524004
BRK.B,"Berkshire Hathaway, Inc.",NYSE,保险,,1031218531036
BRK.A,"Berkshire Hathaway, Inc.",NYSE,保险,,1031016816000
WMT,"Walmart, Inc.",NYSE,零售,,976539547923
LLY,Eli Lilly & Co.,NYSE,生物技术和制药,,879711462423
JPM,JPMorgan Chase & Co.,NYSE,,,797692101294
XOM,Exxon Mobil Corp.,NYSE,,,682974213332
V,"Visa, Inc.",NYSE,,,581871184425
JNJ,Johnson & Johnson,NYSE,制药,,574237486839
VXUS,Vanguard Total International Stock ETF,NASDAQ,股权,,529002755350
ASML,ASML Holding NV,NASDAQ,半导体,,503528889620
COST,Costco Wholesale Corp.,NASDAQ,,,449513209934
MA,"Mastercard, Inc.",NYSE,商业服务,,444372237236
MU,"Micron Technology, Inc.",NASDAQ,半导体,,425809807834
NFLX,"Netflix, Inc.",NASDAQ,,,417234062671
ORCL,Oracle Corp.,NYSE,软件,,411763495257
CVX,Chevron Corp.,NYSE,油气,,401447270980
ABBV,"AbbVie, Inc.",NYSE,生物技术和制药,,365019474437
AMD,"Advanced Micro Devices, Inc.",NYSE,半导体,,361168947722
BAC,Bank of America Corp.,NYSE,银行,,359286248898
PLTR,"Palantir Technologies, Inc.",NYSE,,,358918791467
CAT,"Caterpillar, Inc.",NYSE,,,337072755930
PG,Procter & Gamble Co.,NYSE,,,328381304024
KO,The Coca-Cola Co.,NYSE,饮料,,326728260655
CSCO,"Cisco Systems, Inc.",NASDAQ,电信,,318677372237
HD,"The Home Depot, Inc.",NYSE,零售,,317498564074
AZN,AstraZeneca PLC,NYSE,制药,,311452455280
GE,GE Aerospace,NYSE,多元化制造商,,301537829514
MRK,"Merck & Co., Inc.",NYSE,生物技术和制药,,294906915100
HSBC,HSBC Holdings Plc,NYSE,银行,,292635810313
NVS,Novartis AG,NYSE,生物技术和制药,,288550696808
BABA,Alibaba Group Holding Ltd.,NYSE,,,285821064887
AMAT,"Applied Materials, Inc.",NASDAQ,半导体,,281183910039
LRCX,Lam Research Corp.,NASDAQ,半导体,,280161781696
UNH,"UnitedHealth Group, Inc.",NYSE,卫生保健设施,,279319095907
RTX,RTX Corp.,NYSE,,,266395215158
MS,Morgan Stanley,NYSE,,,266352969500
INTC,Intel Corp.,NASDAQ,半导体,,265661650239
TM,Toyota Motor Corp.,NYSE,汽车制造,,265437926738
SHEL,Shell Plc,NYSE,,,265282617979
GS,"The Goldman Sachs Group, Inc.",NYSE,,,254919022181
WFC,Wells Fargo & Co.,NYSE,银行,,251377550976
PM,"Philip Morris International, Inc.",NYSE,农业,,245452940626
GEV,"GE Vernova, Inc.",NYSE,,,244860788704
VUG,Vanguard Growth ETF,NYSE,股权,,244752706277
RY,Royal Bank of Canada,NYSE,银行,,230985299758
IBM,International Business Machines Corp.,NYSE,,,229975917903
LIN,Linde Plc,NYSE,媒体内容,,229190113919
TMUS,"T-Mobile US, Inc.",NYSE,,,220967546281
MCD,McDonald's Corp.,NYSE,零售,,217100258249
AXP,American Express Co.,NYSE,多元化金融服务,,210556097036
PEP,"PepsiCo, Inc.",NYSE,饮料,,209429043618
VZ,"Verizon Communications, Inc.",NYSE,,,203231595535
KLAC,KLA Corp.,NASDAQ,半导体,,203018005747
C,"Citigroup, Inc.",NYSE,银行,,200867104908
MUFG,"Mitsubishi UFJ Financial Group, Inc.",NYSE,,,199949370044
SAP,SAP SE,NYSE,软件,,197877902467
T,"AT&T, Inc.",NYSE,电信,,195779373783
NEE,"NextEra Energy, Inc.",NYSE,电力,,195330314141
TTE,TotalEnergies SE,NYSE,,,195257695869
RDS.A,Shell Plc,NYSE,,,192700601317
VO,Vanguard Mid-Cap Index Fund,NYSE,股权,,191166233951
BHP,BHP Group Ltd.,NYSE,,,186060489214
AMGN,"Amgen, Inc.",NASDAQ,生物技术,,183283009500
TXN,Texas Instruments Incorporated,NASDAQ,半导体,,181851403161
TMO,"Thermo Fisher Scientific, Inc.",NYSE,,,181841537438
ABT,Abbott Laboratories,NYSE,,,177069407374
TJX,"The TJX Cos., Inc.",NYSE,零售,,174411228981
GILD,"Gilead Sciences, Inc.",NASDAQ,生物技术和制药,,172279082761
DIS,The Walt Disney Co.,NYSE,媒体内容,,169676169166
CRM,"Salesforce, Inc.",NYSE,软件,,168872086197
ANET,"Arista Networks, Inc.",NYSE,计算机硬件,,167923725258
SAN,Banco Santander SA,NYSE,银行,,167736961121
BA,The Boeing Co.,NYSE,航空航天/国防,,165027268980
NVO,Novo Nordisk A/S,NYSE,制药,,163823085327
SCHW,The Charles Schwab Corp.,NYSE,多元化金融服务,,162234195645
TD,The Toronto-Dominion Bank,NYSE,银行,,161859787001
ISRG,"Intuitive Surgical, Inc.",NASDAQ,医疗保健产品,,160874116327
COP,ConocoPhillips,NYSE,油气,,160608270420
ADI,"Analog Devices, Inc.",NASDAQ,半导体,,159842924831
APH,Amphenol Corp.,NYSE,电子,,157806618972
DE,Deere & Co.,NYSE,机械-多元,,155581794432
PFE,Pfizer Inc.,NYSE,制药,,154154453157
RIO,Rio Tinto Plc,NYSE,采矿,,153917165955
ARM,Arm Holdings Plc,NASDAQ,,,152779114641
SHOP,"Shopify, Inc.",NYSE,,,152659273788
VB,Vanguard Small-Cap ETF,NYSE,股权,,151659232346
BLK,"BlackRock, Inc.",NYSE,,,149080344012
UNP,Union Pacific Corp.,NASDAQ,运输,,146110166283
UBER,"Uber Technologies, Inc.",NYSE,,,146101453902
LMT,Lockheed Martin Corp.,NYSE,,,144661073654
ETN,Eaton Corp. Plc,NYSE,,,143108395396
SCCO,Southern Copper Corp.,NYSE,,,142499366263
HON,"Honeywell International, Inc.",NYSE,电子,,142289646584
PDD,"PDD Holdings, Inc.",NASDAQ,,,141311610326
WELL,"Welltower, Inc.",NYSE,,,140652956275
BUD,Anheuser-Busch InBev NV,NYSE,饮料,,139576327223
APP,Applovin Corp.,NYSE,服饰,,138432383143
PANW,"Palo Alto Networks, Inc.",NYSE,电信,,137764566040
BKNG,"Booking Holdings, Inc.",NASDAQ,,,137311876146
DHR,Danaher Corp.,NYSE,,,135177654113
PBR,Petr贸leo Brasileiro SA,NYSE,油气,,133455234100
QCOM,"QUALCOMM, Inc.",NASDAQ,半导体,,132382689674
SMFG,"Sumitomo Mitsui Financial Group, Inc.",NYSE,银行,,130622889414
HDB,HDFC Bank Ltd.,NYSE,银行,,130138785610
LOW,"Lowe's Companies, Inc.",NYSE,零售,,129716291364
BTI,British American Tobacco plc,NYSE,农业,,127763160627
CB,Chubb Ltd.,NYSE,保险,,127737248160
GLW,"Corning, Inc.",NYSE,计算机硬件,,127580887707
SPGI,"S&P Global, Inc.",NYSE,,,127288991214
SYK,Stryker Corp.,NYSE,医疗保健产品,,127177583699
BBVA,Banco Bilbao Vizcaya Argentaria SA,NYSE,银行,,125187596142
PLD,"Prologis, Inc.",NYSE,房地产信托投资基金,,124191771795
NEM,Newmont Corp.,NYSE,,,123814335002
BP,BP Plc,NYSE,,,123618278667
SONY,Sony Group Corp.,NYSE,,,123338155043
UBS,UBS Group AG,NYSE,,,122338536044
UL,Unilever Plc,NYSE,食品,,121642457659
PBR.A,Petr贸leo Brasileiro SA,NYSE,,,121340519508
JJEB,iPath Series B Bloomberg Energy Subindex Total Return ETN,AMEX,,,121175090554
ACN,Accenture Plc,NYSE,,,121142201874
VXF,Vanguard Extended Market Index Fund,NYSE,股权,,120328991980
ENB,"Enbridge, Inc.",NYSE,,,118647926703
BMY,Bristol Myers Squibb Co.,NYSE,制药,,117746876203
ANTM,"Anthem, Inc.",NYSE,,,116342689895
IWF,iShares Russell 1000 Growth ETF,NYSE,股权,,115725996601
PH,Parker-Hannifin Corp.,NYSE,,,115231890741
PGR,Progressive Corp.,NYSE,保险,,115149934884
DELL,"Dell Technologies, Inc.",NYSE,计算机硬件,,114743045434
INTU,"Intuit, Inc.",NASDAQ,软件,,113451869299
GSK,GSK Plc,NYSE,生物技术和制药,,113338089984
CME,"CME Group, Inc.",NASDAQ,,,112680928925
SNY,Sanofi,NYSE,制药,,112679492418
COWB,iPath Series B Bloomberg Livestock Subindex Total Return ETN,AMEX,,,112228641845
COF,Capital One Financial Corp.,NYSE,,,112141075814
JJTB,iPath Series B Bloomberg Tin Subindex Total Return ETN,AMEX,,,112134968630
BALB,iPath Series B Bloomberg Cotton Subindex Total Return ETN,AMEX,,,111736823963
JJGB,iPath Series B Bloomberg Grains Subindex Total Return ETN,AMEX,,,111151323931
MDT,Medtronic Plc,NYSE,,,110953336238
MO,"Altria Group, Inc.",NYSE,农业,,110724524012
VRTX,"Vertex Pharmaceuticals, Inc.",NASDAQ,生物技术,,109847791431
HCA,"HCA Healthcare, Inc.",NYSE,健康护理服务,,109454891372
SO,The Southern Co.,NYSE,电力,,109243925112
SBUX,Starbucks Corp.,NASDAQ,零售,,108472749862
JJAB,iPath Series B Bloomberg Agriculture Subindex Total Return ETN,AMEX,,,107450968374
CRWD,"CrowdStrike Holdings, Inc.",NASDAQ,,,107337094097
BJJN,iPath Series B Bloomberg Nickel Subindex Total Return ETN,AMEX,,,107287029080
BNDX,Vanguard Total International Bond Index Fund,NASDAQ,股权,,106768458545
JJUB,iPath Series B Bloomberg Aluminum Subindex Total Return ETN,AMEX,,,106467323675
WDC,Western Digital Corp.,NASDAQ,计算机硬件,,105766267250
EQNR,Equinor ASA,NYSE,,,105090857723
AEM,Agnico Eagle Mines Ltd.,NYSE,,,105017408578
STX,Seagate Technology Holdings Plc,NASDAQ,计算机硬件,,105005174043
MCK,McKesson Corp.,NYSE,制药,,104925203961
SNDK,Sandisk Corp.,NASDAQ,计算机,,104914769096
IAU,iShares Gold Trust,NYSE,股权,,104729299125
NOW,"ServiceNow, Inc.",NYSE,软件,,104185559448
IEFA,iShares Core MSCI EAFE ETF,NASDAQ,股权,,102747509981
JJSB,iPath Series B Bloomberg Softs Subindex Total Return ETN,AMEX,,,102696702039
CNQ,Canadian Natural Resources Ltd.,NYSE,,,102588582096
DUK,Duke Energy Corp.,NYSE,电力,,102584527403
JJPB,iPath Series B Bloomberg Precious Metals Subindex TR ETN,AMEX,,,101970687717
MFG,"Mizuho Financial Group, Inc.",NYSE,银行,,101894607128
SGGB,iPath Series B Bloomberg Sugar Subindex Total Return ETN,AMEX,,,101877005568
VRT,Vertiv Holdings Co.,NYSE,,,100355572437
JJMB,iPath Series B Bloomberg Industrial Metals Subindex TR ETN,AMEX,,,100261028696
CVS,CVS Health Corp.,NYSE,,,100247097967
CMCSA,Comcast Corp.,NASDAQ,媒体,,99984143467
JJCB,iPath Series B Bloomberg Copper Subindex Total Return ETN,AMEX,,,99638291662
SPOT,Spotify Technology SA,NYSE,,,99478227533
EQIX,"Equinix, Inc.",NASDAQ,互联网,,99342450053
SCHD,Schwab U.S. Dividend Equity ETF,NYSE,股权,,98861598272
CEG,Constellation Energy Corp.,NASDAQ,电力,,98754271923
NOC,Northrop Grumman Corp.,NYSE,航空航天/国防,,98073896290
BJO,iPath Series B Bloomberg Coffee Subindex Total Return ETN,AMEX,,,97848762489
BMO,Bank of Montreal,NYSE,银行,,97398782674
PGMB,iPath Series B Bloomberg Platinum Subindex Total Return ETN,AMEX,,,97067705661
ADBE,"Adobe, Inc.",NASDAQ,软件,,97064587753
MRVL,"Marvell Technology, Inc.",NASDAQ,半导体,,95630931599
TT,Trane Technologies Plc,NYSE,,,95582184525
DCM,"NTT DoCoMo, Inc.",NYSE,电信,,94837388933
HWM,"Howmet Aerospace, Inc.",NYSE,,,94576415671
GD,General Dynamics Corp.,NYSE,航空航天/国防,,94370821713
ICE,"Intercontinental Exchange, Inc.",NYSE,多元化金融服务,,94197437283
WM,"Waste Management, Inc.",NYSE,,,94003748868
IBN,ICICI Bank Ltd.,NYSE,银行,,92832456053
ITUB,Ita煤 Unibanco Holding SA,NYSE,银行,,92468448781
BSX,Boston Scientific Corp.,NYSE,,,91934796738
BN,Brookfield Corp.,NYSE,,,91233583333
WMB,"The Williams Cos., Inc.",NYSE,管道,,90540330142
CM,Canadian Imperial Bank of Commerce,NYSE,银行,,90424391135
MMC,"Marsh & McLennan Cos., Inc.",NYSE,保险,,89506497589
STO,Equinor ASA,NYSE,,,88670660616
MELI,"MercadoLibre, Inc.",NASDAQ,互联网,,88329702674
MAR,"Marriott International, Inc.",NYSE,住宿,,87673942503
BX,"Blackstone, Inc.",NYSE,,,87554654156
FCX,"Freeport-McMoRan, Inc.",NYSE,采矿,,87324364738
NGG,National Grid Plc,NYSE,,,87017783447
PNC,"The PNC Financial Services Group, Inc.",NYSE,银行,,86289107323
BNS,The Bank of Nova Scotia,NYSE,银行,,86150604752
BK,The Bank of New York Mellon Corp.,NYSE,,,85766850256
FDX,FedEx Corp.,NYSE,,,85182611892
E,Eni SpA,NYSE,,,84771148876
USB,U.S. Bancorp,NYSE,银行,,83355943197
PWR,"Quanta Services, Inc.",NYSE,,,83124066710
EPD,Enterprise Products Partners LP,NYSE,,,83033227658
UPS,"United Parcel Service, Inc.",NYSE,运输,,82902584008
ADP,"Automatic Data Processing, Inc.",NASDAQ,商业服务,,81982419200
VWO,Vanguard FTSE Emerging Markets ETF,NYSE,股权,,81733248396
JCI,Johnson Controls International Plc,NYSE,汽车部件与设备,,81496607599
AMT,American Tower Corp.,NYSE,,,81136047189
KKR,"KKR & Co., Inc.",NYSE,,,80908243630
REGN,"Regeneron Pharmaceuticals, Inc.",NASDAQ,生物技术,,80375598972
SU,"Suncor Energy, Inc.",NYSE,油气,,79273784305
IEMG,iShares Core MSCI Emerging Markets ETF,NASDAQ,股权,,78461858288
ING,ING Groep NV,NYSE,保险,,78046547659
MCO,Moody's Corp.,NYSE,商业服务,,77965696812
SHW,The Sherwin-Williams Co.,NYSE,化学制品,,77661880978
AMX,America Movil SAB de CV,NYSE,,,77455351610
EOG,"EOG Resources, Inc.",NYSE,,,77266289709
CDNS,"Cadence Design Systems, Inc.",NASDAQ,软件,,77162213918
CSX,CSX Corp.,NYSE,,,77040903631
CMI,"Cummins, Inc.",NYSE,,,76978969801
ORLY,"O'Reilly Automotive, Inc.",NASDAQ,,,76440864547
SNPS,"Synopsys, Inc.",NASDAQ,软件,,76222528180
LYG,Lloyds Banking Group Plc,NYSE,银行,,76214087286
NET,"Cloudflare, Inc.",NYSE,,,76129816291
ABNB,"Airbnb, Inc.",NASDAQ,,,76070976826
EMR,Emerson Electric Co.,NYSE,电力组件与设备,,75667679657
SLB,SLB Ltd.,NYSE,,,75582059264
MMM,3M Co.,NYSE,,,75407891483
BCS,Barclays PLC,NYSE,银行,,75243427279
VLO,Valero Energy Corp.,NYSE,油气,,75183860613
ITW,Illinois Tool Works Inc.,NYSE,,,74623747528
KMI,"Kinder Morgan, Inc.",NYSE,,,74086467273
ECL,"Ecolab, Inc.",NYSE,化学制品,,74068463039
MDLZ,"Mondelez International, Inc.",NASDAQ,,,73718942273
MSI,"Motorola Solutions, Inc.",NYSE,计算机硬件,,73536789716
VIG,Vanguard Dividend Appreciation Index Fund,NYSE,股权,,72972212755
RCL,Royal Caribbean Group,NYSE,休闲,,72423129684
CI,The Cigna Group,NYSE,健康护理服务,,72308963704
MPC,Marathon Petroleum Corp.,NYSE,,,72275423505
AEP,"American Electric Power Co., Inc.",NYSE,电力,,72250456766
BAM,Brookfield Asset Management Ltd.,NYSE,,,72046665405
IJR,iShares Core S&P Small Cap ETF,NYSE,股权,,71912837660
CP,Canadian Pacific Kansas City Ltd.,NYSE,,,71856082660
NTES,"NetEase, Inc.",NASDAQ,媒体内容,,71234806950
CRH,CRH Plc,NYSE,建筑材料,,70869365652
MNST,Monster Beverage Corp.,NASDAQ,饮料,,70839514404
NSC,Norfolk Southern Corp.,NYSE,运输,,70632187331
PSX,Phillips 66,NYSE,,,70051657424
ROST,"Ross Stores, Inc.",NASDAQ,,,69738667850
CVNA,Carvana Co.,NYSE,,,69661512132
B,Barrick Mining Corp.,NYSE,,,69326414935
ABB,ABB Ltd.,NYSE,,,69136491063
HLT,"Hilton Worldwide Holdings, Inc.",NYSE,住宿,,69132980860
AON,Aon Plc,NYSE,保险,,69090647909
VALE,Vale SA,NYSE,钢铁,,69080743308
NU,Nu Holdings Ltd.,NYSE,,,68707778187
ELV,"Elevance Health, Inc.",NYSE,,,68498099075
CTAS,Cintas Corp.,NASDAQ,纺织品,,68117436552
RSG,"Republic Services, Inc.",NYSE,,,68087767542
DASH,"DoorDash, Inc.",NYSE,,,67727065313
CL,Colgate-Palmolive Co.,NYSE,,,66695355824
IWD,iShares Russell 1000 Value ETF,NYSE,股权,,66591301823
LHX,"L3Harris Technologies, Inc.",NYSE,,,66122206830
TRP,TC Energy Corp.,NYSE,管道,,66087749061
TDG,"TransDigm Group, Inc.",NYSE,,,66049787893
ET,Energy Transfer LP,NYSE,媒体内容,,65778817561
GM,General Motors Co.,NYSE,汽车制造,,65772702915
APD,"Air Products & Chemicals, Inc.",NYSE,化学制品,,65102393148
CNI,Canadian National Railway Co.,NYSE,运输,,64753376239
SRE,Sempra,NYSE,,,64327121783
IMO,Imperial Oil Ltd.,NYSE,,,64008332317
TRV,"The Travelers Cos., Inc.",NYSE,保险,,63800990345
CIEN,Ciena Corp.,NASDAQ,电信,,63329527727
NKE,"NIKE, Inc.",NYSE,,,63219059514
HOOD,"Robinhood Markets, Inc.",NASDAQ,,,62706480389
DLR,"Digital Realty Trust, Inc.",NYSE,房地产信托投资基金,,62682328300
OXY,Occidental Petroleum Corp.,NYSE,,,62417293330
VXXB,iPath Series B S&P 500 VIX Short-Term Futures ETN,AMEX,,,62414302518
PCAR,"PACCAR, Inc.",NASDAQ,汽车制造,,62160717775
FTNT,"Fortinet, Inc.",NASDAQ,计算机硬件,,61946403272
TEL,TE Connectivity Plc,NYSE,,,61908761664
SPG,"Simon Property Group, Inc.",NYSE,,,61906321376
WPM,Wheaton Precious Metals Corp.,NYSE,,,61738205492
NWG,NatWest Group Plc,NYSE,,,61215333057
APO,"Apollo Global Management, Inc.",NYSE,私募股权投资,,60924140306
BKR,Baker Hughes Co.,NYSE,工程建设,,60745137504
RELX,RELX Plc,NYSE,,,59821652694
LNG,"Cheniere Energy, Inc.",NYSE,,,59754368967
TFC,Truist Financial Corp.,NYSE,,,59358549297
RACE,Ferrari NV,NYSE,,,59218891296
MFC,Manulife Financial Corp.,NYSE,保险,,59044554317
DVMT,"Dell Technologies, Inc.",NYSE,,,58636798640
MPWR,"Monolithic Power Systems, Inc.",NASDAQ,半导体,,58510342521
LITE,"Lumentum Holdings, Inc.",NASDAQ,,,58244550000
O,Realty Income Corp.,NYSE,房地产信托投资基金,,58026402527
TAK,"Takeda Pharmaceutical Co., Ltd.",NYSE,,,57781639607
DB,Deutsche Bank AG,NYSE,银行,,57584849201
CTVA,"Corteva, Inc.",NYSE,,,57286852740
VEU,Vanguard FTSE All-World ex-US Index Fund,NYSE,股权,,57208929552
OKE,"ONEOK, Inc.",NYSE,管道,,57099670007
AFL,"Aflac, Inc.",NYSE,保险,,56938097700
MDLN,"Medline, Inc.",NASDAQ,,,56646458522
INFY,Infosys Ltd.,NYSE,,,56482160308
MPLX,MPLX LP,NYSE,,,56079889722
AJG,Arthur J. Gallagher & Co.,NYSE,保险,,55891137531
AZO,"AutoZone, Inc.",NYSE,零售,,55806989340
D,"Dominion Energy, Inc.",NYSE,,,55102296776
FANG,"Diamondback Energy, Inc.",NASDAQ,,,54994913428
ALL,The Allstate Corp.,NYSE,保险,,54640080710
TOT,Lionshares U.S. Equity Total Return ETF,NYSE,,,54484023097
TGT,Target Corp.,NYSE,零售,,54125296923
TRGP,Targa Resources Corp.,NYSE,,,53910996007
SQ,"Block, Inc.",NYSE,,,53898894172
GWW,"W.W. Grainger, Inc.",NYSE,销售/批发,,52448724033
FAST,Fastenal Co.,NASDAQ,,,52409712313
ETR,Entergy Corp.,NYSE,电力,,52129531597
VST,Vistra Corp.,NYSE,,,52028252561
SNOW,"Snowflake, Inc.",NYSE,,,51592269899
KEYS,"Keysight Technologies, Inc.",NYSE,,,51555362510
CVE,"Cenovus Energy, Inc.",NYSE,,,51107241470
AU,Anglogold Ashanti Plc,NYSE,,,51046896403
EA,"Electronic Arts, Inc.",NASDAQ,软件,,51039244003
UI,"Ubiquiti, Inc.",NYSE,,,50649853139
FNV,Franco-Nevada Corp.,NYSE,,,50364804168
XEL,"Xcel Energy, Inc.",NYSE,电力,,50247039573
EXC,Exelon Corp.,NYSE,电力,,50186736452
TER,"Teradyne, Inc.",NYSE,半导体,,50174168808
FIX,"Comfort Systems USA, Inc.",NYSE,建筑材料,,50121163430
CAH,"Cardinal Health, Inc.",NYSE,卫生保健设施,,50068189730
AME,"AMETEK, Inc.",NYSE,,,49878996947
ADSK,"Autodesk, Inc.",NASDAQ,软件,,49576562826
NOK,Nokia Oyj,NYSE,计算机硬件,,49409552130
ASX,"ASE Technology Holding Co., Ltd.",NYSE,半导体,,49339796818
NXPI,NXP Semiconductors NV,NASDAQ,半导体,,49305424536
ZTS,"Zoetis, Inc.",NYSE,,,49304517699
NDAQ,"Nasdaq, Inc.",NASDAQ,,,49113550026
PSA,Public Storage,NYSE,,,49018424274
ITOT,iShares Core S&P Total U.S. Stock Market ETF,NASDAQ,股权,,48551677975
SE,Sea Ltd. (Singapore),NYSE,管道,,48166742192
CCJ,Cameco Corp.,NYSE,采矿,,48008801517
COHR,Coherent Corp.,NYSE,半导体,,47826621589
FER,Ferrovial SE,NASDAQ,,,47713556347
AMLP,The Alerian MLP ETF,NYSE,股权,,47641978483
ABEV,Ambev SA,NYSE,,,46812067556
EW,Edwards Lifesciences Corp.,NYSE,,,46607627866
GRMN,Garmin Ltd.,NASDAQ,计算机硬件,,46439850918
MET,"MetLife, Inc.",NYSE,保险,,46426232984
CARR,Carrier Global Corp.,NYSE,,,46316422834
COIN,"Coinbase Global, Inc.",NASDAQ,,,46260685996
F,Ford Motor Co.,NYSE,汽车制造,,46207669840
URI,"United Rentals, Inc.",NYSE,,,46079317839
FERG,"Ferguson Enterprises, Inc.",NYSE,,,45887075212
IDXX,"IDEXX Laboratories, Inc.",NASDAQ,,,45653224048
BSBR,Banco Santander (Brasil) SA,NYSE,银行,,44827188786
CRWV,"CoreWeave, Inc.",NASDAQ,,,44809655334
KR,The Kroger Co.,NYSE,食品,,44521995594
BDX,"Becton, Dickinson & Co.",NYSE,医疗保健产品,,44123592634
HLN,Haleon Plc,NYSE,,,44034018510
IWB,iShares Russell 1000 ETF,NYSE,股权,,43899045315
WAB,Westinghouse Air Brake Technologies Corp.,NYSE,,,43572512406
YUM,"Yum! Brands, Inc.",NYSE,,,43339870023
FITB,Fifth Third Bancorp,NASDAQ,银行,,43276880398
CMG,"Chipotle Mexican Grill, Inc.",NYSE,,,43058106169
EBAY,"eBay, Inc.",NASDAQ,,,43012480957
DAL,"Delta Air Lines, Inc.",NYSE,,,42858438787
MSTR,"Strategy, Inc.",NASDAQ,软件,,42756939466
ALNY,"Alnylam Pharmaceuticals, Inc.",NASDAQ,生物技术和制药,,42632884337
ESLT,Elbit Systems Ltd.,NASDAQ,航空航天/国防,,42517070486
VXZB,Barclays Bank PLC iPath Series B S&#38;P 500 VIX Mid-Term Future,AMEX,,,42038904084
HSY,The Hershey Co.,NYSE,,,41952972379
CCEP,Coca-Cola Europacific Partners plc,NYSE,,,41819362231
WCN,"Waste Connections, Inc.",NYSE,环境控制,,41794911936
ROK,"Rockwell Automation, Inc.",NYSE,机械-多元,,41501639560
ODFL,"Old Dominion Freight Line, Inc.",NASDAQ,,,41462106463
ED,"Consolidated Edison, Inc.",NYSE,电力,,41354705681
PYPL,"PayPal Holdings, Inc.",NASDAQ,,,41280399017
GFI,Gold Fields Ltd.,NYSE,采矿,,41278515379
DEO,Diageo Plc,NYSE,饮料,,41255239187
MT,ArcelorMittal SA,NYSE,,,40948568428
RKT,"Rocket Cos., Inc.",NYSE,包装容器,,40915521650
RBLX,Roblox Corp.,NYSE,,,40750597702
AIG,"American International Group, Inc.",NYSE,保险,,40740801044
PEG,"Public Service Enterprise Group, Inc.",NYSE,,,40702164686
CBRE,"CBRE Group, Inc.",NYSE,,,40459288534
MSCI,"MSCI, Inc.",NYSE,软件,,40017228482
FMX,Fomento Economico Mexicano SAB de CV,NYSE,饮料,,39933593761
VTR,"Ventas, Inc.",NYSE,房地产信托投资基金,,39767739500
DHI,"D.R. Horton, Inc.",NYSE,房屋建筑商,,39709646475
NUE,Nucor Corp.,NYSE,钢铁,,39457476775
VG,"Venture Global, Inc.",NYSE,,,39286954439
TRI,Thomson Reuters Corp.,NYSE,,,39258818785
BBD,Banco Bradesco SA,NYSE,银行,,39217342402
AMP,"Ameriprise Financial, Inc.",NYSE,保险,,39183377735
JD,"JD.com, Inc.",NASDAQ,,,39018658745
PCG,PG&E Corp.,NYSE,,,38728761845
HEI,HEICO Corp.,NYSE,航空航天/国防,,38420577398
ERIC,Telefonaktiebolaget LM Ericsson,NASDAQ,计算机硬件,,38366852760
RKLB,Rocket Lab Corp.,NASDAQ,,,38184886829
BE,Bloom Energy Corp.,NYSE,,,38129308928
WEC,"WEC Energy Group, Inc.",NYSE,,,38087312838
EQT,EQT Corp.,NYSE,,,37887187292
KGC,Kinross Gold Corp.,NYSE,,,37867628998
BIDU,"Baidu, Inc.",NASDAQ,媒体内容,,37635346820
TKO,"TKO Group Holdings, Inc.",NYSE,,,37458352234
HIG,"The Hartford Insurance Group, Inc.",NYSE,保险,,37451189503
LYV,"Live Nation Entertainment, Inc.",NYSE,,,37166794499
EEM,iShares MSCI Emerging Markets ETF,NYSE,股权,,37151560618
CCI,"Crown Castle, Inc.",NYSE,电信,,37051952607
NTR,Nutrien Ltd.,NYSE,,,36968425607
ROP,"Roper Technologies, Inc.",NYSE,机械-多元,,36933478467
PUK,Prudential Plc,NYSE,保险,,36814110347
TTWO,"Take-Two Interactive Software, Inc.",NASDAQ,软件,,36725848329
STT,State Street Corp.,NYSE,,,36571932667
MCHP,"Microchip Technology, Inc.",NASDAQ,半导体,,36532055926
ALC,Alcon AG,NYSE,卫生保健设施,,36396240102
VMC,Vulcan Materials Co.,NYSE,采矿,,36248937237
ABC,AmerisourceBergen Corp.,NYSE,制药,,36149701702
SATS,EchoStar Corp.,NASDAQ,电信,,36043038960
XYZ,"Block, Inc.",NYSE,,,35927787731
MLM,"Martin Marietta Materials, Inc.",NYSE,,,35851288468
LVS,Las Vegas Sands Corp.,NYSE,住宿,,35848656062
KB,"KB Financial Group, Inc.",NYSE,多元化金融服务,,35828201096
VOD,Vodafone Group Plc,NASDAQ,电信,,35435759068
SLF,"Sun Life Financial, Inc.",NYSE,保险,,35388850640
BBDO,Banco Bradesco SA,NYSE,银行,,35306177093
INSM,"Insmed, Inc.",NASDAQ,生物技术和制药,,35190375588
CPNG,"Coupang, Inc.",NYSE,,,35082996974
SYY,Sysco Corp.,NYSE,食品,,35021774961
CUK,Carnival Plc,NYSE,休闲,,34923320056
CCL,Carnival Corp.,NYSE,休闲,,34905519103
ADM,Archer-Daniels-Midland Co.,NYSE,农业,,34768731767
KDP,"Keurig Dr Pepper, Inc.",NYSE,,,34605222647
ACGL,Arch Capital Group Ltd.,NASDAQ,保险,,34529963097
FI,"Fiserv, Inc.",NASDAQ,,,34314949597
CLS,"Celestica, Inc.",NYSE,电子,,34184541585
TEVA,Teva Pharmaceutical Industries Ltd.,NYSE,生物技术和制药,,34151945914
PRU,"Prudential Financial, Inc.",NYSE,保险,,33877542982
ONC,BeOne Medicines Ltd.,NASDAQ,,,33724046942
VV,Vanguard Large-Cap Index Fund,NYSE,股权,,33563220715
EME,"EMCOR Group, Inc.",NYSE,工程建设,,33418127417
ARES,Ares Management Corp.,NYSE,,,33402622462
IX,ORIX Corp.,NYSE,,,33151032074
RMD,"ResMed, Inc.",NYSE,,,32930604121
TCOM,Trip.com Group Ltd.,NASDAQ,,,32823964801
PAYX,"Paychex, Inc.",NASDAQ,商业服务,,32823028377
NRG,"NRG Energy, Inc.",NYSE,电力,,32786288103
CHT,"Chunghwa Telecom Co., Ltd.",NYSE,,,32775211674
WDAY,"Workday, Inc.",NYSE,软件,,32770071059
HPE,Hewlett Packard Enterprise Co.,NYSE,,,32680415099
HBAN,"Huntington Bancshares, Inc.",NASDAQ,银行,,32349460227
HAL,Halliburton Co.,NYSE,油气服务,,32337297755
A,"Agilent Technologies, Inc.",NYSE,电子,,32182751198
KVUE,"Kenvue, Inc.",NYSE,,,32066926988
CQP,Cheniere Energy Partners LP,NYSE,管道,,31923367539
CPRT,"Copart, Inc.",NASDAQ,,,31895142639
VIK,Viking Holdings Ltd. (Bermuda),NYSE,,,31887229498
GEHC,"GE Healthcare Technologies, Inc.",NASDAQ,,,31817113552
STM,STMicroelectronics NV,NYSE,半导体,,31711248256
CHTR,"Charter Communications, Inc.",NASDAQ,媒体内容,,31595719637
MTB,M&T Bank Corp.,NYSE,银行,,31499312494
MDY,State Street SPDR S&P MIDCAP 400 ETF Trust,NYSE,股权,,31476507045
ATO,Atmos Energy Corp.,NYSE,天然气,,31218328417
IRM,"Iron Mountain, Inc.",NYSE,,,31154957503
IR,"Ingersoll Rand, Inc.",NYSE,,,31153212220
SYM,"Symbotic, Inc.",NASDAQ,,,31060022134
DVN,Devon Energy Corp.,NYSE,油气,,31040943409
TPL,Texas Pacific Land Corp.,NYSE,,,31009222163
CBOE,"Cboe Global Markets, Inc.",NASDAQ,,,30944049645
KMB,Kimberly-Clark Corp.,NYSE,家庭产品/用品,,30885693539
DTE,DTE Energy Co.,NYSE,,,30844329796
AEE,Ameren Corp.,NYSE,电力,,30799803378
HMC,"Honda Motor Co., Ltd.",NYSE,汽车制造,,30478678708
RYAAY,Ryanair Holdings Plc,NASDAQ,航空公司,,30425390457
IBKR,"Interactive Brokers Group, Inc.",NASDAQ,多元化金融服务,,30350965764
OTIS,Otis Worldwide Corp.,NYSE,,,30254138708
EC,Ecopetrol SA,NYSE,,,30241329074
QUAL,iShares MSCI Usa Quality Factor ETF,AMEX,,,30162388028
WAT,Waters Corp.,NYSE,电子,,30154553587
AXON,"Axon Enterprise, Inc.",NYSE,,,29977880685
XYL,"Xylem, Inc.",NYSE,机械-多元,,29927501636
DOW,"Dow, Inc.",NYSE,化学制品,,29799437878
AMRZ,Amrize Ltd.,NYSE,,,29792221027
VICI,"VICI Properties, Inc.",NYSE,,,29749963761
SHG,"Shinhan Financial Group Co., Ltd.",NYSE,银行,,29711249262
TS,Tenaris SA,NYSE,金属构造/部件,,29663700848
ORAN,Orange SA,NYSE,,,29638188069
HEI.A,HEICO Corp.,NYSE,,,29637892478
LQD,iShares iBoxx $ Investment Grade Corporate Bond ETF,NYSE,股权,,29615783561
FE,FirstEnergy Corp.,NYSE,,,29498330997
FISV,"Fiserv, Inc.",NASDAQ,软件,,29485503854
TDY,"Teledyne Technologies, Inc.",NYSE,,,29414718524
CTSH,Cognizant Technology Solutions Corp.,NASDAQ,,,29407403914
FTI,TechnipFMC plc,NYSE,油气服务,,29281164650
PPL,PPL Corp.,NYSE,电力,,29229136129
VGK,Vanguard FTSE Europe ETF,NYSE,资产配置,,29169302550
FTS,"Fortis, Inc.",NYSE,,,29137681071
LTM,LATAM Airlines Group SA,NYSE,休闲,,28931710478
UAL,"United Airlines Holdings, Inc.",NYSE,,,28929960297
WLTW,Willis Towers Watson Plc,NASDAQ,,,28853787517
JBL,"Jabil, Inc.",NYSE,,,28811669518
IVE,iShares S&P 500 Value ETF,NYSE,股权,,28761464415
IQV,"IQVIA Holdings, Inc.",NYSE,,,28641354111
CNP,"CenterPoint Energy, Inc.",NYSE,,,28521516004
VCSH,Vanguard Short-Term Corporate Bond ETF,NASDAQ,股权,,28412853216
TPR,"Tapestry, Inc.",NYSE,,,28385483447
VEEV,"Veeva Systems, Inc.",NYSE,软件,,28177853777
EXR,"Extra Space Storage, Inc.",NYSE,,,28078682385
RJF,"Raymond James Financial, Inc.",NYSE,,,28061822810
NBIS,Nebius Group NV,NASDAQ,,,28058600365
DOV,Dover Corp.,NYSE,多元化制造商,,27975654328
EIX,Edison International,NYSE,电力,,27948021337
EXPE,"Expedia Group, Inc.",NASDAQ,互联网,,27484572388
KHC,The Kraft Heinz Co.,NASDAQ,,,27439203365
CASY,"Casey's General Stores, Inc.",NASDAQ,零售,,27416947905
RSP,Invesco S&P 500 Equal Weight ETF,NYSE,股权,,27405972751
ASTS,"AST Spacemobile, Inc.",NASDAQ,,,27123009818
RPRX,Royalty Pharma Plc,NASDAQ,生物技术和制药,,27037274788
NTRS,Northern Trust Corp.,NASDAQ,银行,,26988286921
RDDT,"Reddit, Inc.",NYSE,,,26962790437
SDY,SPDR S&P Dividend ETF,NYSE,股权,,26920639017
WTW,Willis Towers Watson Plc,NYSE,商业服务,,26870492180
BAP,Credicorp Ltd.,NYSE,银行,,26781461311
DG,Dollar General Corp.,NYSE,,,26693631561
MTZ,"MasTec, Inc.",NYSE,工程建设,,26681443427
DVY,iShares Select Dividend ETF,NYSE,股权,,26676994644
STZ,"Constellation Brands, Inc.",NYSE,饮料,,26675787681
TW,"Tradeweb Markets, Inc.",NASDAQ,,,26586659810
VCIT,Vanguard Intermediate-Term Corporate Bond Index Fund,NASDAQ,股权,,26560716929
QSR,"Restaurant Brands International, Inc.",NYSE,,,26511036776
CTRA,"Coterra Energy, Inc.",NYSE,,,26508999883
HUBB,"Hubbell, Inc.",NYSE,,,26475779804
AWK,"American Water Works Co., Inc.",NYSE,水业,,26435067131
EBR.B,AXIA Energia SA,NYSE,,,26256787469
CFG,"Citizens Financial Group, Inc. (Rhode Island)",NYSE,,,26178992623
ES,Eversource Energy,NYSE,,,26117492221
SUNB,"Sunbelt Rentals Holdings, Inc.",NYSE,,,26112281680
PBA,Pembina Pipeline Corp.,NYSE,管道,,25937808400
ROL,"Rollins, Inc.",NYSE,,,25882801344
LYB,LyondellBasell Industries NV,NYSE,化学制品,,25857362721
AXIA,AXIA Energia SA,NYSE,,,25839287490
CW,Curtiss-Wright Corp.,NYSE,,,25830591020
BIIB,"Biogen, Inc.",NASDAQ,生物技术,,25772265016
OIH,VanEck Oil Services ETF,NYSE,环球,,25721543061
TECK,Teck Resources Limited,NYSE,,,25720580474
MTD,"Mettler-Toledo International, Inc.",NYSE,,,25715601350
PHG,Koninklijke Philips NV,NYSE,电子,,25694314217
FICO,Fair Isaac Corp.,NYSE,软件,,25669245716
STLD,"Steel Dynamics, Inc.",NASDAQ,钢铁,,25643331401
IXUS,ishares Core MSCI Total International Stock ETF,NASDAQ,股权,,25466554112
GEHCV,"GE Healthcare Technologies, Inc.",NASDAQ,,,25463760000
VIV,Telefonica Brasil SA,NYSE,,,25389093571
FOXA,Fox Corp.,NASDAQ,,,25374876702
VRSN,"VeriSign, Inc.",NASDAQ,互联网,,25194575000
ON,ON Semiconductor Corp.,NASDAQ,,,25090350358
FLEX,Flex Ltd.,NASDAQ,电子,,25079038019
EL,"The Est茅e Lauder Companies, Inc.",NYSE,化妆品/护理,,25020658902
Q,"Qnity Electronics, Inc.",NYSE,,,25005690103
WRB,W.R. Berkley Corp.,NYSE,保险,,24971050392
CINF,Cincinnati Financial Corp.,NASDAQ,保险,,24937814856
EBR,AXIA Energia SA,NYSE,,,24795439400
UTHR,United Therapeutics Corp.,NASDAQ,生物技术,,24793322505
ZM,"Zoom Communications, Inc.",NASDAQ,,,24757911025
FTAI,FTAI Aviation Ltd.,NYSE,,,24722213107
BG,Bunge Global SA,NYSE,农业,,24581457561
EXE,Expand Energy Corp.,NYSE,,,24503795123
GFS,"GLOBALFOUNDRIES, Inc.",NASDAQ,,,24420177582
DXCM,"DexCom, Inc.",NASDAQ,,,24288820414
CMS,CMS Energy Corp.,NYSE,电力,,24205455910
VOT,Vanguard Mid-Cap Growth Index Fund,NYSE,股权,,24153314640
FCAU,Stellantis NV,NYSE,,,23982901099
SYF,Synchrony Financial,NYSE,,,23932001902
MKL,"Markel Group, Inc.",NYSE,保险,,23909262339
LPLA,"LPL Financial Holdings, Inc.",NASDAQ,多元化金融服务,,23850338857
FIS,"Fidelity National Information Services, Inc.",NYSE,,,23770593536
VRSK,"Verisk Analytics, Inc.",NASDAQ,,,23711097016
PAAS,Pan American Silver Corp.,NASDAQ,,,23709864318
HUM,"Humana, Inc.",NYSE,卫生保健设施,,23668736253
WIT,Wipro Ltd.,NYSE,计算机,,23568543196
AER,AerCap Holdings NV,NYSE,,,23501224701
XPO,"XPO, Inc.",NYSE,运输,,23465786795
UMC,United Microelectronics Corp.,NYSE,半导体,,23421213898
NMR,"Nomura Holdings, Inc.",NYSE,,,23413710111
AVB,"AvalonBay Communities, Inc.",NYSE,房地产信托投资基金,,23333127355
ULTA,"Ulta Beauty, Inc.",NASDAQ,,,23277945731
CRCL,"Circle Internet Group, Inc.",NYSE,,,23267445409
TSCO,Tractor Supply Co.,NASDAQ,,,22954915658
PPG,"PPG Industries, Inc.",NYSE,化学制品,,22881173498
FOX,Fox Corp.,NASDAQ,,,22865039192
ZS,"Zscaler, Inc.",NASDAQ,,,22846750400
NI,"NiSource, Inc.",NYSE,,,22802106710
RF,Regions Financial Corp.,NYSE,银行,,22733357052
EQR,Equity Residential,NYSE,房地产信托投资基金,,22732110666
FCNCA,"First Citizens BancShares, Inc. (North Carolina)",NASDAQ,银行,,22730918998
BHGE,"Baker Hughes, a GE Co.",NYSE,,,22666621781
TSN,"Tyson Foods, Inc.",NYSE,食品,,22599950714
CCE,Coca-Cola European Partners Plc,NYSE,饮料,,22575665230
BRO,"Brown & Brown, Inc.",NYSE,保险,,22536545833
SQM,Sociedad Quimica y Minera de Chile SA,NYSE,化学制品,,22428279725
WWD,"Woodward, Inc.",NASDAQ,电子,,22366086373
HRS,Harris Corp.,NYSE,电信,,22341094737
VBR,Vanguard Small Cap Value Index Fund,NYSE,股权,,22340438814
DPS,"Dr Pepper Snapple Group, Inc.",NYSE,饮料,,22286169586
BLL,Ball Corp.,NYSE,包装容器,,22222128241
BCE,"BCE, Inc.",NYSE,,,22222090148
L,Loews Corp.,NYSE,保险,,22206449591
LH,"Labcorp Holdings, Inc.",NYSE,卫生保健设施,,22179609106
ACWI,iShares MSCI ACWI ETF,NASDAQ,环球,,22166964456
RGLD,"Royal Gold, Inc.",NASDAQ,,,22129430794
KEY,KeyCorp,NYSE,银行,,22118944850
PHM,"PulteGroup, Inc.",NYSE,房屋建筑商,,22050006311
EFX,"Equifax, Inc.",NYSE,,,21936194677
CHD,"Church & Dwight Co., Inc.",NYSE,,,21922790673
DRI,"Darden Restaurants, Inc.",NYSE,零售,,21833808181
VLTO,Veralto Corp.,NYSE,,,21811093617
FLT,"FLEETCOR Technologies, Inc.",NYSE,,,21790323134
DGX,"Quest Diagnostics, Inc.",NYSE,健康护理服务,,21783831723
SBAC,SBA Communications Corp.,NASDAQ,电信,,21777639614
FWONK,Liberty Media Corp.,NASDAQ,,,21666068038
TEF,Telef贸nica SA,NYSE,,,21603292851
OMC,"Omnicom Group, Inc.",NYSE,媒体内容,,21559416469
STE,STERIS Plc (Ireland),NYSE,医疗保健产品,,21500007539
STLA,Stellantis NV,NYSE,,,21499325224
SBS,Companhia de Saneamento Basico do Estado de Sao Paulo SABESP,NYSE,,,21491906681
TSEM,Tower Semiconductor Ltd.,NASDAQ,半导体,,21478239309
WSM,"Williams-Sonoma, Inc.",NYSE,,,21414555925
LEN,Lennar Corp.,NYSE,,,21201327653
RL,Ralph Lauren Corp.,NYSE,服饰,,21159292012
DLTR,"Dollar Tree, Inc.",NASDAQ,零售,,20996475679
KOF,Coca-Cola FEMSA SAB de CV,NYSE,饮料,,20770929626
BT,BT Group Plc,NYSE,电信,,20741143516
FSLR,"First Solar, Inc.",NASDAQ,,,20663855393
LEN.B,Lennar Corp.,NYSE,,,20599608233
JBHT,"J.B. Hunt Transport Services, Inc.",NASDAQ,,,20596255545
BURL,"Burlington Stores, Inc.",NYSE,,,20588852313
SW,Smurfit WestRock Plc,NYSE,,,20566482532
CF,"CF Industries Holdings, Inc.",NYSE,化学制品,,20550806754
SOFI,"SoFi Technologies, Inc.",NASDAQ,,,20544501402
ALB,Albemarle Corp.,NYSE,化学制品,,20456911184
PSTG,"Everpure, Inc.",NYSE,,,20452226756
ALAB,"Astera Labs, Inc.",NASDAQ,,,20376623406
KYO,Kyocera Corp.,NYSE,计算机硬件,,20279083415
EWJ,iShares MSCI Japan ETF,NYSE,股权,,20233722850
CPAY,"Corpay, Inc.",NYSE,,,20166705635
ATI,"ATI, Inc.",NYSE,,,20098180780
TWLO,"Twilio, Inc.",NYSE,,,20084695603
EXAS,EXACT Sciences Corp.,NASDAQ,生物技术,,20026082705
LDOS,"Leidos Holdings, Inc.",NYSE,,,20006268441
FWONA,Liberty Media Corp.,NASDAQ,,,19987887730
FN,Fabrinet,NYSE,,,19980940924
MRNA,"Moderna, Inc.",NASDAQ,生物技术和制药,,19872968147
ROIV,Roivant Sciences Ltd.,NASDAQ,,,19860706552
IHG,InterContinental Hotels Group Plc,NYSE,住宿,,19841481040
PFG,"Principal Financial Group, Inc.",NYSE,保险,,19709875461
CRDO,Credo Technology Group Holding Ltd.,NASDAQ,,,19697409155
USFD,US Foods Holding Corp.,NYSE,,,19680851973
CDE,"Coeur Mining, Inc.",NYSE,采矿,,19665000000
BWXT,"BWX Technologies, Inc.",NYSE,,,19645260134
GIS,"General Mills, Inc.",NYSE,食品,,19639468010
FUTU,Futu Holdings Ltd.,NASDAQ,,,19626901127
TIP,iShares TIPS Bond ETF,NYSE,股权,,19626633901
CRS,Carpenter Technology Corp.,NYSE,,,19625028498
CHRW,"C.H. Robinson Worldwide, Inc.",NASDAQ,,,19574954651
TU,TELUS Corp.,NYSE,,,19563700686
AGI,"Alamos Gold, Inc.",NYSE,,,19519139854
TROW,"T. Rowe Price Group, Inc.",NASDAQ,多元化金融服务,,19414798307
ILMN,"Illumina, Inc.",NASDAQ,生物技术,,19332676373
NTAP,"NetApp, Inc.",NASDAQ,计算机,,19261420464
AA,Alcoa Corp.,NYSE,,,19251414471
NVT,nVent Electric Plc,NYSE,,,19229161421
EXPD,"Expeditors International of Washington, Inc.",NASDAQ,运输,,19220178369
HCN,"Welltower, Inc.",NYSE,房地产信托投资基金,,19121241187
ZTO,"ZTO Express (Cayman), Inc.",NYSE,,,19101235782
SNA,"Snap-On, Inc.",NYSE,,,19089428314
RVMD,"Revolution Medicines, Inc.",NASDAQ,,,19082116579
EVRG,"Evergy, Inc.",NYSE,,,19076738060
AS,"Amer Sports, Inc.",NYSE,,,19008124459
LI,"Li Auto, Inc.",NASDAQ,,,18842999076
LNT,Alliant Energy Corp.,NYSE,电力,,18763786375
WST,"West Pharmaceutical Services, Inc.",NYSE,医疗保健产品,,18694366512
RBS,Royal Bank of Scotland Group Plc,NYSE,银行,,18685109280
BR,"Broadridge Financial Solutions, Inc.",NYSE,软件,,18668118176
INCY,Incyte Corp.,NASDAQ,生物技术和制药,,18645667679
SRAD,Sportradar Group AG,NASDAQ,,,18642260344
DD,"DuPont de Nemours, Inc.",NYSE,化学制品,,18618302482
LUV,Southwest Airlines Co.,NYSE,航空公司,,18597038469
TLK,PT Telkom Indonesia (Persero) Tbk,NYSE,电信,,18346323449
WPPGY,WPP plc,NASDAQ,广告,,18335589543
BCH,Banco de Chile SA,NYSE,银行,,18324497877
IWS,iShares Russell Mid-Cap Value ETF,NYSE,股权,,18290260391
IP,International Paper Co.,NYSE,,,18288454489
RIVN,"Rivian Automotive, Inc.",NASDAQ,,,18230139480
RBA,"RB Global, Inc.",NYSE,,,18177879391
FLUT,Flutter Entertainment Plc,NYSE,,,18163718545
PKG,Packaging Corporation of America,NYSE,包装容器,,18118078429
APG,APi Group Corp.,NYSE,,,18095266816
ENTG,"Entegris, Inc.",NASDAQ,半导体,,18049107441
AMCR,Amcor Plc,NYSE,,,18038264161
NVR,"NVR, Inc.",NYSE,房屋建筑商,,18036215948
PR,"Permian Resources Holdings, Inc.",NASDAQ,,,18018723276
RCI,"Rogers Communications, Inc.",NYSE,,,17973295246
IFF,"International Flavors & Fragrances, Inc.",NYSE,化学制品,,17875539851
MTUM,iShares Edge MSCI USA Momentum Factor ETF,AMEX,股权,,17858250101
CNC,Centene Corp.,NYSE,卫生保健设施,,17856259678
DKS,"Dick's Sporting Goods, Inc.",NYSE,,,17840141450
MTSI,"MACOM Technology Solutions Holdings, Inc.",NASDAQ,半导体,,17777087182
LULU,"lululemon athletica, Inc.",NASDAQ,零售,,17764041721
GMAB,Genmab A/S,NASDAQ,,,17761919069
IOT,"Samsara, Inc.",NYSE,房地产信托投资基金,,17694425171
ZBH,"Zimmer Biomet Holdings, Inc.",NYSE,,,17692214390
BEKE,"KE Holdings, Inc.",NYSE,,,17643779672
FITBI,Fifth Third Bancorp,NASDAQ,,,17642374033
PKX,"POSCO Holdings, Inc.",NYSE,钢铁,,17637790851
IJH,iShares Core S&P Mid-Cap ETF,NYSE,股权,,17578136755
IUSG,iShares Core S&P US Growth ETF,NYSE,,,17565413100
ITT,"ITT, Inc.",NYSE,多元化制造商,,17545269278
FTV,Fortive Corp.,NYSE,,,17507951806
FFIV,"F5, Inc.",NASDAQ,计算机硬件,,17470107629
CIB,Grupo Cibest SA,NYSE,银行,,17449628073
KEP,Korea Electric Power Corp.,NYSE,,,17435744138
YPF,YPF SA,NYSE,,,17332778222
WY,Weyerhaeuser Co.,NYSE,,,17319443342
GPN,"Global Payments, Inc.",NYSE,商业服务,,17257737125
OVV,"Ovintiv, Inc.",NYSE,,,17206962538
SHY,iShares 1-3 Year Treasury Bond ETF,NYSE,股权,,17190796059
PTC,"PTC, Inc.",NASDAQ,软件,,17125920797
HPQ,"HP, Inc.",NYSE,计算机,,17019779762
DGRO,iShares Core Dividend Growth ETF,NYSE,,,16991298996
CG,The Carlyle Group Inc.,NASDAQ,私募股权投资,,16975040149
HOLX,"Hologic, Inc.",NASDAQ,医疗保健产品,,16968845478
THC,Tenet Healthcare Corp.,NYSE,健康护理服务,,16923000525
YUMC,"Yum China Holdings, Inc.",NYSE,,,16870619177
AKAM,"Akamai Technologies, Inc.",NASDAQ,软件,,16767232847
SSNC,"SS&C Technologies Holdings, Inc.",NASDAQ,软件,,16632470674
PPD,"PPD, Inc.",AMEX,,,16613933753
CSGP,"CoStar Group, Inc.",NASDAQ,,,16573439331
ULS,"UL Solutions, Inc.",NYSE,,,16514632211
BIP,Brookfield Infrastructure Partners LP,NYSE,电力,,16510973766
RTO,Rentokil Initial Plc,NYSE,,,16500092452
XPEV,"XPeng, Inc.",NYSE,,,16458025692
CX,CEMEX SAB de CV,NYSE,,,16408919860
WES,Western Midstream Partners LP,NYSE,管道,,16254528710
CEGVV,Constellation Energy Corp.,NASDAQ,,,16228279602
NXT,"Nextpower, Inc.",NASDAQ,,,16210591601
VOE,Vanguard Mid-Cap Value Index Fund,NYSE,股权,,16176523802
MKSI,"MKS, Inc.",NASDAQ,半导体,,16034008689
WF,"Woori Financial Group, Inc.",NYSE,银行,,16013920735
ESS,"Essex Property Trust, Inc.",NYSE,,,16009671079
RBC,"RBC Bearings, Inc.",NYSE,,,16007723010
EMA,"Emera, Inc.",NYSE,,,15971853074
GFL,"GFL Environmental, Inc.",NYSE,,,15966221925
CDW,CDW Corp.,NASDAQ,,,15955217338
HTHT,H World Group Ltd.,NASDAQ,住宿,,15915671552
HII,"Huntington Ingalls Industries, Inc.",NYSE,造船,,15840647900
CLH,"Clean Harbors, Inc.",NYSE,环境控制,,15812964546
WLK,Westlake Corp.,NYSE,化学制品,,15804221876
AFRM,"Affirm Holdings, Inc.",NASDAQ,,,15789445508
BALL,Ball Corp.,NYSE,,,15772229533
SNX,TD SYNNEX Corp.,NYSE,,,15723693585
PAA,Plains All American Pipeline LP,NYSE,管道,,15698079947
LII,"Lennox International, Inc.",NYSE,,,15683931630
RS,"Reliance, Inc.",NYSE,,,15672028019
SUI,"Sun Communities, Inc.",NYSE,,,15642675851
GIB,"CGI, Inc.",NYSE,计算机,,15608603801
BSAC,Banco Santander Chile SA,NYSE,银行,,15603338763
NWS,News Corp.,NASDAQ,媒体,,15595500212
GDXJ,VanEck Vectors Junior Gold Miners ETF,NYSE,环球,,15569692929
WPC,"W.P. Carey, Inc.",NYSE,,,15551930586
WSO,"Watsco, Inc.",NYSE,,,15498122082
CHKP,Check Point Software Technologies Ltd.,NASDAQ,软件,,15468146735
JNUG,Direxion Daily Junior Gold Miners Index Bull 2X ETF,NYSE,,,15419477079
INVH,"Invitation Homes, Inc.",NYSE,,,15357807561
VTRS,"Viatris, Inc.",NASDAQ,,,15323778985
TOST,"Toast, Inc.",NYSE,,,15296329180
KIM,Kimco Realty Corp.,NYSE,房地产信托投资基金,,15267609750
TXT,"Textron, Inc.",NYSE,,,15264991167
NLY,"Annaly Capital Management, Inc.",NYSE,房地产信托投资基金,,15251355172
RE,Everest Re Group Ltd.,NYSE,保险,,15250899834
NIO,"NIO, Inc.",NYSE,,,15246663438
EWBC,"East West Bancorp, Inc.",NASDAQ,银行,,15222444055
SCHF,Schwab International Equity ETF,NYSE,股权,,15186504135
APA,APA Corp.,NYSE,油气,,15175683086
IEF,iShares 7-10 Year Treasury Bond ETF,NYSE,股权,,15096369668
TRMB,"Trimble, Inc.",NASDAQ,,,15020607074
MGA,"Magna International, Inc.",NYSE,汽车制造,,14963108074
WSO.B,"Watsco, Inc.",AMEX,,,14955260455
J,"Jacobs Solutions, Inc.",NYSE,,,14938047713
SMMT,"Summit Therapeutics, Inc.",NASDAQ,,,14902662473
IWN,iShares Russell 2000 Value ETF,NYSE,股权,,14882331985
NDSN,Nordson Corp.,NASDAQ,机械-多元,,14808872095
SYMC,Symantec Corp.,NASDAQ,软件,,14678251051
TPG,"TPG, Inc.",NASDAQ,,,14594751644
MEDP,"Medpace Holdings, Inc.",NASDAQ,,,14522333679
GRAB,Grab Holdings Ltd. (Singapore),NASDAQ,,,14515705200
MAA,"Mid-America Apartment Communities, Inc.",NYSE,,,14462011510
PKI,"PerkinElmer, Inc. (United States)",NYSE,,,14455820687
GPC,Genuine Parts Co.,NYSE,销售/批发,,14446438666
JLL,"Jones Lang LaSalle, Inc.",NYSE,,,14439624551
NLOK,"NortonLifeLock, Inc.",NASDAQ,,,14416245904
CNHI,CNH Industrial NV,NYSE,,,14398166645
IEX,IDEX Corp.,NYSE,,,14234288347
DECK,Deckers Outdoor Corp.,NASDAQ,服饰,,14231904696
GSLC,Goldman Sachs ETF Tr. - ActiveBeta US Large Cap Equity ETF,NYSE,,,14214375735
BBCA,JPMorgan BetaBuilders Canada ETF,AMEX,,,14207160205
BNT,Brookfield Wealth Solutions Ltd.,NYSE,,,14179100258
IWO,iShares Russell 2000 Growth ETF,NYSE,股权,,14175304385
SPYG,SPDR Portfolio S&P 500 Growth ETF,NYSE,股权,,14167643335
TYL,"Tyler Technologies, Inc.",NYSE,软件,,14166800208
REG,Regency Centers Corp.,NYSE,,,14157837337
IVW,iShares S&P 500 Growth ETF,NYSE,股权,,14126965926
NVMI,Nova Ltd.,NASDAQ,半导体,,14123080972
KSPI,Kaspi.kz JSC,NASDAQ,,,14117212726
WMG,Warner Music Group Corp.,NASDAQ,,,14108570225
GGG,"Graco, Inc.",NYSE,,,14087178627
PNR,Pentair plc,NYSE,,,14069139373
PODD,Insulet Corp.,NASDAQ,医疗保健产品,,14023132406
BBIO,"BridgeBio Pharma, Inc.",NASDAQ,,,13944556370
TME,Tencent Music Entertainment Group,NYSE,,,13924651136
NYT,The New York Times Co.,NYSE,媒体,,13902189082
MKC.V,"McCormick & Co., Inc.",NYSE,,,13815150615
RGC,Regencell Bioscience Holdings Ltd.,NYSE,,,13776461307
ASND,Ascendis Pharma A/S,NASDAQ,,,13739447068
TIGO,Millicom International Cellular SA,NASDAQ,,,13732940361
MKC,"McCormick & Co., Inc.",NYSE,,,13716379932
DTM,"DT Midstream, Inc.",NYSE,,,13679072173
RGA,"Reinsurance Group of America, Inc.",NYSE,保险,,13660087495
H,Hyatt Hotels Corp.,NYSE,住宿,,13640881368
SMCI,"Super Micro Computer, Inc.",NASDAQ,计算机,,13612925988
LOGI,Logitech International SA,NASDAQ,计算机硬件,,13604920834
COO,"The Cooper Cos., Inc.",NYSE,,,13591670445
SUN,Sunoco LP,NYSE,,,13565160517
NWSA,News Corp.,NASDAQ,媒体,,13558650169
WCC,"WESCO International, Inc.",NYSE,销售/批发,,13555750297
CSL,"Carlisle Cos., Inc.",NYSE,,,13553601091
SNN,Smith & Nephew plc,NYSE,医疗保健产品,,13541916602
GOVT,iShares Core U.S. Treasury Bond ETF,NASDAQ,股权,,13537424504
MINT,PIMCO Enhanced Short Maturity ETF,NYSE,环球,,13523739505
KTOS,"Kratos Defense & Security Solutions, Inc.",NASDAQ,,,13480527699
PAYP,PayPay Corp.,NASDAQ,,,13439371880
OHI,"Omega Healthcare Investors, Inc.",NYSE,房地产信托投资基金,,13430699985
BBY,"Best Buy Co., Inc.",NYSE,,,13387386478
QXO,"QXO, Inc.",NASDAQ,,,13360222121
PNFP,"Pinnacle Financial Partners, Inc.",NASDAQ,银行,,13352471631
FMS,Fresenius Medical Care AG,NYSE,健康护理服务,,13350311930
TRU,TransUnion,NYSE,,,13272376690
LECO,"Lincoln Electric Holdings, Inc.",NASDAQ,,,13270092486
LSCC,Lattice Semiconductor Corp.,NASDAQ,半导体,,13254434519
PFGC,Performance Food Group Co.,NYSE,,,13223019428
EG,Everest Group Ltd.,NYSE,,,13222928159
NBIX,"Neurocrine Biosciences, Inc.",NASDAQ,制药,,13137576694
HST,"Host Hotels & Resorts, Inc.",NYSE,房地产信托投资基金,,13130143740
COKE,"Coca-Cola Consolidated, Inc.",NASDAQ,饮料,,13105178528
RNR,RenaissanceRe Holdings Ltd.,NYSE,保险,,13092862826
LAMR,Lamar Advertising Co.,NASDAQ,媒体内容,,13062627410
GLPI,"Gaming & Leisure Properties, Inc.",NASDAQ,,,13008379106
HL,Hecla Mining Co.,NYSE,采矿,,12971269157
ARCC,Ares Capital Corp.,NASDAQ,投资公司,,12960311443
PEN,"Penumbra, Inc.",NYSE,,,12948637763
AEIS,"Advanced Energy Industries, Inc.",NASDAQ,,,12903529582
AVY,Avery Dennison Corp.,NYSE,家庭产品/用品,,12883602692
IGSB,iShares 1-5 Year Investment Grade Corporate Bond ETF,NASDAQ,,,12848374501
CNR,"Core Natural Resources, Inc.",AMEX,零售,,12726485359
MGK,Vanguard Mega Cap Growth ETF,NYSE,股权,,12700812301
FNF,"Fidelity National Financial, Inc.",NYSE,,,12626876738
TOL,"Toll Brothers, Inc.",NYSE,房屋建筑商,,12604554682
HAS,"Hasbro, Inc.",NASDAQ,,,12577307159
CACI,"CACI International, Inc.",NYSE,,,12569233949
CNA,CNA Financial Corp.,NYSE,保险,,12548505521
AR,Antero Resources Corp.,NYSE,,,12544625924
FIVE,"Five Below, Inc.",NASDAQ,,,12513161934
MLI,"Mueller Industries, Inc.",NYSE,,,12476953806
FVD,First Trust Value Line Dividend Index Fund,NYSE,股权,,12476190859
CLX,The Clorox Co.,NYSE,,,12458758474
VNTV,"Vantiv, Inc.",NYSE,商业服务,,12449117883
TIMB,TIM SA (Brazil),NYSE,,,12447120438
WBDWV,WARNER BROS DISCOVERY INC,NASDAQ,,,12436173663
DISCB,"Discovery, Inc.",NASDAQ,媒体,,12426010390
DISCA,"Discovery, Inc.",NASDAQ,媒体,,12410440302
APTV,Aptiv Plc,NYSE,,,12409088202
ALLY,"Ally Financial, Inc.",NYSE,,,12406026333
UNM,Unum Group,NYSE,保险,,12399439299
RPM,"RPM International, Inc.",NYSE,化学制品,,12386198896
BEN,"Franklin Resources, Inc.",NYSE,,,12383755722
DPZ,"Domino's Pizza, Inc.",NYSE,零售,,12379300882
PNW,Pinnacle West Capital Corp.,NYSE,,,12378503539
BBJP,JPMorgan BetaBuilders Japan ETF,AMEX,,,12368487997
GWRE,"Guidewire Software, Inc.",NYSE,软件,,12366763957
RRX,Regal Rexnord Corp.,NYSE,,,12339908266
BJ,"BJ's Wholesale Club Holdings, Inc.",NYSE,,,12338727546
SKM,"SK Telecom Co., Ltd.",NYSE,,,12321450339
ELS,"Equity LifeStyle Properties, Inc.",NYSE,,,12310521928
DRS,"Leonardo DRS, Inc.",NYSE,,,12284950375
BF.A,Brown-Forman Corp.,NYSE,饮料,,12238213148
PAC,Grupo Aeroportuario del Pac铆fico SAB de CV,NYSE,工程建设,,12225187991
IONS,"Ionis Pharmaceuticals, Inc.",NASDAQ,,,12206037592
BF.B,Brown-Forman Corp.,NYSE,饮料,,12178581000
PL,Planet Labs PBC,NYSE,保险,,12174060364
GMED,"Globus Medical, Inc.",NYSE,,,12172774590
EVR,"Evercore, Inc.",NYSE,,,12155324150
OEF,iShares S&P 100 ETF,NYSE,股权,,12126243298
PSKY,Paramount Skydance Corp.,NASDAQ,,,12117977577
CTL,"CenturyLink, Inc.",NYSE,电信,,12072523342
MAS,Masco Corp.,NYSE,,,12033178413
ALLE,Allegion Plc,NYSE,,,12008679526
HUBS,"HubSpot, Inc.",NYSE,,,12004273431
TPX,"Tempur Sealy International, Inc.",NYSE,,,11943843774
ALGN,"Align Technology, Inc.",NASDAQ,,,11894849019
IREN,IREN Ltd.,NASDAQ,,,11865680557
ERJ,Embraer SA,NYSE,航空航天/国防,,11825086599
HRL,Hormel Foods Corp.,NYSE,,,11803596424
AMKR,"Amkor Technology, Inc.",NASDAQ,半导体,,11800770746
QVCA,Liberty Interactive Corp.,NASDAQ,,,11785091838
JAZZ,Jazz Pharmaceuticals Plc,NASDAQ,制药,,11754333379
MDGL,"Madrigal Pharmaceuticals, Inc.",NASDAQ,,,11742741067
DOC,"Healthpeak Properties, Inc.",NYSE,,,11735931415
STRL,"Sterling Infrastructure, Inc.",NASDAQ,,,11726790187
AEG,Aegon Ltd.,NYSE,保险,,11721160030
ENSG,"The Ensign Group, Inc.",NASDAQ,健康护理服务,,11705575613
PINS,"Pinterest, Inc.",NYSE,,,11666200489
EQX,Equinox Gold Corp.,NYSE,,,11663506784
BBEU,JPMorgan BetaBuilders Europe ETF,AMEX,,,11593648198
ACGLO,Arch Capital Group Ltd.,NASDAQ,,,11527669698
SCI,Service Corp. International,NYSE,,,11508307058
ERIE,Erie Indemnity Co.,NASDAQ,保险,,11480462191
WTRG,"Essential Utilities, Inc.",NYSE,,,11465300963
JEC,"Jacobs Engineering Group, Inc.",NYSE,,,11438126892
JKHY,"Jack Henry & Associates, Inc.",NASDAQ,软件,,11425539339
EXEL,"Exelixis, Inc.",NASDAQ,生物技术和制药,,11424585665
DKNG,"DraftKings, Inc.",NASDAQ,,,11393988508
SF,Stifel Financial Corp.,NYSE,多元化金融服务,,11392390749
EMBJ,Embraer SA,NYSE,,,11370918416
ELAN,"Elanco Animal Health, Inc.",NYSE,,,11335431229
AGNC,AGNC Investment Corp.,NASDAQ,房地产信托投资基金,,11333485072
CCK,"Crown Holdings, Inc.",NYSE,,,11333071141
IUSV,iShares Core S&P U.S. Value ETF,NYSE,股权,,11315300393
UDR,"UDR, Inc.",NYSE,,,11311781171
RNAM,"Avidity Biosciences, Inc.",NASDAQ,,,11297996155
MOD,Modine Manufacturing Co.,NYSE,汽车制造,,11284475944
GL,"Globe Life, Inc.",NYSE,,,11275621629
WBS,Webster Financial Corp.,NYSE,银行,,11248778434
IAG,IAMGOLD Corp.,NYSE,采矿,,11248528263
GNRC,"Generac Holdings, Inc.",NYSE,,,11212951280
WTR,"Aqua America, Inc.",NYSE,水业,,11210768570
SFD,"Smithfield Foods, Inc.",NASDAQ,,,11166884053
SUZ,Suzano SA,NYSE,,,11149594568
LUX,Tema Luxury ETF,NYSE,,,11136448677
CFLT,"Confluent, Inc.",NASDAQ,,,11133730609
DIDI,"Didi Global, Inc.",NYSE,,,11115746551
GDDY,"GoDaddy, Inc.",NYSE,,,11105730701
DT,"Dynatrace, Inc.",NYSE,,,11094941668
AAXN,"Axon Enterprise, Inc.",NASDAQ,,,11091998770
FHN,First Horizon Corp. (Tennessee),NYSE,银行,,11071370269
FIG,"Figma, Inc.",NYSE,,,11055164607
ARMK,Aramark,NYSE,,,11039112000
UHS,"Universal Health Services, Inc.",NYSE,健康护理服务,,11032858088
CRBG,"Corebridge Financial, Inc.",NYSE,,,11018270568
DINO,HF Sinclair Corp.,NYSE,,,10964230870
CHWY,"Chewy, Inc.",NYSE,,,10925269710
WMS,"Advanced Drainage Systems, Inc.",NYSE,休闲,,10918623726
ONTO,"Onto Innovation, Inc.",NYSE,,,10899312996
AIZ,"Assurant, Inc.",NYSE,保险,,10893395096
JHX,James Hardie Industries Plc,NYSE,,,10872401859
KRMN,"Karman Holdings, Inc.",NYSE,,,10867156518
AFG,"American Financial Group, Inc.",NYSE,保险,,10854393920
CDAY,"Ceridian HCM Holding, Inc.",NYSE,,,10853830262
SOLV,Solventum Corp.,NYSE,,,10836094926
WYN,Wyndham Worldwide Corp.,NYSE,住宿,,10821465869
BMRN,"BioMarin Pharmaceutical, Inc.",NASDAQ,制药,,10812419253
RDY,Dr. Reddy's Laboratories Ltd.,NYSE,制药,,10808247722
BWA,"BorgWarner, Inc.",NYSE,汽车部件与设备,,10795561126
AM,Antero Midstream Corp.,NYSE,家庭产品/用品,,10790977357
ACM,AECOM,NYSE,工程建设,,10767156449
HDV,iShares Core High Dividend ETF,NYSE,股权,,10696391464
CHK,Chesapeake Energy Corp.,NYSE,油气,,10693673762
DY,"Dycom Industries, Inc.",NYSE,工程建设,,10693020104
RBRK,"Rubrik, Inc.",NYSE,,,10676133894
VMBS,Vanguard Mortgage-Backed Securities Index Fund,NASDAQ,股权,,10673500785
ONON,On Holding AG,NYSE,,,10661429397
AMH,American Homes 4 Rent,NYSE,,,10651940864
EQH,"Equitable Holdings, Inc.",NYSE,,,10622446000
CPT,Camden Property Trust,NYSE,,,10559574296
TXRH,"Texas Roadhouse, Inc.",NASDAQ,零售,,10544068332
BPYPP,Brookfield Property Partners LP,NASDAQ,,,10507575758
GME,GameStop Corp.,NYSE,零售,,10505430065
EHC,Encompass Health Corp.,NYSE,,,10505305657
SWK,"Stanley Black & Decker, Inc.",NYSE,,,10502020564
AG,First Majestic Silver Corp.,NYSE,,,10496586172
IT,"Gartner, Inc.",NYSE,,,10473845080
WYNN,Wynn Resorts Ltd.,NASDAQ,住宿,,10449077991
IONQ,"IonQ, Inc.",NYSE,,,10445594969
RRC,Range Resources Corp.,NYSE,,,10420208020
BSY,"Bentley Systems, Inc.",NASDAQ,,,10404436536
KT,KT Corp.,NYSE,,,10357443686
ENIA,Enel Am茅ricas SA,NYSE,,,10320325247
TTMI,"TTM Technologies, Inc.",NASDAQ,电子,,10310589735
AES,The AES Corp.,NYSE,电力,,10289623954
ZBRA,Zebra Technologies Corp.,NASDAQ,机械-多元,,10277537773
AABA,"Altaba, Inc.",NASDAQ,,,10198008589
AIT,"Applied Industrial Technologies, Inc.",NYSE,机械-多元,,10166407316
BAH,Booz Allen Hamilton Holding Corp.,NYSE,,,10139576448
CR,Crane Co.,NYSE,多元化制造商,,10125387431
EGP,"EastGroup Properties, Inc.",NYSE,,,10117498905
IVZ,Invesco Ltd.,NYSE,,,10117019464
OGE,OGE Energy Corp.,NYSE,,,10114360429
DAR,"Darling Ingredients, Inc.",NYSE,环境控制,,10080892496
BEP,Brookfield Renewable Partners LP,NYSE,,,10042524918
SJM,The J. M. Smucker Co.,NYSE,食品,,10040939397
ASR,Grupo Aeroportuario del Sureste SA de CV,NYSE,,,10035899963
GIL,"Gildan Activewear, Inc.",NYSE,服饰,,10018101710
SAIA,"Saia, Inc.",NASDAQ,运输,,10017338017
DVA,"DaVita, Inc.",NYSE,卫生保健设施,,9999959796
HLI,"Houlihan Lokey, Inc.",NYSE,,,9970224327
JNK,SPDR Bloomberg Barclays High Yield Bond ETF,NYSE,股权,,9939852251
RMBS,"Rambus, Inc.",NASDAQ,半导体,,9936601803
GTLS,"Chart Industries, Inc.",NASDAQ,机械-多元,,9925409394
DCI,"Donaldson Co., Inc.",NYSE,多元化制造商,,9905591891
HMY,Harmony Gold Mining Co. Ltd.,NYSE,采矿,,9897386384
CART,"Maplebear, Inc.",NASDAQ,,,9894090763
FLS,Flowserve Corp.,NYSE,机械-多元,,9890086934
BLD,TopBuild Corp.,AMEX,机械-多元,,9875002356
ORI,Old Republic International Corp.,NYSE,保险,,9861618885
STN,"Stantec, Inc.",NYSE,商业服务,,9845122060
ZG,"Zillow Group, Inc.",NASDAQ,,,9817861709
RVTY,"Revvity, Inc.",NYSE,,,9815214092
CNM,"Core & Main, Inc.",NYSE,,,9812306924
SPXC,"SPX Technologies, Inc.",NYSE,,,9806045598
Z,"Zillow Group, Inc.",NASDAQ,媒体内容,,9786672232
SITM,SiTime Corp.,NASDAQ,,,9770418422
ALSN,"Allison Transmission Holdings, Inc.",NYSE,汽车部件与设备,,9749417807
PAG,"Penske Automotive Group, Inc.",NYSE,零售,,9742066993
MUSA,"Murphy USA, Inc.",NYSE,,,9728308684
CAVA,"Cava Group, Inc.",NYSE,,,9708232776
MGM,MGM Resorts International,NYSE,住宿,,9694029033
WTS,"Watts Water Technologies, Inc.",NYSE,,,9684347293
KNX,"Knight-Swift Transportation Holdings, Inc.",NYSE,,,9669491961
XP,"XP, Inc.",NASDAQ,,,9660905085
TMK,Torchmark Corp.,NYSE,保险,,9611884272
U,"Unity Software, Inc.",NYSE,,,9603624016
IESC,"IES Holdings, Inc.",NASDAQ,,,9602704781
ENLT,Enlight Renewable Energy Ltd.,NASDAQ,,,9574229602
UHAL,U-Haul Holding Co.,NASDAQ,运输及出租,,9560757100
CIG.C,Companhia Energ茅tica de Minas Gerais SA,NYSE,,,9554676756
BILI,"Bilibili, Inc.",NASDAQ,,,9551504629
GSAT,"Globalstar, Inc.",NASDAQ,,,9496454459
MOG.B,"Moog, Inc.",NYSE,,,9469762095
TFII,"TFI International, Inc.",NYSE,,,9462899905
MOG.A,"Moog, Inc.",NYSE,,,9456120336
VFS,VinFast Auto Ltd.,NASDAQ,,,9451724910
WTFC,Wintrust Financial Corp.,NASDAQ,银行,,9448138992
IWP,iShares Russell Mid-Cap Growth ETF,NYSE,股权,,9439407857
FRHC,Freedom Holding Corp.,NASDAQ,,,9387851614
ABX,"Abacus Global Management, Inc.",NYSE,,,9386300174
UHALB,AMERCO,NASDAQ,,,9365090242
MASI,Masimo Corp.,NASDAQ,医疗保健产品,,9358804450
PEAK,"Healthpeak Properties, Inc.",NYSE,,,9356658218
EWY,iShares MSCI South Korea ETF,NYSE,股权,,9339823382
AVAV,"AeroVironment, Inc.",NASDAQ,,,9330166897
ACI,"Albertsons Cos., Inc.",NYSE,,,9276131063
FRT,Federal Realty Investment Trust,NYSE,房地产信托投资基金,,9250450006
ABVX,Abivax SA,NASDAQ,,,9223487936
SSB,SouthState Bank Corp.,NASDAQ,,,9219433996
DOCU,"DocuSign, Inc.",NASDAQ,,,9208106931
GPS,"Gap, Inc.",NYSE,,,9207884719
BPOP,"Popular, Inc.",NASDAQ,银行,,9205007927
BVN,Compa帽铆a de Minas Buenaventura SAA,NYSE,,,9191784657
SEIC,SEI Investments Co.,NASDAQ,,,9190615052
OSK,Oshkosh Corp.,NYSE,汽车制造,,9190008220
ADC,Agree Realty Corp.,NYSE,,,9181925281
BMNR,"Bitmine Immersion Technologies, Inc.",NYSE,,,9177350035
CREE,"Cree, Inc.",NASDAQ,半导体,,9169380580
EZU,iShares MSCI Eurozone ETF,NYSE,股权,,9127250453
W,"Wayfair, Inc.",NYSE,,,9124119817
SLW,Silver Wheaton,NYSE,采矿,,9122859945
NFG,National Fuel Gas Co.,NYSE,,,9120636303
TTC,The Toro Co.,NYSE,,,9115574048
ELPC,Companhia Paranaense de Energia,NYSE,,,9111759802
FPS,"Forgent Power Solutions, Inc.",NYSE,,,9087202453
EWZ,iShares MSCI Brazil ETF,NYSE,股权,,9052066034
GAP,"Gap, Inc.",NYSE,,,9034862756
NOBL,ProShares S&P 500 Dividend Aristocrats ETF,NYSE,,,9024883075
CAR,"Avis Budget Group, Inc.",NASDAQ,商业服务,,9013092907
CEF,Sprott Physical Gold & Silver Trust,AMEX,环球,,9004606293
TAP.A,Molson Coors Beverage Co.,NYSE,,,9002135901
LLYVK,"Liberty Live Holdings, Inc.",NASDAQ,,,9000940868
DDS,"Dillard's, Inc.",NYSE,零售,,8979035162
BRX,"Brixmor Property Group, Inc.",NYSE,,,8965755599
AHR,"American Healthcare REIT, Inc.",NYSE,,,8950158027
EDU,"New Oriental Education & Technology Group, Inc.",NYSE,,,8939216318
VIAV,"Viavi Solutions, Inc.",NASDAQ,,,8917745221
COG,Cabot Oil & Gas Corp.,NYSE,,,8892526247
AOS,A. O. Smith Corp.,NYSE,,,8873614127
DOCN,"DigitalOcean Holdings, Inc.",NYSE,,,8865577821
CELH,"Celsius Holdings, Inc.",NASDAQ,,,8860532121
RYAN,"Ryan Specialty Holdings, Inc.",NYSE,,,8853360608
UMBF,UMB Financial Corp.,NASDAQ,银行,,8851640000
AAOI,"Applied Optoelectronics, Inc.",NASDAQ,,,8846388786
SSL,Sasol Ltd.,NYSE,化学制品,,8831501662
CFR,"Cullen/Frost Bankers, Inc.",NYSE,银行,,8830147716
MP,MP Materials Corp.,NYSE,,,8792762300
FTEC,Fidelity MSCI Information Technology Index ETF,NYSE,,,8783589141
LLYVA,"Liberty Live Holdings, Inc.",NASDAQ,,,8770265146
SBSW,Sibanye Stillwater Ltd.,NYSE,,,8767682343
PCVX,"Vaxcyte, Inc.",NASDAQ,,,8734526815
BROS,"Dutch Bros, Inc.",NYSE,,,8724419884
ONB,Old National Bancorp,NYSE,银行,,8695954925
ZION,Zions Bancorporation NA,NASDAQ,银行,,8690309537
IGIB,iShares 5-10 Year Investment Grade Corporate Bond ETF,NASDAQ,,,8687308811
HBM,"Hudbay Minerals, Inc.",NYSE,采矿,,8667845065
LFUS,"Littelfuse, Inc.",NASDAQ,,,8655514317
CGNX,Cognex Corp.,NASDAQ,,,8632945781
AXSM,"Axsome Therapeutics, Inc.",NASDAQ,,,8631606267
CTRE,"CareTrust REIT, Inc.",NASDAQ,,,8610260009
BNRE.A,Brookfield Reinsurance Ltd.,NYSE,,,8604366691
JEF,"Jefferies Financial Group, Inc.",NYSE,,,8595986658
MYL,"Viatris, Inc.",NASDAQ,制药,,8586209394
BAX,"Baxter International, Inc.",NYSE,,,8580117216
FCFS,"FirstCash Holdings, Inc.",NASDAQ,,,8571738161
AGNCN,AGNC Investment Corp.,NASDAQ,,,8569102887
ARWR,"Arrowhead Pharmaceuticals, Inc.",NASDAQ,商业服务,,8567169060
YMM,"Full Truck Alliance Co., Ltd.",NYSE,,,8565872560
UHAL.B,U-Haul Holding Co.,NYSE,,,8557600174
SN,"SharkNinja, Inc.",NYSE,油气,,8549651441
CAE,"CAE, Inc.",NYSE,航空航天/国防,,8543929487
PRAX,"Praxis Precision Medicines, Inc.",NASDAQ,,,8541572041
NCLH,Norwegian Cruise Line Holdings Ltd.,NASDAQ,休闲,,8532369441
EMN,Eastman Chemical Co.,NYSE,化学制品,,8524786214
SARO,"StandardAero, Inc.",NYSE,,,8512636741
CUBE,CubeSmart,NYSE,房地产信托投资基金,,8491615008
BTSG,"BrightSpring Health Services, Inc.",NASDAQ,,,8490461183
BLDR,"Builders FirstSource, Inc.",NASDAQ,建筑材料,,8486188345
AGNCP,AGNC Investment Corp.,NASDAQ,,,8481060136
HSIC,"Henry Schein, Inc.",NASDAQ,医疗保健产品,,8470899161
PPC,Pilgrim's Pride Corp.,NASDAQ,食品,,8470020274
TAP,Molson Coors Beverage Co.,NYSE,饮料,,8466183287
HNP,"Huaneng Power International, Inc.",NYSE,,,8465197093
OC,Owens Corning,NYSE,,,8449878526
VGSH,Vanguard Short-Term Government Bond Index Fund,NASDAQ,股权,,8430243769
ESI,"Element Solutions, Inc.",NYSE,,,8428400157
TECH,Bio-Techne Corp.,NASDAQ,医疗保健产品,,8421880995
AGNCM,AGNC Investment Corp.,NASDAQ,,,8400347355
PCOR,"Procore Technologies, Inc.",NYSE,,,8396620757
MOS,The Mosaic Co.,NYSE,化学制品,,8372613920
WWE,"World Wrestling Entertainment, Inc.",NYSE,媒体内容,,8370220501
TEM,"Tempus AI, Inc.",NASDAQ,,,8369289771
CRL,"Charles River Laboratories International, Inc.",NYSE,生物技术,,8365434889
FNDF,Schwab Fundamental International Equity ETF,AMEX,,,8313434723
FDS,"FactSet Research Systems, Inc.",NYSE,媒体,,8291724728
BRKS,"Brooks Automation, Inc.",NASDAQ,半导体,,8285524702
SWKS,"Skyworks Solutions, Inc.",NASDAQ,半导体,,8281352199
AGCO,AGCO Corp.,NYSE,,,8280824177
QGEN,QIAGEN NV,NASDAQ,医疗保健产品,,8269780058
SPDW,State Street SPDR Portfolio Developed World ex-US ETF,AMEX,,,8246876755
CHRD,Chord Energy Corp.,NASDAQ,,,8241025931
NNN,"NNN REIT, Inc.",NYSE,,,8230447376
PSO,Pearson Plc,NYSE,媒体内容,,8229997247
JOBY,"Joby Aviation, Inc.",NYSE,,,8206821018
BXP,"BXP, Inc.",NYSE,房地产信托投资基金,,8201125832
FORM,"FormFactor, Inc.",NASDAQ,半导体,,8194571157
AYI,"Acuity, Inc.",NYSE,,,8184185942
SBGL,Sibanye-Stillwater Ltd.,NYSE,,,8183639810
ICLR,ICON plc,NASDAQ,健康护理服务,,8182730271
VRX,"Valeant Pharmaceuticals International, Inc.",NYSE,生物技术和制药,,8173601170
SPTM,SPDR Portfolio Total Stock Market ETF,AMEX,,,8172365024
CWEN,"Clearway Energy, Inc.",NYSE,,,8141033387
R,"Ryder System, Inc.",NYSE,运输,,8129697086
BNRE,Brookfield Reinsurance Ltd.,NYSE,,,8107133831
SNAP,"Snap, Inc.",NYSE,,,8106970321
IDCC,"InterDigital, Inc.",NASDAQ,电信,,8102120392
NE,Noble Corp. Plc,NYSE,油气,,8093276725
LUK,"Jefferies Financial Group, Inc.",NYSE,,,8089821162
OKLO,"Oklo, Inc.",NYSE,,,8086570046
PRIM,Primoris Services Corp.,NASDAQ,控股公司-多元经营,,8077785781
CYTK,"Cytokinetics, Inc.",NASDAQ,生物技术和制药,,8064701409
TTEK,"Tetra Tech, Inc.",NASDAQ,环境控制,,8061561949
PRI,"Primerica, Inc.",NYSE,保险,,8051153507
VMI,"Valmont Industries, Inc.",NYSE,金属构造/部件,,8048368878
AGX,"Argan, Inc.",NYSE,,,8046122946
SPYV,SPDR Portfolio S&P 500 Value ETF,NYSE,股权,,8039672909
NUVL,"Nuvalent, Inc.",NASDAQ,,,8038588352
IDA,"IDACORP, Inc.",NYSE,电力,,8034747853
COLB,"Columbia Banking System, Inc.",NASDAQ,银行,,8027030023
AUR,"Aurora Innovation, Inc.",NASDAQ,,,8017089464
MTDR,Matador Resources Co.,NYSE,,,8012878752
ATR,"AptarGroup, Inc.",NYSE,多元化制造商,,8010485118
MANH,"Manhattan Associates, Inc.",NASDAQ,计算机,,7998631635
BOKF,BOK Financial Corp.,NASDAQ,银行,,7958483117
UGI,UGI Corp.,NYSE,天然气,,7945837479
SCHE,Schwab Emerging Markets Equity ETF,NYSE,股权,,7941488793
FBHS,"Fortune Brands Home & Security, Inc.",NYSE,建筑材料,,7938212741
SIRI,"SiriusXM Holdings, Inc.",NASDAQ,媒体内容,,7937464607
JHG,Janus Henderson Group Plc,NYSE,,,7928730647
WAL,Western Alliance Bancorp.,NYSE,银行,,7906902598
RXN,Rexnord Corp.,NYSE,金属构造/部件,,7865792568
FR,"First Industrial Realty Trust, Inc.",NYSE,房地产信托投资基金,,7829609187
SOLSV,"Solstice Advanced Materials, Inc.",NASDAQ,,,7817163994
TX,Ternium SA,NYSE,,,7811082687
ALV,"Autoliv, Inc.",NYSE,汽车制造,,7795400576
FRO,Frontline Plc,NYSE,,,7787348555
VONE,Vanguard Russell 1000 ETF,NASDAQ,股权,,7771663169
CNCO,Cencosud SA,NYSE,,,7747933521
SXL,Sunoco Logistics Partners L.P.,NYSE,管道,,7746997076
SMTC,Semtech Corp.,NASDAQ,半导体,,7722383041
MSGS,Madison Square Garden Sports Corp.,NYSE,,,7719997311
GDS,GDS Holdings Ltd.,NASDAQ,,,7718545899
WR,"Westar Energy, Inc.",NYSE,电力,,7680589344
REXR,"Rexford Industrial Realty, Inc.",NYSE,,,7676349154
DXJ,WisdomTree Japan Hedged Equity Fund,NYSE,股权,,7665995740
KNTK,"Kinetik Holdings, Inc.",NASDAQ,,,7645294478
ARE,"Alexandria Real Estate Equities, Inc.",NYSE,,,7640098490
ZWS,Zurn Elkay Water Solutions Corp.,NYSE,,,7606421130
VLUE,iShares Edge MSCI USA Value Factor ETF,AMEX,,,7594917298
LEVI,Levi Strauss & Co.,NYSE,,,7579921652
ARW,"Arrow Electronics, Inc.",NYSE,销售/批发,,7548181755
ESE,"ESCO Technologies, Inc.",NYSE,电子,,7544211704
HALO,"Halozyme Therapeutics, Inc.",NASDAQ,生物技术和制药,,7534965299
KEX,Kirby Corp.,NYSE,运输,,7534286696
PDI,PIMCO Dynamic Income Fund,NYSE,环球,,7533213802
OR,"OR Royalties, Inc.",NYSE,,,7522930809
CRUS,"Cirrus Logic, Inc.",NASDAQ,半导体,,7515939670
NXE,NexGen Energy Ltd.,NYSE,,,7509750043
BIO,"Bio-Rad Laboratories, Inc.",NYSE,生物技术,,7503329532
GGB,Gerdau SA,NYSE,,,7492264923
AXS,AXIS Capital Holdings Ltd.,NYSE,保险,,7489358939
LBRDK,Liberty Broadband Corp.,NASDAQ,,,7480536818
BIO.B,"Bio-Rad Laboratories, Inc.",NYSE,,,7476339138
SM,SM Energy Co.,NYSE,,,7472560039
LBRDA,Liberty Broadband Corp.,NASDAQ,,,7464752032
PARA,Paramount Global,NASDAQ,,,7443442694
LFL,LATAM Airlines Group S.A. ADS,NYSE,,,7440622554
AUGO,"Aura Minerals, Inc.",NASDAQ,,,7417029042
LINE,"Lineage, Inc.",NASDAQ,油气,,7414172990
CAMT,Camtek Ltd.,NASDAQ,电子,,7411469263
CAG,"Conagra Brands, Inc.",NYSE,食品,,7410991329
POOL,Pool Corp.,NASDAQ,,,7394433910
RIG,Transocean Ltd.,NYSE,,,7393093811
MOH,"Molina Healthcare, Inc.",NYSE,卫生保健设施,,7372449498
LKQ,LKQ Corp.,NASDAQ,,,7352574870
CHYM,"Chime Financial, Inc.",NASDAQ,,,7347829234
POWL,"Powell Industries, Inc.",NASDAQ,,,7347294929
CBSH,"Commerce Bancshares, Inc. (Missouri)",NASDAQ,银行,,7339557451
BEPC,Brookfield Renewable Corp.,NYSE,,,7327799835
VSAT,"ViaSat, Inc.",NASDAQ,电信,,7318596139
VIST,Vista Energy SAB de CV,NASDAQ,,,7314632210
MLPA,Global X MLP ETF,NASDAQ,股权,,7313498295
TFPM,Triple Flag Precious Metals Corp.,NYSE,,,7305514136
MHG,MARINE HARVEST ASA,NYSE,,,7304889822
SFM,"Sprouts Farmers Market, Inc.",NASDAQ,,,7293731225
AL,Air Lease Corp.,NYSE,多元化金融服务,,7282301520
GGAL,Grupo Financiero Galicia SA,NASDAQ,银行,,7277935871
JXN,"Jackson Financial, Inc.",NYSE,,,7271550318
CMPO,"CompoSecure, Inc.",NASDAQ,,,7268349890
SNDKV,Sandisk Corp.,NASDAQ,,,7253279846
VICR,Vicor Corp.,NASDAQ,计算机硬件,,7251989689
SAIL,"SailPoint, Inc.",NYSE,,,7227959775
GRUB,Just Eat Takeaway.com NV,NYSE,媒体内容,,7222859357
AMG,"Affiliated Managers Group, Inc.",NYSE,多元化金融服务,,7213149031
QRVO,"Qorvo, Inc.",NASDAQ,,,7210647599
SANM,Sanmina Corp.,NASDAQ,计算机硬件,,7198016341
NGD,"New Gold, Inc.",NYSE,,,7188879937
VIPS,Vipshop Holdings Ltd.,NYSE,,,7175419781
WGP,Western Gas Equity Partners LP,NYSE,天然气,,7163644985
PEGA,"Pegasystems, Inc.",NASDAQ,软件,,7159001115
SPLG,SPDR Portfolio Large Cap ETF,AMEX,,,7147547280
DOX,Amdocs Ltd.,NYSE,,,7144865822
AAL,"American Airlines Group, Inc.",NASDAQ,,,7137892279
AWI,"Armstrong World Industries, Inc.",NYSE,,,7135295961
INGR,"Ingredion, Inc.",NYSE,食品,,7133561612
VOOG,Vanguard S&P 500 Growth ETF,NYSE,股权,,7125983042
CE,Celanese Corp.,NYSE,化学制品,,7114929946
STAG,"STAG Industrial, Inc.",NYSE,房地产信托投资基金,,7109617467
CWAN,"Clearwater Analytics Holdings, Inc.",NYSE,,,7092521017
VIP,VimpelCom Ltd ADS,NYSE,,,7083966320
EPAM,"EPAM Systems, Inc.",NYSE,,,7081023935
IBP,"Installed Building Products, Inc.",NYSE,,,7068574563
CIG,Companhia Energ茅tica de Minas Gerais SA,NYSE,电力,,7065884162
SOBO,South Bow Corp.,NYSE,,,7059725183
IBRX,"ImmunityBio, Inc.",NASDAQ,,,7052844725
NOV,"NOV, Inc.",NYSE,油气服务,,7049512688
CBG,"CBRE Group, Inc.",NYSE,,,7045629465
APLD,Applied Digital Corp.,NASDAQ,,,7039971083
LNW,"Light & Wonder, Inc.",NASDAQ,,,7028989292
WULF,"TeraWulf, Inc.",NASDAQ,,,7026808702
YOU,"Clear Secure, Inc.",NYSE,,,7015382450
LUMN,"Lumen Technologies, Inc. (Louisiana)",NYSE,,,7015379680
VLY,Valley National Bancorp,NYSE,银行,,6995478912
EGO,Eldorado Gold Corp.,NYSE,,,6983590720
VGIT,Vanguard Intermediate-Term Treasury Bond ETF,NASDAQ,股权,,6953769183
KYMR,"Kymera Therapeutics, Inc.",NASDAQ,,,6947767605
SLAB,"Silicon Laboratories, Inc.",NASDAQ,半导体,,6923366940
TKR,The Timken Co.,NYSE,金属构造/部件,,6919888892
WFRD,Weatherford International plc,NASDAQ,,,6909989976
VAL,Valaris Ltd.,NYSE,化学制品,,6902323111
ICL,ICL Group Ltd.,NYSE,,,6892192196
JCOM,"J2 Global, Inc.",NASDAQ,,,6885456327
ACWV,iShares Edge MSCI Min Vol Global ETF,NYSE,环球,,6882757567
SSD,"Simpson Manufacturing Co., Inc.",NYSE,建筑材料,,6860451481
FLR,Fluor Corp.,NYSE,工程建设,,6853904046
SNEX,"StoneX Group, Inc.",NASDAQ,,,6837806243
PB,"Prosperity Bancshares, Inc.",NYSE,银行,,6832240997
QMMM,QMMM Holdings Ltd.,NASDAQ,,,6830437083
ORA,"Ormat Technologies, Inc.",NYSE,,,6829288801
TAL,TAL Education Group,NYSE,,,6819360667
BBUC,Brookfield Business Corp.,NYSE,,,6816756017
VTIP,Vanguard Short-Term Inflation-Protected Securities ETF,NASDAQ,股权,,6804817416
MORN,"Morningstar, Inc.",NASDAQ,商业服务,,6803331553
BHI,Baker Hughes Incorporated,NYSE,油气服务,,6800751784
GLDM,SPDR Gold MiniShares Trust,AMEX,,,6792674342
BLTE,"Belite Bio, Inc.",NASDAQ,,,6785710396
CMC,Commercial Metals Co.,NYSE,钢铁,,6782981076
TEX,Terex Corp.,NYSE,机械-建筑-矿业,,6778793879
VSNTV,"Versant Media Group, Inc.",NASDAQ,,,6742253486
GDI,"Gardner Denver Holdings, Inc.",NYSE,,,6728893831
ACLX,"Arcellx, Inc.",NASDAQ,,,6713482137
HTA,"Healthcare Trust of America, Inc.",NYSE,,,6686683318
UBNT,"Ubiquiti Networks, Inc.",NASDAQ,计算机硬件,,6682588421
GKOS,Glaukos Corp.,NYSE,,,6682547967
TRNO,Terreno Realty Corp.,NYSE,,,6676092194
SSRM,"SSR Mining, Inc.",NASDAQ,,,6673862749
PRMB,Primo Brands Corp.,NYSE,,,6660665062
FIGR,FT Intermediate  Inc.,NASDAQ,,,6657099722
EPRT,"Essential Properties Realty Trust, Inc.",NYSE,,,6652655644
AN,"AutoNation, Inc.",NYSE,,,6642324801
NICE,NICE Ltd. (Israel),NASDAQ,电信,,6640131988
LNC,Lincoln National Corp.,NYSE,保险,,6639857940
VFC,VF Corp.,NYSE,,,6631913962
PTGX,"Protagonist Therapeutics, Inc.",NASDAQ,,,6620154285
AAON,"AAON, Inc.",NASDAQ,建筑材料,,6619518797
FSS,Federal Signal Corp.,NYSE,多元化制造商,,6611060815
VTEB,Vanguard Tax-Exempt Bond ETF,NYSE,,,6603298124
FSV,FirstService Corp.,NASDAQ,,,6569874522
ENS,EnerSys,NYSE,,,6557701891
USM,United States Cellular Corp.,NYSE,,,6548135838
CENX,Century Aluminum Co.,NASDAQ,,,6535255872
JBTM,JBT Marel Corp.,NYSE,,,6526563010
NEAR,iShares Short Duration Bond Active ETF,NYSE,,,6512373372
AMTM,"Amentum Holdings, Inc.",NYSE,,,6505751029
RGEN,Repligen Corp.,NASDAQ,生物技术,,6502272005
SCHX,Schwab U.S. Large-Cap ETF,NYSE,股权,,6494632612
EAT,"Brinker International, Inc.",NYSE,,,6463304338
SWX,"Southwest Gas Holdings, Inc.",NYSE,,,6439005287
MSA,"MSA Safety, Inc.",NYSE,,,6427295717
UEC,Uranium Energy Corp.,NYSE,,,6426794297
FLGE,Credit Suisse FI Large Cap Growth Enhanced ETN,NYSE,股权,,6420375885
STWD,"Starwood Property Trust, Inc.",NYSE,房地产信托投资基金,,6397931085
MIDD,The Middleby Corp.,NASDAQ,,,6380760998
BIRK,Birkenstock Holding Plc,NYSE,,,6376022625
G,Genpact Ltd.,NYSE,,,6364404583
BZ,Kanzhun Ltd.,NASDAQ,,,6360579983
SPSB,SPDR Portfolio Short Term Corporate Bond ETF,AMEX,,,6349230097
BTG,B2Gold Corp.,AMEX,,,6339084904
PBCTP,"People's United Financial, Inc.",NASDAQ,,,6328335876
RYN,"Rayonier, Inc.",NYSE,,,6320698344
OMF,"OneMain Holdings, Inc.",NYSE,,,6306295820
CFX,Colfax Corp.,NYSE,多元化制造商,,6301565333
VOYA,"Voya Financial, Inc.",NYSE,保险,,6289335751
LTH,"Life Time Group Holdings, Inc.",NYSE,,,6280212165
BYD,Boyd Gaming Corp.,NYSE,住宿,,6279635955
CCIV,Churchill Capital Corp. IV,NYSE,,,6274687500
GATX,GATX Corp.,NYSE,,,6270276442
MKTX,"MarketAxess Holdings, Inc.",NASDAQ,,,6247962861
CPB,The Campbell's Co.,NYSE,,,6225297918
FAF,First American Financial Corp.,NYSE,保险,,6224138993
SEE,Sealed Air Corp.,NYSE,,,6210325352
APGE,"Apogee Therapeutics, Inc.",NASDAQ,,,6203131279
POR,Portland General Electric Co.,NYSE,电力,,6197182904
JAN,"Janus Living, Inc.",NASDAQ,,,6191702828
THG,"The Hanover Insurance Group, Inc.",NYSE,保险,,6178800736
CHDN,"Churchill Downs, Inc.",NASDAQ,娱乐,,6168826389
HR,"Healthcare Realty Trust, Inc.",NYSE,房地产信托投资基金,,6167666109
ALGM,"Allegro MicroSystems, Inc.",NASDAQ,,,6166478996
QTEC,First Trust NASDAQ-100 Technology Sector Index Fund,NASDAQ,股权,,6158149207
AROC,"Archrock, Inc.",NYSE,,,6154702970
ROLL,"RBC Bearings, Inc.",NASDAQ,金属构造/部件,,6144332153
KMX,"CarMax, Inc.",NYSE,零售,,6141212890
MUR,Murphy Oil Corp.,NYSE,油气,,6126724234
UGP,Ultrapar Participa莽oes SA,NYSE,,,6113348778
CNTA,Centessa Pharmaceuticals Plc,NASDAQ,,,6113185283
GXO,"GXO Logistics, Inc.",NYSE,,,6110792033
WH,"Wyndham Hotels & Resorts, Inc.",NYSE,油气服务,,6094953929
ECG,"Everus Construction Group, Inc.",NYSE,,,6094878240
LAD,"Lithia Motors, Inc.",NYSE,零售,,6093766337
CRC,California Resources Corp.,NYSE,家具家饰,,6082914286
TERN,"Terns Pharmaceuticals, Inc.",NASDAQ,,,6073052564
ORLA,Orla Mining Ltd.,AMEX,,,6061364733
FNB,F.N.B. Corp. (Pennsylvania),NYSE,银行,,6059226598
MBLY,"Mobileye Global, Inc.",NASDAQ,,,6041119126
ROAD,"Construction Partners, Inc.",NASDAQ,,,6031321102
NEU,NewMarket Corp.,NYSE,化学制品,,6031318406
HXL,Hexcel Corp.,NYSE,,,6027075365
PSN,Parsons Corp.,NYSE,,,6019396650
INGM,Ingram Micro Holding Corp.,NYSE,,,6004278179
GBCI,"Glacier Bancorp, Inc.",NASDAQ,银行,,6003159924
TTAN,"ServiceTitan, Inc.",NASDAQ,,,5991931072
DSGX,"The Descartes Systems Group, Inc.",NASDAQ,软件,,5974386747
LEA,Lear Corp.,NYSE,汽车部件与设备,,5973981162
MHK,"Mohawk Industries, Inc.",NYSE,纺织品,,5972278830
TSU,TIM SA (Brazil),NYSE,,,5945437700
MGY,Magnolia Oil & Gas Corp.,NYSE,,,5927994061
RHP,"Ryman Hospitality Properties, Inc.",NYSE,,,5924067160
UBSI,"United Bankshares, Inc. (West Virginia)",NASDAQ,银行,,5923427622
IEUR,iShares Core MSCI Europe ETF,NYSE,,,5923130288
PAYC,"Paycom Software, Inc.",NYSE,,,5921086603
ACT,"Enact Holdings, Inc.",NYSE,,,5898780822
PLNT,"Planet Fitness, Inc.",NYSE,,,5894677508
CGON,"CG Oncology, Inc.",NASDAQ,,,5894421106
SNHNI,Senior Housing Properties Trust,NASDAQ,,,5879585448
HFC,HollyFrontier Corp.,NYSE,,,5873235531
FROG,JFrog Ltd.,NASDAQ,,,5871388202
RRR,"Red Rock Resorts, Inc.",NYSE,,,5848944130
DLB,"Dolby Laboratories, Inc.",NYSE,娱乐,,5847036628
HUT,Hut 8 Corp.,NASDAQ,,,5839324359
EXP,"Eagle Materials, Inc.",NYSE,建筑材料,,5819346010
CBC,"Central Bancompany, Inc.",NASDAQ,,,5817495828
MTG,MGIC Investment Corp.,NYSE,,,5810189468
UWMC,UWM Holdings Corp.,NYSE,,,5789530068
COGT,"Cogent Biosciences, Inc.",NASDAQ,,,5781439817
MIRM,"Mirum Pharmaceuticals, Inc.",NASDAQ,,,5771675854
ESAB,ESAB Corp.,NYSE,,,5762436056
PTCT,"PTC Therapeutics, Inc.",NASDAQ,,,5759465865
SITE,"SiteOne Landscape Supply, Inc.",NYSE,,,5747840435
PATH,"UiPath, Inc.",NASDAQ,生物技术和制药,,5736944300
MWH,"SOLV Energy, Inc.",NASDAQ,,,5734528944
SRRK,Scholar Rock Holding Corp.,NASDAQ,,,5732666865
NXST,"Nexstar Media Group, Inc.",NASDAQ,媒体,,5728958448
PCTY,Paylocity Holding Corp.,NASDAQ,,,5726553642
NJR,New Jersey Resources Corp.,NYSE,,,5717922066
GTES,Gates Industrial Corp. Plc,NYSE,,,5716830570
KORS,Michael Kors Holdings Ltd.,NYSE,,,5696820562
DBX,"Dropbox, Inc.",NASDAQ,,,5692044397
MSG,Madison Square Garden Sports Corp.,NASDAQ,,,5690745334
CHE,Chemed Corp.,NYSE,卫生保健设施,,5684378020
KVYO,"Klaviyo, Inc.",NYSE,,,5680989821
CRK,"Comstock Resources, Inc.",NYSE,油气,,5680499811
CIFR,"Cipher Digital, Inc.",NASDAQ,,,5675723097
MOAT,VanEck Vectors Morningstar Wide Moat ETF,NASDAQ,股权,,5667878979
LSTR,"Landstar System, Inc.",NASDAQ,,,5667072842
BLSH,Bullish,NYSE,,,5652866135
FCN,"FTI Consulting, Inc.",NYSE,商业服务,,5642665647
CNX,CNX Resources Corp.,NYSE,煤炭,,5642639442
BLCO,Bausch + Lomb Corp.,NYSE,,,5640745739
OWL,"Blue Owl Capital, Inc.",NYSE,,,5637362180
ESNT,Essent Group Ltd.,NASDAQ,,,5635876731
DOOO,"BRP, Inc.",NASDAQ,,,5623386749
STEP,"StepStone Group, Inc.",NASDAQ,,,5622048004
CCCS,"CCC Intelligent Solutions Holdings, Inc.",NYSE,,,5617671990
ENIC,Enel Chile SA,NYSE,,,5616324365
TLLP,Tesoro Logistics LP,NYSE,管道,,5616118329
SGMS,Scientific Games Corp.,NASDAQ,娱乐,,5613999041
OGS,"ONE Gas, Inc.",NYSE,,,5613432181
LW,"Lamb Weston Holdings, Inc.",NYSE,,,5602994599
BRKR,Bruker Corp.,NASDAQ,医疗保健产品,,5581879619
PIPR,Piper Sandler Cos.,NYSE,,,5579132074
AXTA,Axalta Coating Systems Ltd.,NYSE,,,5575460821
PLXS,Plexus Corp.,NASDAQ,,,5568102557
OTEX,Open Text Corp.,NASDAQ,软件,,5565887448
IFS,"Intercorp Financial Services, Inc.",NYSE,,,5560765073
ACWX,iShares MSCI ACWI ex U.S. ETF,NASDAQ,股权,,5551530220
BKH,Black Hills Corp.,NYSE,电力,,5551234361
HOMB,"Home Bancshares, Inc. (Arkansas)",NASDAQ,银行,,5542880218
URBN,"Urban Outfitters, Inc.",NASDAQ,零售,,5541826684
GLNG,Golar LNG Ltd.,NASDAQ,运输,,5540890267
SR,Spire Inc.,NYSE,家庭产品/用品,,5539713845
SEB,Seaboard Corp.,NYSE,食品,,5526442852
GOLF,Acushnet Holdings Corp.,NASDAQ,,,5524583771
CIGI,"Colliers International Group, Inc.",NASDAQ,,,5522278664
GRFS,Grifols SA,NASDAQ,制药,,5516100260
BXSL,Blackstone Secured Lending Fund,NYSE,,,5505031864
LB,LandBridge Co. LLC,NYSE,,,5501078223
ALKS,Alkermes Plc,NASDAQ,生物技术和制药,,5489665155
WTM,White Mountains Insurance Group Ltd.,NYSE,保险,,5487631971
VSNT,"Versant Media Group, Inc.",NASDAQ,,,5482732290
LYFT,"Lyft, Inc.",NASDAQ,,,5481942027
LOAR,"Loar Holdings, Inc.",NYSE,,,5452572868
CWST,"Casella Waste Systems, Inc.",NASDAQ,环境控制,,5451472139
BCPC,Balchem Corp.,NASDAQ,化学制品,,5444957285
PBF,"PBF Energy, Inc.",NYSE,油气,,5424011024
OBDC,Blue Owl Capital Corp.,NYSE,,,5414633812
WEX,"WEX, Inc.",NYSE,电子,,5413528951
ADT,"ADT, Inc.",NYSE,商业服务,,5412803841
CZR,"Caesars Entertainment, Inc.",NASDAQ,,,5409588988
AVTR,"Avantor, Inc.",NYSE,,,5408885696
ABCB,Ameris Bancorp,NASDAQ,银行,,5402592749
TMHC,Taylor Morrison Home Corp.,NYSE,,,5388905088
HLNE,"Hamilton Lane, Inc.",NASDAQ,,,5386202742
RIOT,"Riot Platforms, Inc.",NASDAQ,,,5379795638
NPO,"Enpro, Inc.",NYSE,,,5378643392
OMAB,Grupo Aeroportuario del Centro Norte SAB de CV,NASDAQ,,,5374030335
SPIL,"Siliconware Precision Industries Co., Ltd.",NASDAQ,半导体,,5353906575
SON,Sonoco Products Co.,NYSE,包装容器,,5332145147
TGTX,"TG Therapeutics, Inc.",NASDAQ,生物技术和制药,,5331990770
HWC,Hancock Whitney Corp.,NASDAQ,,,5314386820
RLI,RLI Corp.,NYSE,保险,,5311942421
CORZ,"Core Scientific, Inc.",NASDAQ,,,5311460477
CPG,Crescent Point Energy Corp.,NYSE,,,5308340516
SNRE,Sunrise Communications AG,NASDAQ,,,5304138725
OZRK,Bank of The Ozarks,NASDAQ,银行,,5304128221
ERAS,"Erasca, Inc.",NASDAQ,,,5302239662
CAI,"Caris Life Sciences, Inc.",NYSE,,,5298372994
REZI,"Resideo Technologies, Inc.",NYSE,,,5298185763
RITM,Rithm Capital Corp.,NYSE,,,5280977942
AAXJ,iShares MSCI All Country Asia ex Japan ETF,NASDAQ,股权,,5270796861
ORCC,Owl Rock Capital Corp.,NASDAQ,,,5254478816
GVA,"Granite Construction, Inc.",NYSE,工程建设,,5253938804
KGS,"Kodiak Gas Services, Inc.",NYSE,,,5224460845
SGHC,Super Group (SGHC) Ltd.,NYSE,,,5223441678
VSEC,VSE Corp.,NASDAQ,工程建设,,5215216988
ACA,"Arcosa, Inc.",NYSE,,,5214759924
TGS,Transportadora de Gas del Sur SA,NYSE,,,5204589888
AUB,Atlantic Union Bankshares Corp.,NASDAQ,,,5203618995
FXL,First Trust Technology AlphaDEX Fund,NYSE,股权,,5203296353
TKC,TURKCELL Iletisim Hizmetleri AS,NYSE,电信,,5191160033
EWC,iShares MSCI Canada ETF,NYSE,债务,,5175917279
UFPI,"UFP Industries, Inc.",NASDAQ,,,5171630158
RUSHB,"Rush Enterprises, Inc.",NASDAQ,零售,,5170446792
GLBE,Global-e Online Ltd.,NASDAQ,,,5163317561
BIPC,Brookfield Infrastructure Corp.,NYSE,,,5158486776
ESTC,Elastic NV,NYSE,,,5156420187
IJJ,iShares S&P Mid-Cap 400 Value ETF,NYSE,股权,,5155360036
VNQI,Vanguard Global ex-US Real Estate Index Fund,NASDAQ,股权,,5152461470
FND,"Floor & Decor Holdings, Inc.",NYSE,,,5150686174
OZK,Bank OZK,NASDAQ,,,5148245563
RUSHA,"Rush Enterprises, Inc.",NASDAQ,,,5147364859
EQPT,"EquipmentShare.com, Inc.",NASDAQ,,,5140030799
OTF,Blue Owl Technology Finance Corp,NYSE,,,5134367413
CSWI,"CSW Industrials, Inc.",NASDAQ,,,5128021745
AVT,"Avnet, Inc.",NYSE,电子,,5118891102
MATX,"Matson, Inc.",NYSE,,,5113790223
MGC,Vanguard Mega Cap Index Fund,NYSE,股权,,5110932678
TFX,"Teleflex, Inc.",NYSE,,,5105607011
IOO,iShares Global 100 ETF,NYSE,环球,,5102852713
ST,Sensata Technologies Holding Plc,NYSE,,,5101526254
PACS,"PACS Group, Inc.",NYSE,,,5100005116
MAC,Macerich Co.,NYSE,,,5094914088
HESM,Hess Midstream LP,NYSE,,,5092017808
TDS,"Telephone & Data Systems, Inc.",NYSE,,,5083526896
NRZ,New Residential Investment Corp.,NYSE,,,5083305428
QBTS,"D-Wave Quantum, Inc.",NYSE,,,5082613920
MSM,"MSC Industrial Direct Co., Inc.",NYSE,,,5064729846
AX,"Axos Financial, Inc.",NYSE,,,5056266541
KRG,Kite Realty Group Trust,NYSE,房地产信托投资基金,,5053955868
AVAL,Grupo Aval Acciones y Valores SA,NYSE,,,5045488595
SBRA,"Sabra Health Care REIT, Inc.",NASDAQ,,,5045435855
IJS,iShares S&P Small-cap 600 Value ETF,NYSE,股权,,5029044939
STRC,"Strategy, Inc.",NASDAQ,,,5024651300
IMVT,"Immunovant, Inc.",NASDAQ,,,5008927074
VNT,Vontier Corp.,NYSE,,,5004144022
MCY,Mercury General Corp.,NYSE,保险,,4995500404
COMP,Compass  Inc.,NYSE,,,4984251070
MNSO,MINISO Group Holding Ltd.,NYSE,,,4981195926
WFG,West Fraser Timber Co. Ltd.,NYSE,,,4969690115
CLF,"Cleveland-Cliffs, Inc.",NYSE,,,4968153755
JSM,Navient Corp.,NASDAQ,,,4964023607
VNO,Vornado Realty Trust,NYSE,,,4963045664
TEO,Telecom Argentina SA,NYSE,电信,,4936252947
MEOH,Methanex Corp.,NASDAQ,化学制品,,4933488052
IEP,Icahn Enterprises LP,NASDAQ,汽车部件与设备,,4932000858
ATMU,"Atmus Filtration Technologies, Inc.",NYSE,,,4931381109
LUNR,"Intuitive Machines, Inc.",NASDAQ,,,4927880994
KLAR,Klarna Group plc,NYSE,,,4914000000
ATAT,Atour Lifestyle Holdings Ltd.,NASDAQ,,,4911128967
HCC,"Warrior Met Coal, Inc.",NYSE,保险,,4910875097
LAUR,"Laureate Education, Inc.",NASDAQ,,,4896106400
SLMBP,SLM Corp.,NASDAQ,,,4893867546
LPX,Louisiana-Pacific Corp.,NYSE,,,4881706870
SDRL,Seadrill Ltd.,NYSE,油气,,4874026046
MAIN,Main Street Capital Corp,NYSE,投资公司,,4864759977
HASI,"HA Sustainable Infrastructure Capital, Inc.",NYSE,,,4846658843
MLPX,Global X MLP & Energy Infrastructure ETF,AMEX,股权,,4842024010
OUT,"OUTFRONT Media, Inc.",NYSE,,,4839619106
BMA,Banco Macro SA,NYSE,银行,,4825653083
SNDR,"Schneider National, Inc.",NYSE,,,4811234093
EXLS,"ExlService Holdings, Inc.",NASDAQ,商业服务,,4810363048
IPGP,IPG Photonics Corp.,NASDAQ,电信,,4800770851
EMAT,EMAT,NASDAQ,,,4800200393
FSLY,"Fastly, Inc.",NYSE,,,4796880058
CWEN.A,"Clearway Energy, Inc.",NYSE,,,4796439847
BC,Brunswick Corp.,NYSE,,,4789055980
PAM,Pampa Energ铆a SA,NYSE,,,4787591270
KBR,"KBR, Inc.",NYSE,工程建设,,4786301738
PAGP,Plains GP Holdings LP,NYSE,,,4783679970
CACC,Credit Acceptance Corp.,NASDAQ,,,4779709152
M,"Macy's, Inc.",NYSE,零售,,4774083233
PECO,"Phillips Edison & Co., Inc.",NASDAQ,,,4772867918
MIR,"Mirion Technologies, Inc.",NYSE,,,4772441323
LANC,Lancaster Colony Corp.,NASDAQ,,,4763115080
CHH,"Choice Hotels International, Inc.",NYSE,住宿,,4758038968
POST,"Post Holdings, Inc.",NYSE,食品,,4749944030
SIGI,"Selective Insurance Group, Inc.",NASDAQ,保险,,4742617073
SIM,Grupo SIMEC SAB de CV,NYSE,,,4726179895
RAL,Ralliant Corp.,NYSE,,,4722895935
AQN,Algonquin Power & Utilities Corp.,NYSE,,,4719767684
SPIB,SPDR Portfolio Intermediate Term Corporate Bond ETF,AMEX,,,4711138802
PTLC,Pacer Trendpilot 750 ETF,NYSE,,,4706769195
NNI,"Nelnet, Inc.",NYSE,,,4704150892
GPGI,"GPGI, Inc.",NYSE,,,4686417081
GHC,Graham Holdings Co.,NYSE,,,4671225789
EBC,"Eastern Bankshares, Inc.",NASDAQ,,,4665286611
MGV,Vanguard Mega Cap Value ETF,NYSE,股权,,4659150745
MRCY,"Mercury Systems, Inc.",NASDAQ,计算机,,4652934346
LOPE,"Grand Canyon Education, Inc.",NASDAQ,,,4649674096
PSMT,"PriceSmart, Inc.",NASDAQ,,,4645731947
MTN,"Vail Resorts, Inc.",NYSE,娱乐,,4621963284
PFSI,"PennyMac Financial Services, Inc.",NYSE,,,4614238832
RDN,Radian Group Inc.,NYSE,保险,,4613768778
LBRT,"Liberty Energy, Inc.",NYSE,,,4608745088
UNF,UniFirst Corp.,NYSE,纺织品,,4605980148
MRP,"Millrose Properties, Inc.",NYSE,,,4601616823
GNTX,Gentex Corp.,NASDAQ,汽车制造,,4600994605
RGTI,"Rigetti Computing, Inc.",NASDAQ,,,4596963870
CPA,Copa Holdings SA,NYSE,,,4589416761
BFAM,"Bright Horizons Family Solutions, Inc.",NYSE,,,4573330447
FV,First Trust Dorsey Wright Focus 5 ETF,NASDAQ,,,4567932198
OS,"OneStream, Inc.",NASDAQ,,,4563472992
BOOT,"Boot Barn Holdings, Inc.",NYSE,,,4559109845
S,"SentinelOne, Inc.",NYSE,,,4552899555
CROX,"Crocs, Inc.",NASDAQ,,,4544633491
FOLD,"Amicus Therapeutics, Inc.",NASDAQ,生物技术和制药,,4543590083
OSIS,"OSI Systems, Inc.",NASDAQ,电子,,4539010676
NTCO,Natura &Co Holding SA,NYSE,,,4535416118
AIR,AAR Corp.,NYSE,,,4527559579
LBTYB,Liberty Global Ltd.,NASDAQ,媒体内容,,4522887652
DUOL,"Duolingo, Inc.",NASDAQ,,,4520843563
EOCC,Enel Generaci贸n Chile SA,NYSE,,,4513698994
PHI,"PLDT, Inc.",NYSE,电信,,4509084206
ALM,"Almonty Industries, Inc.",NASDAQ,,,4508192249
BDC,"Belden, Inc.",NYSE,,,4506895863
CRGY,Crescent Energy Co.,NYSE,,,4492233938
MYRG,"MYR Group, Inc.",NASDAQ,,,4488750181
REYN,"Reynolds Consumer Products, Inc.",NASDAQ,,,4486563033
FBIN,"Fortune Brands Innovations, Inc.",NYSE,,,4479786118
DNTH,"Dianthus Therapeutics, Inc.",NASDAQ,,,4463838913
WIX,Wix.com Ltd.,NASDAQ,,,4458296907
ONDS,"Ondas, Inc.",NASDAQ,,,4451780224
HIMS,"Hims & Hers Health, Inc.",NYSE,,,4444805937
WYND,Travel + Leisure Co.,NYSE,,,4443497035
FPE,First Trust Preferred Securities & Income ETF,AMEX,,,4441074022
CORT,"Corcept Therapeutics, Inc.",NASDAQ,制药,,4434732748
BMI,"Badger Meter, Inc.",NYSE,,,4433559970
LMND,"Lemonade, Inc.",NYSE,,,4431767108
TNL,Travel + Leisure Co.,NYSE,,,4425246897
ALHC,"Alignment Healthcare, Inc.",NASDAQ,,,4425062007
HLS,HealthSouth Corp.,NYSE,健康护理服务,,4423232596
ATC,Atotech Ltd.,AMEX,汽车制造,,4422159174
MDU,"MDU Resources Group, Inc.",NYSE,,,4419603025
ALH,"Alliance Laundry Holdings, Inc. (United States)",NYSE,,,4412188191
SPHR,Sphere Entertainment Co.,NYSE,,,4411138410
HBHC,Hancock Holding Co.,NASDAQ,银行,,4405075746
ANF,Abercrombie & Fitch Co.,NYSE,零售,,4400801334
XMLV,Invesco S&P MidCap Low Volatility ETF,AMEX,股权,,4397907117
KEN,Kenon Holdings Ltd.,NYSE,,,4396906818
CSW,"CSW Industrials, Inc.",NYSE,,,4395080976
EMLP,First Trust North American Energy Infrastructure Fund,NASDAQ,股权,,4386396124
WAY,Waystar Holding Corp.,NASDAQ,,,4381841127
SAIC,Science Applications International Corp.,NYSE,,,4381443034
NYCB,"New York Community Bancorp, Inc.",NYSE,储蓄及贷款,,4380972074
FFIN,"First Financial Bankshares, Inc.",NASDAQ,银行,,4371336999
SPEM,State Street SPDR Portfolio Emerging Markets ETF,AMEX,,,4369860302
ASB,Associated Banc-Corp,NYSE,,,4366460351
MWA,"Mueller Water Products, Inc.",NYSE,金属构造/部件,,4366278007
OPEN,"Opendoor Technologies, Inc.",NASDAQ,互联网,,4360381185
XAR,SPDR S&P Aerospace & Defense ETF,NYSE,股权,,4358162677
MAT,"Mattel, Inc.",NASDAQ,玩具/游戏/爱好,,4357724023
VAW,Vanguard Materials Index Fund,NYSE,股权,,4344166386
OPCH,"Option Care Health, Inc.",NASDAQ,,,4339866707
SLM,SLM Corp.,NASDAQ,,,4339586168
COMM,"Vistance Networks, Inc.",NASDAQ,计算机硬件,,4337923666
IWY,iShares Russell Top 200 Growth ETF,NYSE,股权,,4332766576
TCBI,"Texas Capital Bancshares, Inc.",NASDAQ,银行,,4314320136
TBBB,"BBB Foods, Inc.",NYSE,,,4312392697
SKYY,First Trust Cloud Computing ETF,NASDAQ,股权,,4310207374
FHI,"Federated Hermes, Inc.",NYSE,,,4306935042
OLED,Universal Display Corp.,NASDAQ,,,4292537575
NWE,"NorthWestern Energy Group, Inc.",NYSE,,,4285870060
VVV,"Valvoline, Inc.",NYSE,,,4276538615
TDW,"Tidewater, Inc.",NYSE,,,4275716014
XT,iShares Future Exponential Technologies ETF,NYSE,,,4267519805
KNF,Knife River Corp.,NYSE,,,4263349743
PTEN,"Patterson-UTI Energy, Inc.",NASDAQ,,,4262628828
SPHD,Invesco S&P 500 High Dividend Low Volatility ETF,NASDAQ,股权,,4243020593
IBOC,International Bancshares Corp.,NASDAQ,银行,,4242386181
RDNT,"RadNet, Inc.",NASDAQ,健康护理服务,,4236069925
BCO,The Brink's Co.,NYSE,商业服务,,4228421122
MC,Moelis & Co.,NYSE,,,4222667750
ENPH,"Enphase Energy, Inc.",NASDAQ,能源-替代能源,,4222357718
FELE,"Franklin Electric Co., Inc.",NASDAQ,手工/机器工具,,4220429940
PGX,Invesco Preferred ETF,NYSE,股权,,4214752101
UUUU,"Energy Fuels, Inc.",NYSE,,,4213608769
AKO.B,Embotelladora Andina SA,NYSE,,,4210662073
VISN,Vistance Networks,NASDAQ,媒体内容,,4193593528
ALK,"Alaska Air Group, Inc.",NYSE,航空公司,,4184544170
WHD,"Cactus, Inc.",NYSE,,,4184273852
CAAP,Corporacion America Airports SA,NYSE,,,4183892282
SHC,Sotera Health Co.,NASDAQ,,,4163500105
AD,"Array Digital Infrastructure, Inc.",NYSE,,,4157463572
HPT,Hospitality Properties Trust,NYSE,,,4157283214
DOCS,"Doximity, Inc.",NYSE,,,4155952005
SLGN,"Silgan Holdings, Inc.",NASDAQ,,,4152305128
ACIW,"ACI Worldwide, Inc.",NASDAQ,软件,,4148140701
NVST,Envista Holdings Corp.,NYSE,,,4144409294
LBTYA,Liberty Global Ltd.,NASDAQ,媒体,,4144304956
CLNY,"Colony Capital, Inc.",NYSE,,,4140822923
HEFA,iShares Currency Hedged MSCI EAFE ETF,NYSE,股权,,4123141313
FNDX,Schwab Fundamental U.S. Large Company.ETF,AMEX,,,4116937444
HRB,"H&R Block, Inc.",NYSE,,,4114620687
NOVT,"Novanta, Inc.",NASDAQ,,,4113624962
FEYE,"FireEye, Inc.",NASDAQ,软件,,4100137091
SEI,"Solaris Energy Infrastructure, Inc.",NYSE,,,4094757022
IJT,iShares S&P Small-Cap 600 Growth ETF,NYSE,股权,,4092748387
SPAB,SPDR Portfolio Aggregate Bond ETF,AMEX,,,4091928017
LGND,"Ligand Pharmaceuticals, Inc.",NASDAQ,生物技术,,4089928141
PYCR,"Paycor HCM, Inc.",NASDAQ,,,4088050956
NHI,"National Health Investors, Inc.",NYSE,,,4088032061
TPC,Tutor Perini Corp.,NYSE,,,4081306871
MTH,Meritage Homes Corp.,NYSE,房屋建筑商,,4080185229
SMH,VanEck Semiconductor ETF,NYSE,股权,,4076950445
BLLN,"BillionToOne, Inc.",NASDAQ,,,4065675843
KC,Kingsoft Cloud Holdings Ltd.,NASDAQ,,,4052777624
SKY,"Champion Homes, Inc.",NYSE,房屋建筑商,,4038706453
CRNX,"Crinetics Pharmaceuticals, Inc.",NASDAQ,,,4021731709
SYRE,"Spyre Therapeutics, Inc.",NASDAQ,,,4021256457
TFSL,TFS Financial Corp.,NASDAQ,储蓄及贷款,,4020579500
MMSI,"Merit Medical Systems, Inc.",NASDAQ,医疗保健产品,,4020294904
CSAN,Cosan SA,NYSE,,,4018819911
TAC,TransAlta Corp.,NYSE,电力,,4018671975
USAC,USA Compression Partners LP,NYSE,机械-多元,,4012835107
THO,"Thor Industries, Inc.",NYSE,,,4010439968
SKT,"Tanger, Inc.",NYSE,,,4004108675
EPR,EPR Properties,NYSE,房地产信托投资基金,,4001901119
HAFN,Hafnia Ltd.,NYSE,,,3998250000
FULT,Fulton Financial Corp.,NASDAQ,银行,,3993599854
JBT,JBT Marel Corp.,NYSE,多元化制造商,,3990519384
ITRI,"Itron, Inc.",NASDAQ,,,3987896113
TPH,"Tri Pointe Homes, Inc.",NYSE,,,3976681836
SIMO,Silicon Motion Technology Corp.,NASDAQ,半导体,,3976429299
ACHR,"Archer Aviation, Inc.",NYSE,,,3975837647
LBTYK,Liberty Global Ltd.,NASDAQ,媒体,,3970090128
MZTI,The Marzetti Co.,NASDAQ,,,3968388158
CVSA,"Covista, Inc.",NYSE,,,3966409833
SHAK,"Shake Shack, Inc.",NYSE,,,3961865337
HHC,The Howard Hughes Corp.,NYSE,,,3946102069
AAUC,Allied Gold Corp. (Canada),NYSE,,,3945117736
ELY,Callaway Golf Co.,NYSE,休闲,,3941152938
NNNN,Anbio Biotechnology,NASDAQ,,,3938302265
GTLB,"GitLab, Inc.",NASDAQ,,,3937814935
SGOL,abrdn Physical Gold Shares ETF,NYSE,环球,,3931683893
AMRX,"Amneal Pharmaceuticals, Inc.",NYSE,,,3930067780
LPL,"LG Display Co., Ltd.",NYSE,电子,,3930000067
SXT,Sensient Technologies Corp.,NYSE,化学制品,,3921954718
ARMN,Aris Mining Corp.,NYSE,,,3916497485
STRZB,Starz,NASDAQ,,,3913377370
NG,"NovaGold Resources, Inc.",NYSE,,,3909534936
VSCO,Victoria's Secret & Co.,NYSE,,,3909087153
CBT,Cabot Corp.,NYSE,化学制品,,3908786680
CNO,"CNO Financial Group, Inc.",NYSE,保险,,3908448039
NAMS,NewAmsterdam Pharma Co. NV,NASDAQ,,,3898816542
BTU,Peabody Energy Corp.,NYSE,煤炭,,3893815359
UCB,"United Community Banks, Inc.",NYSE,,,3884943309
PRMW,Primo Water Corp.,NASDAQ,饮料,,3883182704
GPCR,"Structure Therapeutics, Inc.",NASDAQ,,,3873630302
LGF,Lions Gate Entertainment,NYSE,娱乐,,3870006610
LAZ,"Lazard, Inc.",NYSE,多元化金融服务,,3868065860
OSCR,"Oscar Health, Inc.",NYSE,,,3861792080
AZZ,"AZZ, Inc.",NYSE,,,3857351956
FTDR,"Frontdoor, Inc.",NASDAQ,,,3856262072
GPOR,Gulfport Energy Corp.,NASDAQ,油气,,3855696198
HDIV,QRAFT AI-Enhanced U.S. High Dividend ETF,NYSE,股权,,3849687927
IBKCO,IBERIABANK Corp.,NASDAQ,,,3849264320
STNG,"Scorpio Tankers, Inc.",NYSE,,,3849081096
DNP,"DNP Select Income Fund, Inc.",NYSE,股权,,3848234748
GPI,"Group 1 Automotive, Inc.",NYSE,零售,,3846239943
ZETA,Zeta Global Holdings Corp.,NYSE,,,3837623073
VONG,Vanguard Russell 1000 Growth Index Fund,NASDAQ,股权,,3817492627
NCR,NCR Corp.,NYSE,计算机,,3815571989
NTSK,"Netskope, Inc.",NASDAQ,,,3810992186
PONY,"Pony.ai, Inc.",NASDAQ,,,3806494886
QS,QuantumScape Corp.,NYSE,,,3804133678
EE,"Excelerate Energy, Inc.",NYSE,,,3802990463
PLLL,Piedmont Lithium Ltd.,NASDAQ,,,3795690778
BRC,Brady Corp.,NYSE,,,3794772781
INDB,Independent Bank Corp. (Massachusetts),NASDAQ,银行,,3788634486
BILL,"Bill Holdings, Inc.",NYSE,,,3788205522
LRN,"Stride, Inc.",NYSE,商业服务,,3787516843
MIAX,"Miami International Holdings, Inc.",NYSE,,,3787039167
PVH,PVH Corp.,NYSE,零售,,3784676645
RODM,Hartford Multifactor Developed Markets (ex-US) ETF,AMEX,,,3772523065
YNDX,Nebius Group NV,NASDAQ,互联网,,3768994896
USLM,"United States Lime & Minerals, Inc.",NASDAQ,,,3768678774
PNM,"PNM Resources, Inc.",NYSE,电力,,3767670081
ACAD,"ACADIA Pharmaceuticals, Inc.",NASDAQ,生物技术和制药,,3766226027
ABG,"Asbury Automotive Group, Inc.",NYSE,零售,,3765366984
SKE,Skeena Resources Ltd.,NYSE,,,3761774945
DLO,dLocal Ltd.,NASDAQ,,,3757432937
IUSB,Ishares Core Universal USD Bond ETF,NYSE,,,3757382618
JOE,The St. Joe Co.,NYSE,,,3747119634
KNSA,Kiniksa Pharmaceuticals International Plc,NASDAQ,,,3745640903
OII,"Oceaneering International, Inc.",NYSE,油气服务,,3739426609
KTB,"Kontoor Brands, Inc.",NYSE,,,3730207177
FNDE,Schwab Fundamental Emerging Markets Equity ETF,AMEX,,,3728490104
OTTR,Otter Tail Corp.,NASDAQ,电力,,3726311989
STVN,Stevanato Group SpA,NYSE,,,3723770562
CGAU,"Centerra Gold, Inc.",NYSE,,,3721738972
SKYW,"SkyWest, Inc.",NASDAQ,,,3721709890
BANF,BancFirst Corp. (Oklahoma),NASDAQ,银行,,3715517738
INDV,"Indivior Pharmaceuticals, Inc.",NASDAQ,,,3714965024
AMSG,Amsurg Corp,NASDAQ,卫生保健设施,,3712941258
MMED,"MiniMed Group, Inc.",NASDAQ,,,3706736140
LGN,Legence Corp.,NASDAQ,,,3702248927
SPHQ,Invesco S&P 500 Quality ETF,NYSE,股权,,3697477970
PATK,"Patrick Industries, Inc.",NASDAQ,,,3693884945
CUZ,"Cousins Properties, Inc.",NYSE,,,3690187972
TREX,"Trex Co., Inc.",NYSE,,,3682866228
ASO,"Academy Sports & Outdoors, Inc.",NASDAQ,,,3681446205
TMDX,"TransMedics Group, Inc.",NASDAQ,,,3681339031
AGO,Assured Guaranty Ltd.,NYSE,保险,,3672823572
SUSL,iShares ESG MSCI USA Leaders ETF,NASDAQ,,,3670713237
PPTA,Perpetua Resources Corp.,NASDAQ,,,3669772118
CSTM,Constellium SE,NYSE,,,3663092113
CALM,"Cal-Maine Foods, Inc.",NASDAQ,食品,,3659367865
CMBT,CMB.TECH NV,NYSE,,,3656139112
DAN,"Dana, Inc.",NYSE,汽车部件与设备,,3653709141
UTG,Reaves Utility Income Fund,AMEX,股权,,3650891469
SHM,SPDR Nuveen ICE Short Term Municipal Bond ETF,NYSE,股权,,3649158164
INSW,"International Seaways, Inc.",NYSE,,,3641326929
BBWI,"Bath & Body Works, Inc.",NYSE,,,3638518885
CVCO,"Cavco Industries, Inc.",NASDAQ,,,3637385524
MMYT,MakeMyTrip Ltd.,NASDAQ,媒体内容,,3632258365
BNL,"Broadstone Net Lease, Inc.",NYSE,,,3615272155
CCC,"CCC Intelligent Solutions Holdings, Inc.",NYSE,化学制品,,3611502021
ELF,"e.l.f. Beauty, Inc.",NYSE,,,3610453856
AKO.A,Embotelladora Andina SA,NYSE,饮料,,3609588868
SII,"Sprott, Inc.",NYSE,,,3606208339
SCHA,Schwab U.S. Small-Cap ETF,NYSE,股权,,3589796037
HP,"Helmerich & Payne, Inc.",NYSE,油气,,3582599736
SCHV,Schwab U.S. Large-Cap Value ETF,NYSE,股权,,3581466676
WPP,WPP Plc,NYSE,,,3579466247
GLXY,"Galaxy Digital, Inc.",NASDAQ,,,3576959839
BETA,"BETA Technologies, Inc.",NYSE,,,3574921938
SLYV,SPDR S&P 600 Small Cap Value ETF,NYSE,股权,,3572880658
IRT,"Independence Realty Trust, Inc.",AMEX,,,3570056641
ARLP,Alliance Resource Partners LP,NASDAQ,煤炭,,3567708493
SMG,Scotts Miracle-Gro Co.,NYSE,家庭产品/用品,,3567122920
MMS,"MAXIMUS, Inc.",NYSE,,,3553839679
CDP,COPT Defense Properties,NYSE,,,3549891889
EWU,iShares MSCI United Kingdom ETF,NYSE,资产配置,,3548519222
IRDM,"Iridium Communications, Inc.",NASDAQ,电信,,3534151903
TCGL,TechCreate Group Ltd.,NYSE,,,3531553225
CLBT,Cellebrite DI Ltd.,NASDAQ,,,3529572976
USFR,WisdomTree Floating Rate Treasury Fund,NYSE,股权,,3524765190
FII,"Federated Investors, Inc.",NYSE,,,3520784945
YSS,"York Space Systems, Inc.",NYSE,,,3516909842
KLIC,"Kulicke & Soffa Industries, Inc.",NASDAQ,半导体,,3515295361
SIG,Signet Jewelers Ltd.,NYSE,零售,,3514745184
USIG,iShares Broad USD Investment Grade Corporate Bond ETF,NASDAQ,,,3514494736
PLUG,"Plug Power, Inc.",NASDAQ,,,3512766898
WHR,Whirlpool Corp.,NYSE,家具家饰,,3512672509
VCLT,Vanguard Long-Term Corporate Bond Index Fund,NASDAQ,股权,,3507649651
SCHM,Schwab U.S. Mid-Cap ETF,NYSE,股权,,3502524155
RNST,Renasant Corp.,NASDAQ,银行,,3490558055
CNK,"Cinemark Holdings, Inc.",NYSE,娱乐,,3490057915
ZI,"ZoomInfo Technologies, Inc.",NASDAQ,,,3489062143
ENVA,"Enova International, Inc.",NYSE,,,3486863229
EWTX,"Edgewise Therapeutics, Inc.",NASDAQ,,,3486291932
WSFS,WSFS Financial Corp.,NASDAQ,银行,,3485156407
CVLT,"Commvault Systems, Inc.",NASDAQ,软件,,3482771316
LIVN,LivaNova Plc,NASDAQ,,,3474994835
KAI,Kadant Inc.,NYSE,,,3473849020
AB,AllianceBernstein Holding LP,NYSE,,,3465277948
SOXX,iShares PHLX Semiconductor ETF,NASDAQ,股权,,3461980805
GEF.B,"Greif, Inc.",NYSE,,,3457557630
CATY,Cathay General Bancorp,NASDAQ,银行,,3448988903
BGSI,"Boyd Group Services, Inc.",NYSE,,,3445639784
BHF,"Brighthouse Financial, Inc.",NASDAQ,,,3444770099
ISTB,iShares Core 1-5 Year USD Bond ETF,NASDAQ,股权,,3442763789
GTX,"Garrett Motion, Inc.",NYSE,,,3438476114
SCHC,Schwab International Small-Cap Equity ETF,NYSE,股权,,3436067917
OLN,Olin Corp.,NYSE,化学制品,,3431651026
MRX,Marex Group Plc,NYSE,生物技术和制药,,3425873055
PJT,"PJT Partners, Inc.",NYSE,,,3424303612
AVA,Avista Corp.,NYSE,电力,,3421244597
INTR,"Inter & Co., Inc.",NASDAQ,,,3420617678
NIQ,NIQ Global Intelligence Plc,NYSE,,,3413149910
MNDY,monday.com Ltd.,NASDAQ,,,3412938322
LEU,Centrus Energy Corp.,NYSE,,,3411212115
MARA,"MARA Holdings, Inc.",NASDAQ,,,3406902344
ATGE,"Adtalem Global Education, Inc.",NYSE,,,3400467622
USSG,Xtrackers MSCI USA Selection Equity ETF,AMEX,,,3399984094
PDP,Invesco Dorsey Wright Momentum ETF,NYSE,股权,,3396734134
BBAX,JPMorgan BetaBuilders Developed Asia ex-Japan ETF,AMEX,,,3392442121
GBDC,"Golub Capital BDC, Inc.",NASDAQ,,,3377217978
RELY,"Remitly Global, Inc.",NASDAQ,,,3374683360
WSBC,"WesBanco, Inc.",NASDAQ,银行,,3373518839
DIOD,"Diodes, Inc.",NASDAQ,半导体,,3371360807
GFF,Griffon Corp.,NYSE,建筑材料,,3370934878
BKU,"BankUnited, Inc.",NYSE,银行,,3370439213
HGV,"Hilton Grand Vacations, Inc.",NYSE,,,3368992925
FBP,First BanCorp (Puerto Rico),NYSE,银行,,3368875743
KRC,Kilroy Realty Corp.,NYSE,,,3365486632
FIBK,"First Interstate BancSystem, Inc.",NASDAQ,银行,,3359150116
GBIL,Goldman Sachs TreasuryAccess 0-1 Year ETF,AMEX,,,3355780820
CC,The Chemours Co.,NYSE,,,3353485638
WK,"Workiva, Inc.",NYSE,,,3344718477
HCACW,"Canoo, Inc.",NASDAQ,,,3343787816
GNW,"Genworth Financial, Inc.",NYSE,保险,,3342592046
NEA,Nuveen AMT-Free Quality Municipal Income Fund,AMEX,股权,,3336755049
HYMC,Hycroft Mining Holding Corp.,NASDAQ,,,3329628989
LEGN,Legend Biotech Corp.,NASDAQ,,,3327351921
BOX,"Box, Inc.",NYSE,,,3324174471
CVI,"CVR Energy, Inc.",NYSE,,,3320525562
FOUR,"Shift4 Payments, Inc.",NYSE,,,3316741980
UCBI,"United Community Banks, Inc.",NASDAQ,银行,,3316634981
IGT,International Game Technology PLC,NYSE,娱乐,,3307068468
LIF,"Life360, Inc.",NASDAQ,,,3306588736
ACXM,"Acxiom Holdings, Inc.",NASDAQ,软件,,3305214239
VONV,Vanguard Russell 1000 Value Index Fund,NASDAQ,股权,,3302535263
SA,"Seabridge Gold, Inc.",NYSE,,,3301725008
WSC,WillScot Holdings Corp.,NYSE,保险,,3300593494
VLYPO,Valley National Bancorp,NASDAQ,,,3294906175
LQDA,Liquidia Corp.,NASDAQ,,,3291955121
MCHB,Mechanics Bancorp,NASDAQ,,,3289833480
KFY,Korn Ferry,NYSE,,,3284971549
FXO,First Trust Financials AlphaDEX Fund,NYSE,股权,,3282540264
KAR,"OPENLANE, Inc.",NYSE,,,3281406909
VEON,VEON Ltd.,NASDAQ,,,3278145121
BKD,"Brookdale Senior Living, Inc.",NYSE,卫生保健设施,,3269645679
TLX,Telix Pharmaceuticals Ltd.,NASDAQ,,,3262423078
COLD,"Americold Realty Trust, Inc.",NYSE,,,3253325967
WBI,Waterbridge Infrastructure LLC,NYSE,,,3251804719
SCHZ,Schwab U.S. Aggregate Bond ETF,NYSE,股权,,3244757872
TGNA,"TEGNA, Inc.",NYSE,,,3243011663
PLBL,Polibeli Group Ltd.,NASDAQ,,,3242529249
EXPO,"Exponent, Inc.",NASDAQ,,,3240935657
PAH,Platform Specialty Products Corp.,NYSE,化学制品,,3240826302
SHYG,iShares 0-5 Year High Yield Corporate Bond ETF,NYSE,股权,,3228903652
CNS,"Cohen & Steers, Inc. (New York)",NYSE,,,3227536944
VCX,Fundrise Innovation Fund LLC,NYSE,,,3223291860
PAGS,PagSeguro Digital Ltd.,NYSE,,,3221842946
LASR,"nLIGHT, Inc.",NASDAQ,,,3220275001
SEAS,"SeaWorld Entertainment, Inc.",NYSE,,,3216384811
GEN,"Gen Digital, Inc.",NYSE,,,3209794207
SUNC,SunocoCorp LLC,NYSE,,,3207976005
BFH,"Bread Financial Holdings, Inc.",NYSE,,,3204745462
SWI,SolarWinds Corp.,NYSE,软件,,3201198529
BBAR,Banco BBVA Argentina SA,NYSE,,,3198346581
PARR,"Par Pacific Holdings, Inc.",NYSE,,,3196306092
IJK,iShares S&P Mid-Cap 400 Growth ETF,NYSE,股权,,3195306291
ANDG,"Andersen Group, Inc.",NYSE,,,3193803487
RNG,"RingCentral, Inc.",NYSE,,,3192236231
USAR,"USA Rare Earth, Inc.",NASDAQ,,,3191171350
CLNS,"Colony NorthStar, Inc.",NYSE,,,3184643944
AVNT,Avient Corp.,NYSE,,,3184165097
NIC,"Nicolet Bankshares, Inc.",NYSE,,,3183323670
HSAI,Hesai Group,NASDAQ,,,3182129773
AAP,"Advance Auto Parts, Inc.",NYSE,,,3177539275
CBU,"Community Financial System, Inc.",NYSE,银行,,3172753362
ZIM,ZIM Integrated Shipping Services Ltd.,NYSE,,,3169662574
FSM,Fortuna Mining Corp.,NYSE,采矿,,3168598690
EURN,Euronav NV,NYSE,,,3167676475
TR,"Tootsie Roll Industries, Inc.",NYSE,,,3166160087
FIZZ,National Beverage Corp.,NASDAQ,饮料,,3164764942
OPLN,"OPENLANE, Inc.",NYSE,,,3155964786
CALX,"Calix, Inc.",NYSE,电信,,3151651136
DNN,Denison Mines Corp.,NYSE,,,3151344208
FNDA,Schwab Fundamental U.S. Small Company ETF,AMEX,股权,,3148861917
FUL,H.B. Fuller Co.,NYSE,化学制品,,3148275781
QLYS,"Qualys, Inc.",NASDAQ,软件,,3148043634
PFHC,ProFrac Holding Corp.,NASDAQ,,,3143599318
HRI,"Herc Holdings, Inc.",NYSE,,,3142476946
THRK,SPDR Russell 3000 ETF,AMEX,,,3139493124
HYLB,Xtrackers (USD) High Yield Corporate Bond ETF,AMEX,,,3138263405
MTRN,Materion Corp.,NYSE,采矿,,3138089863
TOWN,TowneBank,NASDAQ,银行,,3137983169
PAY,"Paymentus Holdings, Inc.",NYSE,计算机硬件,,3126546953
NAVN,"Navan, Inc.",NASDAQ,,,3124482244
BXS,BancorpSouth Bank,NYSE,银行,,3123373240
BXMT,"Blackstone Mortgage Trust, Inc.",NYSE,,,3121664877
GEF,"Greif, Inc.",NYSE,,,3120140643
CPK,Chesapeake Utilities Corp.,NYSE,天然气,,3116442776
DUST,Direxion Daily Gold Miners Index Bear 2x ETF,NYSE,股权,,3114370808
FRMI,"Fermi, Inc.",NASDAQ,,,3111408599
BATRA,"Atlanta Braves Holdings, Inc.",NASDAQ,,,3104985959
VLYPP,Valley National Bancorp,NASDAQ,,,3096794170
FNDC,Schwab Fundamental International Small Equity ETF,AMEX,股权,,3094888818
CTRI,"Centuri Holdings, Inc.",NYSE,,,3092901007
FRPT,"Freshpet, Inc.",NASDAQ,,,3092564483
NOG,"Northern Oil & Gas, Inc.",NYSE,油气,,3088029765
QTWO,"Q2 Holdings, Inc.",NYSE,软件,,3083400011
SXI,Standex International Corp.,NYSE,,,3075370925
AMZA,InfraCap MLP ETF,NYSE,,,3073281080
BWIN,"Baldwin Insurance Group, Inc.",NASDAQ,,,3072862707
HWKN,"Hawkins, Inc.",NASDAQ,化学制品,,3065291811
BSM,Black Stone Minerals LP,NYSE,,,3059729925
CPRX,"Catalyst Pharmaceuticals, Inc.",NASDAQ,制药,,3051875833
DORM,"Dorman Products, Inc.",NASDAQ,汽车制造,,3045328293
SBCF,Seacoast Banking Corp. of Florida,NASDAQ,银行,,3042597884
PII,Polaris Inc.,NYSE,休闲,,3042538185
HG,Hamilton Insurance Group Ltd.,NYSE,,,3039053938
BOH,Bank of Hawaii Corp.,NYSE,银行,,3039002356
MHO,"M/I Homes, Inc.",NYSE,房屋建筑商,,3032601853
KBH,KB Home,NYSE,房屋建筑商,,3030465990
PRK,Park National Corp.,NYSE,银行,,3030457029
SPXL,Direxion Daily S&P 500 Bull 3x ETF,NASDAQ,股权,,3020779009
MPW,"Medical Properties Trust, Inc.",NYSE,房地产信托投资基金,,3019529989
IAC,"IAC, Inc.",NASDAQ,,,3014588879
CLMT,"Calumet, Inc.",NASDAQ,,,3013749611
AWR,American States Water Co.,NYSE,,,3013514684
FTREV,"Fortrea Holdings, Inc.",NASDAQ,,,3013285851
TRMD,TORM Plc,NASDAQ,运输,,3012638560
MANU,Manchester United Plc,NYSE,娱乐,,3012427889
NSA,National Storage Affiliates Trust,NYSE,,,3010672706
CHFC,Chemical Financial Corp.,NASDAQ,银行,,3008330126
VTMX,Corporaci贸n Inmobiliaria Vesta SAB de CV,NYSE,,,3005483354
BKV,BKV Corp.,NYSE,,,3002636965
ORKA,"Oruka Therapeutics, Inc.",NASDAQ,,,3002286938
DYN,"Dyne Therapeutics, Inc.",NYSE,,,2996892456
ICUI,"ICU Medical, Inc.",NASDAQ,,,2994837900
HNGE,"Hinge Health, Inc.",NYSE,,,2994578041
NSAM,"NorthStar Asset Management Group, Inc.",NYSE,,,2992887261
USMC,Principal U.S. Mega-Cap Multi-Factor Index ETF,NASDAQ,,,2983941309
ACLS,"Axcelis Technologies, Inc.",NASDAQ,半导体,,2976812085
ERI,"Eldorado Resorts, Inc.",AMEX,,,2975992147
CWK,Cushman & Wakefield Ltd.,NYSE,,,2975448957
FFBC,First Financial Bancorp (Ohio),NASDAQ,银行,,2974428655
JW.B,"John Wiley & Sons, Inc.",NYSE,,,2962658987
JW.A,"John Wiley & Sons, Inc.",NYSE,媒体内容,,2954302346
FSK,FS KKR Capital Corp.,NYSE,,,2951900193
MLHR,"Herman Miller, Inc.",NASDAQ,,,2949109074
LCII,LCI Industries,NYSE,,,2947648781
HAYW,"Hayward Holdings, Inc.",NYSE,,,2947144866
SUPN,"Supernus Pharmaceuticals, Inc.",NASDAQ,生物技术和制药,,2934363940
KD,"Kyndryl Holdings, Inc.",NYSE,,,2930813496
JOYY,"JOYY, Inc.",NASDAQ,,,2930599028
SLYG,SPDR S&P 600 Small Cap Growth ETF,NYSE,股权,,2930026288
ITGR,Integer Holdings Corp.,NYSE,,,2928409324
CEIX,"CONSOL Energy, Inc.",NYSE,,,2927982776
TARS,"Tarsus Pharmaceuticals, Inc.",NASDAQ,,,2926253103
SMR,NuScale Power Corp.,NYSE,,,2922039951
ARX,Accelerant Holdings,NYSE,,,2921403836
TVTX,"Travere Therapeutics, Inc.",NASDAQ,,,2921290022
COLM,Columbia Sportswear Co.,NASDAQ,服饰,,2909175729
NMIH,"NMI Holdings, Inc.",NASDAQ,,,2907650192
QDF,FlexShares Quality Dividend Index Fund,NASDAQ,股权,,2906208598
MGEE,"MGE Energy, Inc.",NASDAQ,,,2897921874
IPAR,"Interparfums, Inc.",NASDAQ,,,2897364849
UBSH,Union Bankshares Corp.,NASDAQ,银行,,2894846498
AEO,"American Eagle Outfitters, Inc.",NYSE,,,2893472269
LCID,"Lucid Group, Inc.",NASDAQ,,,2893451841
HOVNP,"Hovnanian Enterprises, Inc.",NASDAQ,,,2888373656
ARQT,"Arcutis Biotherapeutics, Inc.",NASDAQ,,,2886256902
UCTT,"Ultra Clean Holdings, Inc.",NASDAQ,半导体,,2883613481
ESGRP,Enstar Group Ltd.,NASDAQ,,,2881925178
SFNC,Simmons First National Corp.,NASDAQ,银行,,2878524122
TILT,Flexshares Morningstar US Market Factors Tilt Index Fund,NYSE,股权,,2872850227
GBTG,"Global Business Travel Group, Inc.",NYSE,,,2867919201
VTHR,Vanguard Russell 3000 Index Fund,NASDAQ,股权,,2865456422
WDFC,WD-40 Co.,NASDAQ,家庭产品/用品,,2865165031
POWI,"Power Integrations, Inc.",NASDAQ,半导体,,2864561009
MSGE,Madison Square Garden Entertainment Corp.,NYSE,,,2862859001
APAM,"Artisan Partners Asset Management, Inc.",NYSE,,,2862420476
SCHH,Schwab U.S. REIT ETF,NYSE,股权,,2860415668
MDYG,SPDR S&P 400 Mid Cap Growth ETF,NYSE,股权,,2856925817
VERA,"Vera Therapeutics, Inc.",NASDAQ,,,2854226680
LION,Lionsgate Studios Corp.,NASDAQ,银行,,2840932990
ALMS,"Alumis, Inc.",NASDAQ,,,2837816984
ADS,Alliance Data Systems Corp.,NYSE,媒体内容,,2837054598
EWG,iShares MSCI Germany ETF,NYSE,债务,,2834842079
EXK,Endeavour Silver Corp.,NYSE,采矿,,2833125978
SOUN,"SoundHound AI, Inc.",NASDAQ,,,2832854919
DHT,"DHT Holdings, Inc.",NYSE,运输,,2832722032
JPC,Nuveen Preferred & Income Opportunities Fund,NYSE,股权,,2829654090
CURB,Curbline Properties Corp.,NYSE,,,2827373109
SYNA,"Synaptics, Inc.",NASDAQ,计算机硬件,,2826109248
TNGX,"Tango Therapeutics, Inc.",NASDAQ,,,2825239141
PFS,"Provident Financial Services, Inc.",NYSE,储蓄及贷款,,2824346820
ADEA,"Adeia, Inc.",NASDAQ,,,2824052229
DBRG,"DigitalBridge Group, Inc.",NYSE,,,2823927094
CSQ,Calamos Strategic Total Return Fund,NYSE,股权,,2819297995
BATRK,"Atlanta Braves Holdings, Inc.",NASDAQ,,,2815805714
GPK,Graphic Packaging Holding Co.,NYSE,包装容器,,2815453132
FBK,FB Financial Corp.,NYSE,,,2815105974
PRVA,"Privia Health Group, Inc.",NASDAQ,,,2811486969
CRVL,CorVel Corp.,NASDAQ,,,2811337946
COCO,"The Vita Coco Co., Inc.",NASDAQ,商业服务,,2809584674
OFC,Corporate Office Properties Trust,NYSE,,,2806914733
LXP,LXP Industrial Trust,NYSE,,,2805789004
SCHG,Schwab U.S. Large-Cap Growth ETF,NYSE,股权,,2799275237
MPT,"Medical Properties Trust, Inc.",NYSE,,,2791259046
ZGN,Ermenegildo Zegna NV,NYSE,,,2784336026
SJNK,SPDR Bloomberg Barclays Short Term High Yield Bond ETF,NASDAQ,股权,,2782921238
CAKE,"Cheesecake Factory, Inc.",NASDAQ,,,2781139924
HTGC,"Hercules Capital, Inc.",NYSE,私募股权投资,,2777474986
BANC,"Banc of California, Inc.",NASDAQ,银行,,2774162026
ATS,ATS Corp.,NYSE,,,2773999492
GRBK,"Green Brick Partners, Inc.",NASDAQ,,,2772424346
KMT,"Kennametal, Inc.",NYSE,手工/机器工具,,2770588051
BFT,FOLEY TRASIMENE ACQUISITION COR,NYSE,,,2769025703
IHS,IHS Holding Ltd.,NYSE,,,2768049999
HAE,Haemonetics Corp.,NYSE,医疗保健产品,,2767833729
RCUS,"Arcus Biosciences, Inc.",NYSE,,,2766462897
ADX,"Adams Diversified Equity Fund, Inc.",NYSE,股权,,2764391926
TTAM,Titan America SA,NYSE,,,2761749641
WU,The Western Union Co.,NYSE,,,2761206439
BBU,Brookfield Business Partners LP,NYSE,,,2757085674
ACMR,"ACM Research, Inc.",NASDAQ,,,2754643455
YETI,"YETI Holdings, Inc.",NYSE,,,2745408430
APLE,"Apple Hospitality REIT, Inc.",NYSE,,,2745211437
MGRC,McGrath RentCorp,NASDAQ,商业服务,,2744938075
CON,"Concentra Group Holdings Parent, Inc.",NYSE,,,2741059995
VRNS,"Varonis Systems, Inc.",NASDAQ,,,2735358112
GSY,Invesco Ultra Short Duration ETF,NYSE,股权,,2729192149
CWT,California Water Service Group,NYSE,,,2726273888
ESGRO,Enstar Group Ltd.,NASDAQ,,,2724170009
DBD,"Diebold Nixdorf, Inc.",NYSE,计算机,,2723815909
TALO,"Talos Energy, Inc.",NYSE,,,2723197252
SUB,iShares Short-Term National Muni Bond ETF,NYSE,股权,,2713863301
BHFAP,"Brighthouse Financial, Inc.",NASDAQ,,,2705806826
SLNO,"Soleno Therapeutics, Inc.",NASDAQ,,,2702536424
EXG,Eaton Vance Tax-Managed Global Diversified Equity Income Fund,NYSE,环球,,2701414980
CVBF,CVB Financial Corp.,NASDAQ,银行,,2700761101
MODG,Topgolf Callaway Brands Corp.,NYSE,,,2699412053
TOTL,SPDR DoubleLine Total Return Tactical ETF,AMEX,,,2696627333
NAD,Nuveen Quality Municipal Income Fund,NYSE,股权,,2693489710
HYH,"Halyard Health, Inc.",NYSE,,,2691696686
HRG,"HRG Group, Inc.",NYSE,控股公司-多元经营,,2686814614
HCM,HUTCHMED (China) Ltd.,NASDAQ,,,2684538304
BCC,Boise Cascade Co.,NYSE,,,2678823991
SPNT,SiriusPoint Ltd.,NYSE,,,2677907003
DK,"Delek US Holdings, Inc.",NYSE,油气,,2670446223
UNFI,"United Natural Foods, Inc.",NASDAQ,,,2670049040
HACK,Amplify Cybersecurity Etf,AMEX,,,2669630881
PKW,Invesco Buyback Achievers ETF,NYSE,股权,,2669353224
CVB,Lehman ABS 7.75% CorTS Kinder Deb-Bkd Series 2002-6,NYSE,,,2669000002
SLG,SL Green Realty Corp.,NYSE,,,2667931106
BELFB,"Bel Fuse, Inc.",NASDAQ,,,2661876053
DKL,Delek Logistics Partners LP,NYSE,油气,,2661704031
DW,Drew Industries Inc,NYSE,,,2653286966
SBLK,Star Bulk Carriers Corp.,NASDAQ,,,2645512231
JHMM,John Hancock Multifactor Mid Cap ETF,NYSE,,,2644715762
BKE,"The Buckle, Inc.",NYSE,零售,,2642877772
NVG,Nuveen AMT-Free Municipal Credit Income Fund,AMEX,股权,,2641271594
DRD,DRDGOLD Ltd.,NYSE,采矿,,2638623810
MFS,"Manitowoc Food Service, Inc. When Issued",NYSE,,,2635958122
PBH,"Prestige Consumer Healthcare, Inc.",NYSE,家庭产品/用品,,2631867712
DBC,Invesco DB Commodity Index Tracking Fund,NYSE,环球,,2631553250
BWLP,BW LPG Ltd.,NYSE,,,2630947076
HE,"Hawaiian Electric Industries, Inc.",NYSE,电力,,2630735969
GSIE,Goldman Sachs ActiveBeta International Equity ETF,AMEX,,,2627572073
ICSH,iShares Ultra Short-Term Bond Active ETF,NYSE,股权,,2627489957
TNK,Teekay Tankers Ltd.,NYSE,,,2626697303
SAM,"Boston Beer Co., Inc.",NYSE,饮料,,2618595058
FCPT,"Four Corners Property Trust, Inc.",NYSE,,,2616321913
EEFT,"Euronet Worldwide, Inc.",NASDAQ,,,2605656954
AKR,Acadia Realty Trust,NYSE,房地产信托投资基金,,2605628728
PPA,Invesco Aerospace & Defense ETF,NYSE,股权,,2605604104
AMR,"Alpha Metallurgical Resources, Inc.",NASDAQ,,,2603565007
NHC,National HealthCare Corp.,AMEX,卫生保健设施,,2595993207
RLX,"RLX Technology, Inc.",NYSE,,,2595285027
WRBY,"Warby Parker, Inc.",NYSE,,,2594668057
UPST,"Upstart Holdings, Inc.",NASDAQ,,,2593720825
PHIN,"PHINIA, Inc.",NYSE,,,2592638673
BULL,Webull Corp.,NASDAQ,,,2585846562
SCHO,Schwab Short-Term U.S. Treasury ETF,NYSE,股权,,2582760518
TFI,SPDR Nuveen ICE Municipal Bond ETF,NYSE,股权,,2581446910
WOR,"Worthington Enterprises, Inc.",NYSE,,,2581376899
ELVN,"Enliven Therapeutics, Inc.",NASDAQ,,,2580985514
CALY,Callaway Golf Co.,NASDAQ,,,2579160891
VSH,"Vishay Intertechnology, Inc.",NYSE,电子,,2577374613
PTY,PIMCO Corporate & Income Opportunity Fund,NYSE,股权,,2573460145
BBT,Beacon Financial Corp.,NYSE,银行,,2572944075
UE,Urban Edge Properties,NYSE,,,2571104461
MH,"McGraw Hill, Inc.",NYSE,,,2570880453
AYA,AMAYA INC,NASDAQ,,,2568287811
SHOO,Steven Madden Ltd.,NASDAQ,服饰,,2565907082
TRN,"Trinity Industries, Inc.",NYSE,,,2565250385
ATRO,Astronics Corp.,NASDAQ,航空航天/国防,,2563697094
DX,"Dynex Capital, Inc.",NYSE,,,2563167916
SIZE,iShares Edge MSCI USA Size Factor ETF,AMEX,,,2560916253
WRD,"WeRide, Inc.",NYSE,,,2556274513
VCYT,"Veracyte, Inc.",NASDAQ,,,2554588549
BOND,PIMCO Active Bond ETF,NASDAQ,环球,,2552277240
TRMK,Trustmark Corp.,NASDAQ,银行,,2552095908
CWI,SPDR MSCI ACWI ex-US ETF,NYSE,股权,,2551625842
RXO,"RXO, Inc.",NYSE,,,2551376760
IRON,"Disc Medicine, Inc.",NASDAQ,,,2551000287
AAPG,"Ascentage Pharma Group International Co., Ltd.",NASDAQ,,,2550719989
DJT,Trump Media & Technology Group Corp.,NASDAQ,,,2545927907
BRZE,"Braze, Inc.",NASDAQ,,,2540116301
USHY,iShares Broad USD High Yield Corporate Bond ETF,AMEX,,,2538730691
FRME,First Merchants Corp. (Indiana),NASDAQ,银行,,2533031120
UTF,"Cohen & Steers Infrastructure Fund, Inc.",NYSE,股权,,2532387844
RWR,State Street SPDR Dow Jones REIT ETF,NYSE,股权,,2531362537
AXTI,"AXT, Inc.",NASDAQ,半导体,,2526602969
GRDN,"Guardian Pharmacy Services, Inc.",NYSE,,,2526012908
CEPU,Central Puerto SA,NYSE,,,2523454968
LMAT,"LeMaitre Vascular, Inc.",NASDAQ,,,2513136831
UAA,"Under Armour, Inc.",NYSE,,,2504233049
BTE,Baytex Energy Corp.,NYSE,油气,,2502786390
LFST,"Lifestance Health Group, Inc.",NASDAQ,,,2498510253
EFXT,Enerflex Ltd.,NYSE,,,2496936470
BEAM,"Beam Therapeutics, Inc.",NYSE,饮料,,2494458976
BELFA,"Bel Fuse, Inc.",NASDAQ,电子,,2491395291
VC,Visteon Corp.,NYSE,汽车部件与设备,,2488580130
ASH,"Ashland, Inc.",NYSE,化学制品,,2487185881
ANDE,"The Andersons, Inc.",NASDAQ,农业,,2486923777
NGVT,Ingevity Corp.,NYSE,,,2485654990
UNIT,"Uniti Group, Inc.",NASDAQ,,,2483970869
TGB,Taseko Mines Ltd.,NYSE,采矿,,2471680083
SPYD,SPDR S&P 500 High Dividend ETF,NYSE,,,2471324927
SVM,"Silvercorp Metals, Inc.",NYSE,采矿,,2469027066
SRNG,Soaring Eagle Acquisition Corp.,NASDAQ,,,2462437528
HTO,H2O America,NASDAQ,,,2458909785
CUBI,"Customers Bancorp, Inc.",NASDAQ,银行,,2453697018
UA,"Under Armour, Inc.",NYSE,服饰,,2453126100
TDC,Teradata Corp.,NYSE,计算机,,2448507621
IMNM,"Immunome, Inc.",NASDAQ,,,2441413994
SDOG,ALPS Sector Dividend Dogs ETF,NASDAQ,股权,,2438495100
FLNC,"Fluence Energy, Inc.",NASDAQ,,,2437142367
RHI,"Robert Half, Inc.",NYSE,商业服务,,2434526325
SPSM,SPDR Portfolio Small Cap ETF,AMEX,,,2430681500
SRPT,"Sarepta Therapeutics, Inc.",NASDAQ,生物技术和制药,,2423163930
GDV,The Gabelli Dividend & Income Trust,NYSE,股权,,2421078591
IVT,InvenTrust Properties Corp.,NYSE,,,2420330954
WAFD,"WaFd, Inc.",NASDAQ,银行,,2418522929
CHEF,"The Chefs' Warehouse, Inc.",NASDAQ,食品,,2415666810
CLDX,"Celldex Therapeutics, Inc.",NASDAQ,生物技术,,2411170726
RLAY,"Relay Therapeutics, Inc.",NASDAQ,,,2409223824
VGLT,Vanguard Long-Term Government Bond Index Fund,NASDAQ,股权,,2405676327
BCRX,"BioCryst Pharmaceuticals, Inc.",NASDAQ,生物技术,,2405178022
TDIV,First Trust NASDAQ Technology Dividend Index Fund,NASDAQ,,,2397009445
NTCT,"NetScout Systems, Inc.",NASDAQ,计算机,,2391937915
CXT,Crane NXT Co.,NYSE,,,2391376047
ARKK,ARK Innovation ETF,NYSE,,,2387219724
ETOR,eToro Group Ltd.,NASDAQ,,,2385782451
TBBK,"The Bancorp, Inc. (Delaware)",NASDAQ,银行,,2381841792
KRE,SPDR S&P Regional Banking ETF,NYSE,股权,,2381088311
HIW,"Highwoods Properties, Inc.",NYSE,,,2377185943
KYN,"Kayne Anderson Energy Infrastructure Fund, Inc.",NYSE,股权,,2376220866
NZF,Nuveen Municipal Credit Income Fund,AMEX,股权,,2375118197
PLAB,"Photronics, Inc.",NASDAQ,半导体,,2374576754
HOG,"Harley-Davidson, Inc.",NYSE,汽车制造,,2368995043
AUO,AU Optronics Corp.,NYSE,计算机硬件,,2367564323
KYIV,Kyivstar Group Ltd.,NASDAQ,,,2366352002
ZLAB,Zai Lab Ltd.,NASDAQ,,,2366058996
OSW,OneSpaWorld Holdings Ltd.,NASDAQ,,,2362800893
FEAC,Fidelity Enhanced US All Cap Equity ETF,NYSE,,,2358279770
GOF,Guggenheim Strategic Opportunities Fund,NYSE,股权,,2357918981
MDYV,SPDR S&P 400 Mid Cap Value ETF,NYSE,股权,,2353181177
AMBP,Ardagh Metal Packaging SA,NYSE,,,2337005433
ACHC,"Acadia Healthcare Co., Inc.",NASDAQ,健康护理服务,,2336748942
AMGP,Antero Midstream GP LP,NYSE,,,2335397489
GEO,"The GEO Group, Inc.",NYSE,,,2334321199
MLYS,"Mineralys Therapeutics, Inc.",NASDAQ,,,2332729178
FHLC,Fidelity MSCI Health Care Index ETF,NYSE,,,2327373671
HNI,HNI Corp.,NYSE,,,2326810765
GEM,Goldman Sachs ETF Tr. - ActiveBeta Emerging Markets Equity ETF,NYSE,,,2317984967
CLSK,"CleanSpark, Inc.",NASDAQ,,,2317121110
NEXT,NextDecade Corp.,NASDAQ,,,2315488707
CDLR,Cadeler A/S,NYSE,,,2310954734
FRSH,"Freshworks, Inc.",NASDAQ,,,2310019127
PRDO,Perdoceo Education Corp.,NASDAQ,,,2309825526
FBNC,First Bancorp (North Carolina),NASDAQ,银行,,2309702486
ARCB,ArcBest Corp.,NASDAQ,,,2308730572
HUN,Huntsman Corp.,NYSE,化学制品,,2306923643
HTFL,"HeartFlow, Inc.",NASDAQ,,,2304310922
XRAY,"Dentsply Sirona, Inc.",NASDAQ,医疗保健产品,,2301112097
STUB,"Stubhub Holdings, Inc.",NYSE,,,2300870500
BW,"Babcock & Wilcox Enterprises, Inc.",NYSE,,,2300704693
MCW,"Mister Car Wash, Inc.",NYSE,,,2292783880
DNOW,"DNOW, Inc.",NYSE,,,2288330611
AMPX,"Amprius Technologies, Inc.",NYSE,,,2288217104
NBTB,"NBT Bancorp, Inc.",NASDAQ,银行,,2287904415
NWN,Northwest Natural Holding Co.,NYSE,天然气,,2287674012
CSGS,"CSG Systems International, Inc.",NASDAQ,,,2282150007
RDIV,Invesco S&P Ultra Dividend Revenue ETF,NYSE,,,2279606728
RARE,"Ultragenyx Pharmaceutical, Inc.",NASDAQ,,,2276043629
RSI,"Rush Street Interactive, Inc.",NYSE,,,2276040952
GRND,"Grindr, Inc.",NYSE,,,2275464992
BTDR,Bitdeer Technologies Group,NASDAQ,,,2268328586
KN,Knowles Corp.,NYSE,,,2268246728
BRSL,Brightstar Lottery Plc,NYSE,,,2264166117
HUBG,"Hub Group, Inc.",NASDAQ,运输,,2263902968
CENT,Central Garden & Pet Co.,NASDAQ,,,2260931159
BFR,BBVA Banco Franc茅s SA,NYSE,银行,,2258671947
PAHC,Phibro Animal Health Corp.,NASDAQ,生物技术和制药,,2256162008
MLCO,Melco Resorts & Entertainment Ltd.,NASDAQ,,,2253627986
MLPI,NEOS MLP & Energy Infrastructure High Income ETF,NYSE,股权,,2247070208
FIGS,"FIGS, Inc.",NYSE,,,2246091147
DAVE,"Dave, Inc.",NASDAQ,,,2245198262
XSLV,Invesco S&P SmallCap Low Volatility ETF,AMEX,股权,,2243692752
ABM,"ABM Industries, Inc.",NYSE,,,2241807000
DXPE,"DXP Enterprises, Inc.",NASDAQ,,,2241407462
SEZL,"Sezzle, Inc.",NASDAQ,,,2239022880
BOTZ,Global X Robotics & Artificial Intelligence ETF,NASDAQ,,,2236002446
BUSE,First Busey Corp.,NASDAQ,银行,,2235877779
FTC,First Trust Large Cap Growth AlphaDEX Fund,NYSE,股权,,2235866342
AMBA,"Ambarella, Inc.",NASDAQ,半导体,,2232795014
SLDE,"Slide Insurance Holdings, Inc.",NASDAQ,,,2231533091
VAC,Marriott Vacations Worldwide Corp.,NYSE,娱乐,,2228569502
RDVY,First Trust Rising Dividend Achievers ETF,NASDAQ,股权,,2222253788
ITCB,Banco Itau Chile,NYSE,,,2219621048
VVX,"V2X, Inc.",NYSE,,,2217365104
DAWN,"Day One Biopharmaceuticals, Inc.",NASDAQ,,,2216768354
PUYI,"Puyi, Inc.",NASDAQ,,,2213429013
VRRM,Verra Mobility Corp.,NASDAQ,,,2211758063
PRSC,"ModivCare, Inc.",NASDAQ,,,2206689804
FMC,FMC Corp.,NYSE,化学制品,,2205793918
ADMA,"ADMA Biologics, Inc.",NASDAQ,,,2205354052
SRLN,SPDR Blackstone / GSO Senior Loan ETF,AMEX,股权,,2198061950
CPRI,Capri Holdings Ltd.,NYSE,,,2194961562
ETY,Eaton Vance Tax-Managed Diversified Equity Income Fund,NYSE,股权,,2194388851
XMTR,"Xometry, Inc.",NASDAQ,,,2189581914
DDR,DDR Corp.,NYSE,,,2189100730
NKTR,Nektar Therapeutics,NASDAQ,生物技术和制药,,2187170238
SPSC,"SPS Commerce, Inc.",NASDAQ,软件,,2186618236
NESR,National Energy Services Reunited Corp.,NASDAQ,,,2185279099
HTH,"Hilltop Holdings, Inc.",NYSE,保险,,2184177228
NYAX,Nayax Ltd. (Israel),NASDAQ,,,2182509513
HURN,"Huron Consulting Group, Inc.",NASDAQ,,,2181826752
OMFL,Invesco Russell 1000 Dynamic Multifactor ETF,AMEX,,,2176850879
HLIO,"Helios Technologies, Inc.",NASDAQ,,,2175799572
NTB,The Bank of N.T. Butterfield & Son Ltd.,NYSE,,,2175599976
CCU,Compa帽铆a Cervecer铆as Unidas SA,NYSE,饮料,,2174524486
INFQ,"Infleqtion, Inc.",NYSE,,,2173377988
CDEV,"Centennial Resource Development, Inc.",NASDAQ,,,2172151490
NEOG,Neogen Corp.,NASDAQ,,,2170908901
TSRA,Tessera Technologies,NASDAQ,半导体,,2169269691
SCHR,Schwab Intermediate-Term US Treasury ETF,NYSE,股权,,2164949092
MSTX,Defiance Daily Target 2X Long MSTR ETF,AMEX,,,2164476548
AVPT,"AvePoint, Inc.",NASDAQ,,,2161746757
VOOV,Vanguard S&P 500 Value ETF,NYSE,股权,,2161018934
BRP,"Baldwin Insurance Group, Inc.",NASDAQ,,,2160188141
DXC,DXC Technology Co.,NYSE,,,2159347042
RH,RH,NYSE,零售,,2153356994
ATKR,"Atkore, Inc.",NYSE,,,2152278264
RUM,"Rumble, Inc.",NASDAQ,,,2150039189
MTX,"Minerals Technologies, Inc.",NYSE,化学制品,,2148034206
XXI,"Twenty One Capital, Inc.",NYSE,,,2147930020
OAS,"Oasis Petroleum, Inc.",NYSE,,,2145305593
GEL,Genesis Energy LP,NYSE,管道,,2143125565
AGRO,Adecoagro SA,NYSE,农业,,2142929010
PQG,"PQ Group Holdings, Inc.",NYSE,,,2142867575
KALU,Kaiser Aluminum Corp.,NASDAQ,,,2139453802
VET,"Vermilion Energy, Inc.",NYSE,,,2139445116
VNET,"VNET Group, Inc.",NASDAQ,互联网,,2138755901
WT,"WisdomTree, Inc.",NYSE,,,2138412194
SSW,Seaspan Corp.,NYSE,运输,,2137719533
ZIONZ,Zions Bancorporation,NASDAQ,银行,,2130663029
SAH,"Sonic Automotive, Inc.",NYSE,,,2130231452
PTRN,"Pattern Group, Inc.",NASDAQ,,,2128267822
WB,Weibo Corp.,NASDAQ,媒体内容,,2127531580
CIXX,CI Financial Corp.,NYSE,,,2127381155
IAGG,iShares Core International Aggregate Bond ETF,AMEX,,,2127154738
NSIT,"Insight Enterprises, Inc.",NASDAQ,,,2124728974
MNR,Mach Natural Resources LP,NYSE,房地产信托投资基金,,2124603097
EXTR,"Extreme Networks, Inc.",NASDAQ,电信,,2124143955
BANR,Banner Corp.,NASDAQ,银行,,2123794051
CLM,"Cornerstone Strategic Investment Fund, Inc.",AMEX,股权,,2123596735
FXU,First Trust Utilities AlphaDEX Fund,NYSE,股权,,2123567505
VECO,"Veeco Instruments, Inc.",NASDAQ,半导体,,2121570357
AXL,"American Axle & Manufacturing Holdings, Inc.",NYSE,汽车制造,,2121012000
KWR,Quaker Houghton,NYSE,化学制品,,2120080092
MANE,"Veradermics, Inc.",NYSE,,,2117567755
SOC,Sable Offshore Corp.,NYSE,,,2112952690
ADPT,Adaptive Biotechnologies Corp.,NYSE,,,2111087002
ARR,"ARMOUR Residential REIT, Inc.",NYSE,,,2110372806
PXF,Invesco FTSE RAFI Developed Markets ex-U.S. ETF,NYSE,股权,,2103642512
CECO,CECO Environmental Corp.,NASDAQ,商业服务,,2101072979
AUPH,"Aurinia Pharmaceuticals, Inc.",NASDAQ,,,2099611753
BPFHP,"Boston Private Financial Holdings, Inc.",NASDAQ,,,2099537430
DAC,Danaos Corp.,NYSE,,,2098132567
PRF,Invesco FTSE RAFI US 1000 ETF,NYSE,股权,,2097517107
PLUS,"ePlus, Inc.",NASDAQ,互联网,,2097417014
MBFIP,"MB Financial, Inc.",NASDAQ,,,2097280000
WTTR,"Select Water Solutions, Inc.",NYSE,,,2097201140
IMAX,IMAX Corp.,NYSE,电子,,2094928941
TENB,"Tenable Holdings, Inc.",NASDAQ,,,2090955081
STRP,"Straight Path Communications, Inc.",AMEX,,,2088584244
NYLD,"NRG Yield, Inc.",NYSE,,,2087282389
AERO,Grupo Aerom茅xico SAB de CV,NYSE,,,2080582646
CMRE,"Costamare, Inc.",NYSE,,,2080156006
ESGD,iShares ESG Aware MSCIi EAFE ETF,NASDAQ,,,2076579667
EFSC,Enterprise Financial Services Corp.,NASDAQ,银行,,2071940826
MCVT,Miller Convertible Total Return ETF,NASDAQ,,,2069163647
PK,"Park Hotels & Resorts, Inc.",NYSE,,,2066905446
NCNO,"nCino, Inc.",NASDAQ,,,2063915419
BOFI,"BofI Holding, Inc.",NASDAQ,储蓄及贷款,,2062393265
MBFIO,"MB Financial, Inc.",NASDAQ,,,2060367827
SNHNL,Senior Housing Properties Trust,NASDAQ,,,2060111028
AGIO,"Agios Pharmaceuticals, Inc.",NASDAQ,,,2057171019
BB,BlackBerry Ltd.,NYSE,,,2053713485
DFTX,"Definium Therapeutics, Inc.",NASDAQ,,,2051787487
NYLD.A,"NRG Yield, Inc.",NYSE,,,2050463252
ATHM,"Autohome, Inc.",NYSE,,,2048670027
ALG,"Alamo Group, Inc.",NYSE,,,2046766893
NN,"NextNav, Inc.",NASDAQ,,,2042748636
DLS,WisdomTree International SmallCap Dividend Fund,NYSE,股权,,2040929425
BHE,"Benchmark Electronics, Inc.",NYSE,,,2034091932
TYRA,"Tyra Biosciences, Inc.",NASDAQ,,,2032406224
VR,Global X Metaverse ETF,NASDAQ,保险,,2031627468
SEM,Select Medical Holdings Corp.,NYSE,健康护理服务,,2027699040
GNL,"Global Net Lease, Inc.",NYSE,,,2024057659
SYBT,"Stock Yards Bancorp, Inc.",NASDAQ,银行,,2017398638
EVCM,"EverCommerce, Inc.",NASDAQ,,,2017159571
RVT,"Royce Small-Cap Trust, Inc.",NYSE,股权,,2016925708
GRAL,"GRAIL, Inc.",NASDAQ,,,2016145596
CASH,"Pathward Financial, Inc.",NASDAQ,,,2015534881
DCO,"Ducommun, Inc.",NYSE,,,2014245451
AAMI,"Acadian Asset Management, Inc.",NYSE,,,2010108918
PENN,"PENN Entertainment, Inc.",NASDAQ,,,2009871058
CENTA,Central Garden & Pet Co.,NASDAQ,,,2008747897
HCI,"HCI Group, Inc.",NYSE,保险,,2008036533
SNH,Senior Housing Properties Trust,NYSE,房地产信托投资基金,,2007867772
BLBD,Blue Bird Corp.,NASDAQ,,,2007576060
NFRA,FlexShares STOXX Global Broad Infrastructure Index Fund,NYSE,,,2002584803
FDP,"Fresh Del Monte Produce, Inc.",NYSE,,,1999110897
STOK,"Stoke Therapeutics, Inc.",NASDAQ,,,1998113614
UTI,"Universal Technical Institute, Inc.",NYSE,,,1996694068
GLOB,Globant SA,NYSE,,,1990577466
RWL,Invesco S&P 500 Revenue ETF,NYSE,股权,,1990187864
INTA,"Intapp, Inc.",NASDAQ,,,1989795778
COT,Cott Corp. (Canada),NYSE,饮料,,1978955962
NVTS,Navitas Semiconductor Corp.,NASDAQ,,,1977893926
CXW,"CoreCivic, Inc.",NYSE,商业服务,,1975757959
GTY,Getty Realty Corp.,NYSE,房地产信托投资基金,,1973347095
WLYB,"John Wiley & Sons, Inc.",NYSE,,,1970803125
NMM,Navios Maritime Partners LP,NYSE,,,1968818069
FA,First Advantage Corp.,NASDAQ,,,1966319593
DGII,"Digi International, Inc.",NASDAQ,软件,,1964054664
WLY,"John Wiley & Sons, Inc.",NYSE,,,1963617741
PAX,Patria Investments Ltd.,NASDAQ,,,1961463036
WGS,GeneDx Holdings Corp.,NASDAQ,,,1959123734
SKWD,"Skyward Specialty Insurance Group, Inc.",NASDAQ,,,1958558622
XPRO,Expro Group Holdings NV,NYSE,,,1955630054
ECO,Okeanis Eco Tankers Corp.,NYSE,,,1953404042
AHG,Akso Health Group,NASDAQ,,,1953285976
BHC,"Bausch Health Cos., Inc.",NYSE,,,1949158083
BLX,Banco Latinoamericano de Comercio Exterior SA,NYSE,银行,,1944161037
AGYS,"Agilysys, Inc.",NASDAQ,软件,,1927663631
DRH,DiamondRock Hospitality Co.,NYSE,,,1925753778
NWBI,"Northwest Bancshares, Inc. (Pennsylvania)",NASDAQ,银行,,1924656844
GCMG,"GCM Grosvenor, Inc.",NASDAQ,,,1923529505
SLQD,iShares 0-5 Year Investment Grade Corporate Bond ETF,NYSE,股权,,1922453893
GVI,iShares Intermediate Government/Credit Bond ETF,NYSE,股权,,1920063570
GT,Goodyear Tire & Rubber Co.,NASDAQ,汽车制造,,1919664891
ZYME,"Zymeworks, Inc.",NYSE,,,1917489782
ROG,Rogers Corp.,NYSE,,,1917140759
TMC,"TMC the metals co., Inc.",NASDAQ,,,1910359772
VGNT,Versigent Ltd.,NYSE,,,1909848325
FORTY,Formula Systems (1985) Ltd.,NASDAQ,软件,,1908150361
VERX,"Vertex, Inc.",NASDAQ,,,1906686010
CHA,Chagee Holdings Ltd.,NASDAQ,,,1905725543
ITE,SPDR Bloomberg Barclays Intermediate Term Treasury ETF,NYSE,股权,,1903702197
PWV,Invesco Large Cap Value ETF,NYSE,股权,,1903305514
NTST,NetSTREIT Corp.,NYSE,,,1903252061
FTA,First Trust Large Cap Value AlphaDEX Fund,NYSE,股权,,1902016776
TGLS,"Tecnoglass, Inc.",NASDAQ,,,1901353015
EMBCV,Embecta Corp.,NASDAQ,,,1897710314
STC,Stewart Information Services Corp.,NYSE,保险,,1896354917
GNR,State Street SPDR S&P Global Natural Resources ETF,NYSE,环球,,1892952663
NUV,"Nuveen Municipal Value Fund, Inc.",NYSE,股权,,1890703859
STRA,"Strategic Education, Inc.",NASDAQ,,,1889986976
PZA,Invesco National AMT-Free Municipal Bond ETF,NYSE,股权,,1883595950
LTC,"LTC Properties, Inc.",NYSE,房地产信托投资基金,,1883148985
PSNY,Polestar Automotive Holding UK Plc,NASDAQ,,,1879683975
ITB,iShares U.S. Home Construction ETF,NYSE,股权,,1876286022
ROBO,ROBO Global Robotics & Automation Index ETF,NASDAQ,,,1871983095
PDO,PIMCO Dynamic Income Opportunities Fund,NYSE,,,1870835025
KMPR,Kemper Corp.,NYSE,保险,,1868516009
VIOO,Vanguard S&P Small-Cap 600 ETF,NYSE,股权,,1861527711
IE,"Ivanhoe Electric, Inc.",NYSE,,,1859161067
FLOC,"Flowco Holdings, Inc.",NYSE,,,1859147883
COTY,"Coty, Inc.",NYSE,,,1856813325
FCF,First Commonwealth Financial Corp. (Pennsylvania),NYSE,银行,,1856063596
IVOO,Vanguard S&P Mid-Cap 400 ETF,NYSE,股权,,1855496923
AMEH,"Apollo Medical Holdings, Inc.",NASDAQ,,,1855248005
CLBK,"Columbia Financial, Inc.",NASDAQ,,,1854348257
RDW,Redwire Corp.,NYSE,,,1852566358
WERN,"Werner Enterprises, Inc.",NASDAQ,运输,,1849461009
EVT,Eaton Vance Tax-Advantaged Dividend Income Fund,NYSE,股权,,1844187989
USRT,iShares Core U.S. REIT ETF,NYSE,,,1843972183
CAPR,"Capricor Therapeutics, Inc.",NASDAQ,,,1838614961
BPRAP,"Brookfield Property REIT, Inc.",NASDAQ,,,1838336303
BORR,Borr Drilling Ltd.,NYSE,,,1836975353
HTZ,"Hertz Global Holdings, Inc.",NYSE,商业服务,,1836680670
BRBR,"BellRing Brands, Inc.",NYSE,,,1836440712
LRGF,iShares US Equity Factor ETF,NYSE,,,1828048069
SJW,SJW Group,NYSE,,,1824289005
PHVS,Pharvaris NV,NASDAQ,,,1820953774
EZM,WisdomTree U.S. MidCap Earnings Fund,NYSE,股权,,1820798224
GMET,VanEck Green Metals ETF,NYSE,,,1814594014
IOSP,"Innospec, Inc.",NASDAQ,化学制品,,1814016948
EPAC,Enerpac Tool Group Corp.,NYSE,,,1813803976
MD,"Pediatrix Medical Group, Inc.",NYSE,卫生保健设施,,1805987500
SEMR,"SEMrush Holdings, Inc.",NYSE,,,1803962507
NAC,Nuveen California Quality Municipal Income Fund,NYSE,债务,,1802270948
CMPR,Cimpress Plc,NASDAQ,,,1797832734
KOS,Kosmos Energy Ltd.,NYSE,油气,,1796789983
REET,iShares Global REIT ETF,NYSE,,,1795563827
EWP,iShares MSCI Spain ETF,NYSE,股权,,1795130507
DWAC,Digital World Acquisition Corp.,NASDAQ,,,1795078152
NBHC,National Bank Holdings Corp.,NYSE,控股公司-多元经营,,1793061929
ALKT,"Alkami Technology, Inc.",NASDAQ,,,1792842087
FUN,Six Flags Entertainment Corp.,NYSE,娱乐,,1790874698
CHCO,City Holding Co.,NASDAQ,银行,,1788520909
BSCK,Invesco BulletShares 2020 Corporate Bond ETF,NASDAQ,股权,,1786317045
ANIP,"ANI Pharmaceuticals, Inc.",NASDAQ,,,1782112234
SPTS,SPDR Portfolio Short Term Treasury ETF,AMEX,,,1781879451
CDNL,"Cardinal Infrastructure Group, Inc.",NASDAQ,,,1780689362
HBNB,Hotel101 Global Holdings Corp.,NASDAQ,,,1779558202
BLKB,"Blackbaud, Inc.",NASDAQ,软件,,1779002962
HMN,Horace Mann Educators Corp.,NYSE,保险,,1775156240
VRE,"Veris Residential, Inc.",NYSE,,,1773538486
OFG,OFG Bancorp,NYSE,银行,,1771726517
ATEN,"A10 Networks, Inc.",NYSE,软件,,1770147453
MCRI,"Monarch Casino & Resort, Inc.",NASDAQ,住宿,,1769116096
WMK,"Weis Markets, Inc.",NYSE,,,1767754070
PWB,Invesco Large Cap Growth ETF,NYSE,股权,,1766306476
DSW,"DSW, Inc.",NYSE,,,1765513567
SPB,"Spectrum Brands Holdings, Inc.",NYSE,,,1764499759
JHML,John Hancock Multifactor Large Cap ETF,NYSE,,,1764040672
TNET,"TriNet Group, Inc.",NYSE,,,1758110657
IMKTA,"Ingles Markets, Inc.",NASDAQ,食品,,1757739572
POLY,"Plantronics, Inc.",NASDAQ,,,1751835173
SRCE,1st Source Corp.,NASDAQ,银行,,1748850900
INVX,"Innovex International, Inc.",NYSE,,,1748374095
BSCL,Invesco BulletShares 2021 Corporate Bond ETF,AMEX,股权,,1747373149
USAS,Americas Gold & Silver Corp.,AMEX,,,1743528049
PXH,Invesco FTSE RAFI Emerging Markets ETF,NYSE,股权,,1740201799
MGNI,"Magnite, Inc.",NASDAQ,,,1739590626
PUMP,ProPetro Holding Corp.,NASDAQ,,,1737621946
ADUS,Addus HomeCare Corp.,NASDAQ,健康护理服务,,1736652766
IQLT,iShares Edge MSCI Intl Quality Factor ETF,AMEX,,,1735167017
BCEI,"Bonanza Creek Energy, Inc.",NYSE,,,1731179362
VTWO,Vanguard Russell 2000 Index Fund,NASDAQ,股权,,1730343866
ESTA,"Establishment Labs Holdings, Inc.",NASDAQ,,,1730223073
RNW,ReNew Energy Global Plc,NASDAQ,,,1729938686
GTM,"ZoomInfo Technologies, Inc.",NASDAQ,,,1728720826
GLTO,"Galecto, Inc.",NASDAQ,,,1728288501
RAMP,"LiveRamp Holdings, Inc.",NYSE,,,1726465875
ARCO,"Arcos Dorados Holdings, Inc.",NYSE,零售,,1725330258
EVTC,"EVERTEC, Inc.",NYSE,,,1724245366
INVA,"Innoviva, Inc.",NASDAQ,,,1723916061
ITM,VanEck Vectors AMT-Free Intermediate Municipal Index ETF,NYSE,股权,,1719032981
PVLA,"Palvella Therapeutics, Inc.",NASDAQ,,,1718068472
FLO,"Flowers Foods, Inc.",NYSE,食品,,1717820973
BOWL,Bowlero Corp.,NYSE,,,1717420764
FNCL,Fidelity MSCI Financials Index ETF,NYSE,股权,,1716725827
TY,Tri-Continental Corp.,NYSE,股权,,1715709087
TSLX,"Sixth Street Specialty Lending, Inc.",NYSE,,,1712268996
AORT,"Artivion, Inc.",NYSE,,,1708029074
EZPW,"EZCORP, Inc.",NASDAQ,零售,,1706545206
MQ,"Marqeta, Inc.",NASDAQ,,,1704575453
BGCP,"BGC Partners, Inc.",NASDAQ,,,1702765936
SHO,"Sunstone Hotel Investors, Inc.",NYSE,,,1702267002
ESGV,Vanguard ESG U.S. Stock ETF,AMEX,,,1699870446
VCEL,Vericel Corp.,NASDAQ,,,1697550255
SIL,Global X Silver Miners ETF,NYSE,环球,,1696104105
JBLU,JetBlue Airways Corp.,NASDAQ,航空公司,,1692686039
URTH,iShares MSCI World ETF,NASDAQ,环球,,1690727435
NRIX,"Nurix Therapeutics, Inc.",NASDAQ,,,1690685082
ANGL,VanEck Fallen Angel High Yield Bond ETF,NASDAQ,股权,,1689593691
OMAM,OM Asset Management Plc,NYSE,,,1689492297
CNXC,Concentrix Corp.,NYSE,,,1689223665
LILAK,Liberty Latin America Ltd.,NASDAQ,,,1686843061
USA,Liberty All-Star Equity Fund,NYSE,股权,,1685673574
RXRX,"Recursion Pharmaceuticals, Inc.",NASDAQ,,,1682399673
TRVI,"Trevi Therapeutics, Inc.",NASDAQ,,,1682004050
DHC,Diversified Healthcare Trust,NASDAQ,,,1680320025
GRC,The Gorman-Rupp Co.,NYSE,机械-多元,,1678759300
SMA,"SmartStop Self Storage REIT, Inc.",NYSE,,,1674753226
GAB,"Gabelli Equity Trust, Inc.",NYSE,股权,,1671125964
LC,LendingClub Corp.,NYSE,,,1670119004
RQI,"Cohen & Steers Quality Income Realty Fund, Inc.",NYSE,股权,,1669638023
ATEC,"Alphatec Holdings, Inc.",NASDAQ,医疗保健产品,,1669463478
CLI,Mack-Cali Realty Corp.,NYSE,,,1668863869
RPV,Invesco S&P 500 Pure Value ETF,NYSE,股权,,1668455164
RVLV,"Revolve Group, Inc.",NYSE,,,1662887050
JKE,iShares Morningstar Large-Cap Growth ETF,NYSE,股权,,1660267955
LILA,Liberty Latin America Ltd.,NASDAQ,,,1658828992
PAYO,"Payoneer Global, Inc.",NASDAQ,,,1658357952
FIHL,Fidelis Insurance Holdings Ltd.,NYSE,,,1658179920
SPIP,SPDR Portfolio TIPS ETF,AMEX,,,1657868271
CDX,Simplify High Yield ETF,NASDAQ,,,1657853139
SHI,"Sinopec Shanghai Petrochemical Co., Ltd.",NYSE,化学制品,,1656613710
SION,"Sionna Therapeutics, Inc.",NASDAQ,,,1654128941
MXL,"MaxLinear, Inc.",NYSE,半导体,,1648232853
AGM,Federal Agricultural Mortgage Corp.,NYSE,,,1646244082
SID,Companhia Siderurgica Nacional,NYSE,钢铁,,1644356507
THR,"Thermon Group Holdings, Inc.",NYSE,油气服务,,1642988992
BBAI,"BigBear.ai Holdings, Inc.",NYSE,,,1642395213
VWOB,Vanguard Emerging Markets Government Bond ETF,NASDAQ,环球,,1639394955
SLVM,Sylvamo Corp.,NYSE,,,1635508111
ESV,Ensco Rowan Plc,NYSE,,,1633624911
DV,"DoubleVerify Holdings, Inc.",NYSE,商业服务,,1632838735
GMLPP,Golar LNG Partners LP,NASDAQ,,,1631574138
SGML,Sigma Lithium Corp.,NASDAQ,,,1629825610
CCS,"Century Communities, Inc.",NYSE,,,1628619027
ZD,"Ziff Davis, Inc.",NASDAQ,,,1626615058
AHCO,AdaptHealth Corp.,NASDAQ,,,1622822786
FLNG,FLEX LNG Ltd.,NYSE,,,1622771010
IMCR,Immunocore Holdings Plc,NASDAQ,,,1620214646
SONO,"Sonos, Inc.",NASDAQ,,,1619693558
GABC,"German American Bancorp, Inc.",NASDAQ,银行,,1619505932
KRP,Kimbell Royalty Partners LP,NYSE,,,1618320420
SYRG,Synergy Resources Corp,NYSE,油气,,1617432523
SIVR,abrdn Physical Silver Shares ETF,NYSE,环球,,1617011738
NRP,Natural Resource Partners LP,NYSE,,,1616550264
JPIN,JPMorgan Diversified Return International Equity ETF,AMEX,,,1615848351
VOYG,"Voyager Technologies, Inc.",NYSE,,,1612501067
VRP,Invesco ETF Trust II - Variable Rate Preferred ETF,NYSE,,,1611169413
SBLKZ,Star Bulk Carriers Corp.,NASDAQ,,,1610119506
AXGN,"AxoGen, Inc.",NASDAQ,,,1608309153
RAPT,"Rapt Therapeutics, Inc.",NASDAQ,,,1607784748
NVRI,Enviri Corp.,NYSE,,,1606121843
INTF,iShares International Equity Factor ETF,NYSE,,,1605230486
EPI,WisdomTree India Earnings Fund,NYSE,股权,,1601470118
NTLA,"Intellia Therapeutics, Inc.",NASDAQ,,,1600709571
RAPP,"Rapport Therapeutics, Inc.",NASDAQ,,,1600585373
SLY,SPDR S&P 600 Small Cap ETF,NYSE,股权,,1600242414
HRMY,"Harmony Biosciences Holdings, Inc.",NASDAQ,,,1598297112
DEI,"Douglas Emmett, Inc.",NYSE,房地产信托投资基金,,1594240078
ASGN,ASGN Incorporated,NYSE,商业服务,,1593767006
ETV,Eaton Vance Tax-Managed Buy-Write Opportunities Fund,NYSE,股权,,1593699809
OGN,Organon & Co.,NYSE,,,1593131748
GSHD,"Goosehead Insurance, Inc.",NASDAQ,,,1590038907
STGW,"Stagwell, Inc.",NASDAQ,,,1589147509
NGL,NGL Energy Partners LP,NYSE,,,1586061094
STBA,"S&T Bancorp, Inc.",NASDAQ,银行,,1579766015
FNX,First Trust Mid Cap Core AlphaDEX Fund,NYSE,股权,,1579442311
ECPG,"Encore Capital Group, Inc.",NASDAQ,多元化金融服务,,1579221856
PBI,"Pitney Bowes, Inc.",NYSE,计算机硬件,,1578920002
OI,"O-I Glass, Inc.",NYSE,,,1578830008
GLP,Global Partners LP,NYSE,销售/批发,,1578753806
EUFN,iShares MSCI Europe Financials ETF,NASDAQ,资产配置,,1577854391
GOVNI,Government Properties Income Trust,NASDAQ,,,1574837884
TCBK,TriCo Bancshares,NASDAQ,银行,,1573451886
FTSL,First Trust Senior Loan Fund,NASDAQ,股权,,1570136861
VCO,Vi帽a Concha y Toro SA,NYSE,饮料,,1569459581
ADNT,Adient plc,NYSE,,,1568389038
NUVB,"Nuvation Bio, Inc.",NYSE,,,1567663853
OMCL,"Omnicell, Inc.",NASDAQ,软件,,1567539171
INSP,"Inspire Medical Systems, Inc.",NASDAQ,媒体内容,,1567149394
ILF,iShares Latin America 40 ETF,NYSE,股权,,1565542292
TIC,"TIC Solutions, Inc.",NYSE,,,1563554039
BDJ,BlackRock Enhanced Equity Dividend Trust,NYSE,股权,,1562421590
ETG,Eaton Vance Tax-Advantaged Global Dividend Income Fund,NYSE,股权,,1561545922
CLVT,Clarivate Plc,NYSE,,,1560496043
LU,Lufax Holding Ltd.,NYSE,,,1560039959
COHU,"Cohu, Inc.",NASDAQ,半导体,,1556487174
BFC,Bank First Corp.,NASDAQ,,,1554344917
JJSF,J&J Snack Foods Corp.,NASDAQ,,,1553082076
TV,Grupo Televisa SAB,NYSE,媒体内容,,1552915039
HLMN,Hillman Solutions Corp.,NASDAQ,,,1551102214
BAMR,Brookfield Asset Management Reinsurance Partners Ltd.,NYSE,,,1550720658
QFIN,"Qfin Holdings, Inc.",NYSE,,,1549500889
XSD,SPDR S&P Semiconductor ETF,NYSE,股权,,1549233335
CBZ,"CBIZ, Inc.",NYSE,商业服务,,1545753122
RES,"RPC, Inc.",NYSE,油气服务,,1544825561
BRAI,Braiin Ltd.,NASDAQ,,,1543600960
CNXN,"PC Connection, Inc.",NASDAQ,,,1542976979
BSTZ,Blackrock Science & Technology Term Trust,NYSE,,,1541931305
BSCM,Invesco BulletShares 2022 Corporate Bond ETF,AMEX,股权,,1540782296
XHB,SPDR S&P Homebuilders ETF,NYSE,股权,,1540753220
WD,"Walker & Dunlop, Inc.",NYSE,银行,,1539194576
AEHR,Aehr Test Systems,NASDAQ,半导体,,1539023936
GZT,Gazit-Globe Ltd.,NYSE,,,1537890205
WRE,Washington Real Estate Investment Trust,NYSE,房地产信托投资基金,,1537675368
DCOM,"Dime Community Bancshares, Inc.",NASDAQ,银行,,1536739444
LKFN,Lakeland Financial Corp. (Indiana),NASDAQ,银行,,1536619623
OCS,Oculis Holding AG,NASDAQ,,,1530788983
KARO,Karooooo Ltd.,NASDAQ,,,1526437948
IYF,iShares U.S. Financials ETF,NYSE,股权,,1525699173
YELP,"Yelp, Inc.",NYSE,媒体内容,,1523040039
HOPE,"Hope Bancorp, Inc.",NASDAQ,,,1522852498
HIMX,"Himax Technologies, Inc.",NASDAQ,半导体,,1522738071
HYS,PIMCO 0-5 Year High Yield Corporate Bond Index ETF,NYSE,股权,,1521444911
EOSE,"Eos Energy Enterprises, Inc.",NASDAQ,,,1520665487
QUBT,"Quantum Computing, Inc.",NASDAQ,,,1520123975
ALEX,"Alexander & Baldwin, Inc.",NYSE,,,1518725014
SNDA,"Sonida Senior Living, Inc.",NYSE,互联网,,1517365030
QQEW,First Trust Nasdaq-100 Equal Weighted Index Fund,NASDAQ,股权,,1515466784
NWL,"Newell Brands, Inc.",NYSE,家用器具,,1512742844
WINA,Winmark Corp.,NASDAQ,零售,,1512390537
ARLO,"Arlo Technologies, Inc.",NYSE,,,1512004011
REX,REX American Resources Corp.,NYSE,能源-替代能源,,1510853089
BCAT,BlackRock Capital Allocation Term Trust,NYSE,,,1508763862
GENB,"Generate Biomedicines, Inc.",NASDAQ,,,1507735868
AIN,Albany International Corp.,NYSE,,,1507632959
INT,World Fuel Services Corp.,NYSE,零售,,1507253023
CTOS,"Custom Truck One Source, Inc.",NYSE,,,1504795972
KW,"Kennedy-Wilson Holdings, Inc.",NYSE,房地产,,1503724575
EFC,"Ellington Financial, Inc.",NYSE,,,1502020775
AMSC,American Superconductor Corp.,NASDAQ,电力组件与设备,,1501691039
GCT,"GigaCloud Technology, Inc.",NASDAQ,,,1501341731
RCII,"Rent-A-Center, Inc.",NASDAQ,,,1492426033
ALGT,Allegiant Travel Co.,NASDAQ,,,1489519255
TROX,Tronox Holdings Plc,NYSE,化学制品,,1488256259
CYD,China Yuchai International Ltd.,NYSE,,,1485725494
NSSC,"Napco Security Technologies, Inc.",NASDAQ,电子,,1480426029
MNMD,"Definium Therapeutics, Inc.",NASDAQ,,,1479609416
FDIS,Fidelity MSCI Consumer Discretionary Index ETF,NYSE,股权,,1479526379
ASAN,"Asana, Inc.",NYSE,,,1476145958
XMMO,Invesco S&P MidCap Momentum ETF,AMEX,,,1475754024
BY,"Byline Bancorp, Inc.",NYSE,,,1473490667
CXM,"Sprinklr, Inc.",NYSE,生物技术,,1473277018
CET,Central Securities Corp.,AMEX,股权,,1473030815
QCRH,"QCR Holdings, Inc.",NASDAQ,银行,,1472804997
GBX,"Greenbrier Cos., Inc.",NYSE,,,1471726048
TLTD,FlexShares Morningstar Developed Markets ex-US Factor Tilt,NASDAQ,股权,,1464577260
RCAT,"Red Cat Holdings, Inc.",NASDAQ,,,1463356260
ATRC,"AtriCure, Inc.",NASDAQ,医疗保健产品,,1462839572
SFL,SFL Corp. Ltd.,NYSE,,,1461669970
NBTX,Nanobiotix SA,NASDAQ,,,1461625014
PGEN,"Precigen, Inc.",NASDAQ,,,1458185960
LPG,Dorian LPG Ltd.,NYSE,,,1457146478
UFPT,"UFP Technologies, Inc.",NASDAQ,,,1455499686
BTT,BlackRock Municipal 2030 Target Term Trust,NYSE,股权,,1455087009
ARI,"Apollo Commercial Real Estate Finance, Inc.",NYSE,房地产信托投资基金,,1454244938
PRGO,Perrigo Co. Plc,NASDAQ,制药,,1453576909
HLX,"Helix Energy Solutions Group, Inc.",NYSE,油气服务,,1452338953
PEB,Pebblebrook Hotel Trust,NYSE,,,1450546004
TILE,"Interface, Inc.",NASDAQ,,,1450208482
NEXA,Nexa Resources SA,NYSE,,,1450202765
RYI,Ryerson Holding Corp.,NYSE,,,1449537006
KSS,Kohl's Corp.,NYSE,,,1447565924
TFIN,"Triumph Financial, Inc.",NASDAQ,,,1444769584
HLF,Herbalife Ltd.,NYSE,,,1441533503
ECVT,"Ecovyst, Inc.",NYSE,,,1438725186
BIF,"Boulder Growth & Income Fund, Inc.",NYSE,股权,,1438032458
QSII,"Quality Systems, Inc.",NASDAQ,软件,,1434547872
MBX,"MBX Biosciences, Inc.",NASDAQ,,,1434334020
LGLV,State Street SPDR US Large Cap Low Volatility Index ETF,AMEX,股权,,1433988998
GLIBK,"GCI Liberty, Inc.",NASDAQ,,,1433907555
IPAC,iShares Core MSCI Pacific ETF,NYSE,,,1433571206
DOLE,Dole Plc,NYSE,食品,,1432227956
SNHY,Sun Hydraulics Corp.,NASDAQ,,,1431228547
RLGY,Realogy Holdings Corp.,NYSE,房地产,,1427350950
VRDN,"Viridian Therapeutics, Inc.",NASDAQ,,,1426803735
TUYA,"Tuya, Inc.",NYSE,,,1424729494
GAM,"General American Investors Co., Inc.",NYSE,股权,,1424325046
ABR,"Arbor Realty Trust, Inc.",NYSE,,,1419397554
CTS,CTS Corp.,NYSE,电子,,1417028281
FLYW,Flywire Corp.,NASDAQ,,,1416878146
KDK,"Kodiak AI, Inc.",NASDAQ,,,1414804226
VTOL,"Bristow Group, Inc.",NYSE,,,1413428167
IAUX,i-80 Gold Corp.,NYSE,,,1412659972
KWEB,KraneShares CSI China Internet ETF,NASDAQ,,,1411554850
RBCAA,"Republic Bancorp, Inc. (Kentucky)",NASDAQ,银行,,1411088016
BAK,Braskem SA,NYSE,化学制品,,1410633986
MAZE,"Maze Therapeutics, Inc.",NASDAQ,,,1408246277
ECAT,BlackRock ESG Capital Allocation Term Trust,NYSE,,,1407729894
IIPR,"Innovative Industrial Properties, Inc.",NYSE,,,1405949058
PICS,PicS NV,NASDAQ,,,1404728986
AESI,"Atlas Energy Solutions, Inc.",NYSE,,,1403938736
DQ,Daqo New Energy Corp.,NYSE,化学制品,,1403497065
AVAH,"Aveanna Healthcare Holdings, Inc.",NASDAQ,,,1402939755
ZBIO,"Zenas BioPharma, Inc.",NASDAQ,,,1402100996
KIE,SPDR S&P Insurance ETF,NYSE,股权,,1397574853
HYT,"BlackRock Corporate High Yield Fund, Inc.",NYSE,股权,,1394060029
BCAX,"Bicara Therapeutics, Inc.",NASDAQ,,,1393796471
BHVN,Biohaven Ltd.,NYSE,,,1392894679
DBEU,Xtrackers MSCI Europe Hedged Equity ETF,NYSE,,,1391638408
GILT,Gilat Satellite Networks Ltd.,NASDAQ,计算机硬件,,1390929595
NOMD,Nomad Foods Ltd.,NYSE,,,1389601903
PLPC,Preformed Line Products Co.,NASDAQ,,,1385809965
TPB,"Turning Point Brands, Inc.",NYSE,,,1384602146
LABU,Direxion Daily S&P Biotech Bull 3X ETF,NYSE,,,1383636022
BXMX,Nuveen S&P 500 Buy-Write Income Fund,NYSE,,,1381231743
IBDM,iShares iBonds Dec 2021 Term Corporate ETF,NYSE,,,1380490290
ORC,"Orchid Island Capital, Inc.",AMEX,,,1380308341
CNOB,"ConnectOne Bancorp, Inc.",NASDAQ,,,1380004045
SKYT,"Skywater Technology, Inc.",NASDAQ,,,1379832849
UAN,CVR Partners LP,NYSE,化学制品,,1379337628
LAC,Lithium Americas Corp.,NYSE,,,1379057374
WBTN,"WEBTOON Entertainment, Inc.",NASDAQ,,,1377542569
ATAI,"Atai Beckley, Inc.",NASDAQ,软件,,1376583328
TH,Target Hospitality Corp.,NASDAQ,,,1375102910
IMTX,Immatics NV,NASDAQ,,,1374489904
ASTH,"Astrana Health, Inc.",NASDAQ,,,1372814700
PDFS,"PDF Solutions, Inc.",NASDAQ,软件,,1372240450
GLUE,"Monte Rosa Therapeutics, Inc.",NASDAQ,,,1369868286
PRLB,"Proto Labs, Inc.",NYSE,多元化制造商,,1367784926
IOVA,"Iovance Biotherapeutics, Inc.",NASDAQ,,,1367712508
BOBS,"Bob鈥檚 Discount Furniture, Inc.",NYSE,,,1366246939
AAPGV,"Ascentage Pharma Group International Co., Ltd.",NASDAQ,,,1362137934
OPRA,Opera Ltd.,NASDAQ,,,1361689738
GSL,"Global Ship Lease, Inc.",NYSE,,,1361301048
JPUS,JPMorgan Diversified Return U.S. Equity ETF,NYSE,,,1359142693
CSWC,Capital Southwest Corp,NASDAQ,投资公司,,1357856773
PLSE,"Pulse Biosciences, Inc.",NASDAQ,,,1357061935
OLPX,"Olaplex Holdings, Inc.",NASDAQ,,,1356857405
DMLP,Dorchester Minerals LP,NASDAQ,,,1355013032
PBY,Pep Boys-Manny Moe & Jack,NYSE,,,1353475550
XHR,"Xenia Hotels & Resorts, Inc.",NYSE,,,1352323912
QQQX,Nuveen NASDAQ 100 Dynamic Overwrite Fund,NASDAQ,股权,,1351525009
FUBO,"FuboTV, Inc.",NYSE,,,1350483334
FUTY,Fidelity MSCI Utilities Index ETF,NYSE,股权,,1348541959
AFYA,Afya Ltd.,NASDAQ,,,1348015215
DCH,Dauch Corp.,NYSE,,,1347089766
SDIV,Global X SuperDividend ETF,NYSE,环球,,1341556751
KONG,Formidable Fortress ETF,NASDAQ,,,1339708505
CLNC,"Colony Credit Real Estate, Inc.",NYSE,,,1339148795
SMPL,The Simply Good Foods Co.,NASDAQ,储蓄及贷款,,1337712417
LOMA,Loma Negra Compa帽铆a Industrial Argentina SA,NYSE,,,1336176368
EDN,Empresa Distribuidora y Comercializadora Norte SA,NYSE,,,1335415538
HEZU,iShares Currency Hedged MSCI Eurozone ETF,NYSE,,,1334887721
GLTR,abrdn Precious Metals Basket ETF Trust,NYSE,,,1333580318
CDRE,"Cadre Holdings, Inc.",NYSE,,,1332214279
SPH,Suburban Propane Partners LP,NYSE,油气,,1329283000
OLMA,"Olema Pharmaceuticals, Inc.",NASDAQ,,,1329143655
WWW,"Wolverine World Wide, Inc.",NYSE,,,1328911919
TRS,TriMas Corp.,NASDAQ,多元化制造商,,1327277783
IRS,IRSA Inversiones y Representaciones SA,NYSE,,,1326266051
SYX,"Systemax, Inc.",NYSE,零售,,1326203515
ATU,Actuant Corp.,NYSE,汽车制造,,1323942535
HCSG,"Healthcare Services Group, Inc.",NASDAQ,,,1322435985
HROW,"Harrow, Inc.",NASDAQ,,,1319048460
HCXY,"Hercules Capital, Inc.",NYSE,,,1316829459
OBK,"Origin Bancorp, Inc.",NYSE,,,1316085525
MAN,"ManpowerGroup, Inc.",NYSE,,,1315656918
TNC,Tennant Co.,NYSE,机械-多元,,1315442451
SILA,"Sila Realty Trust, Inc.",NYSE,,,1314863921
IPXL,"Impax Laboratories, Inc.",NASDAQ,制药,,1314078604
TSHA,"Taysha Gene Therapies, Inc.",NASDAQ,,,1312823424
LINC,Lincoln Educational Services Corp.,NASDAQ,商业服务,,1312555456
SBH,"Sally Beauty Holdings, Inc.",NYSE,,,1312529200
WEN,The Wendy's Co.,NASDAQ,,,1312311948
TICCL,TICC Capital Corp.,NASDAQ,,,1310150769
SHLL,Tortoise Acquisition Corp.,NYSE,,,1308055257
PRCT,PROCEPT BioRobotics Corp.,NASDAQ,,,1307688675
UVV,Universal Corp.,NYSE,农业,,1303498822
OXSQL,Oxford Square Capital Corp.,NASDAQ,,,1303458392
AGM.A,Federal Agricultural Mortgage Corp.,NYSE,,,1302839037
XZO,"Exzeo Group, Inc.",NYSE,,,1301881836
NVAX,"Novavax, Inc.",NASDAQ,生物技术和制药,,1300228844
BBRE,JPMorgan BetaBuilders MSCI U.S. REIT ETF,AMEX,,,1300023959
CRI,"Carter's, Inc.",NYSE,,,1299561400
ENOV,Enovis Corp.,NYSE,,,1295779027
LEG,"Leggett & Platt, Inc.",NYSE,,,1293555062
LZB,"La-Z-Boy, Inc.",NYSE,家具家饰,,1290324604
ARDT,"Ardent Health, Inc.",NYSE,,,1288979064
BST,Blackrock Science & Technology Trust,NYSE,,,1288806957
VIA,"Via Renewables, Inc.",NASDAQ,媒体内容,,1288465993
NVGS,Navigator Holdings Ltd.,NYSE,,,1288043987
MCG,"Membership Collective Group, Inc.",NYSE,,,1286652988
EES,WisdomTree SmallCap Earnings Fund,NYSE,股权,,1286167190
TEGP,Tallgrass Energy GP LP,NYSE,,,1285494877
FSIC,FS Investment Corp.,NYSE,,,1281865842
HYLS,First Trust Tactical High Yield ETF,NASDAQ,股权,,1278946342
MUX,"McEwen, Inc.",NYSE,采矿,,1276451554
STPK,Star Peak Energy Transition Corp.,NYSE,,,1275899769
IQ,"iQIYI, Inc.",NASDAQ,,,1273832751
WABC,Westamerica Bancorporation,NASDAQ,银行,,1272846413
JWS,Jaws Acquisition Corp.,NYSE,,,1272187500
VTWG,Vanguard Russell 2000 Growth Index Fund,NASDAQ,股权,,1270437893
CBL,"CBL & Associates Properties, Inc.",NYSE,房地产信托投资基金,,1269702070
AMRC,"Ameresco, Inc.",NYSE,电力,,1269650589
ASTE,"Astec Industries, Inc.",NASDAQ,,,1269292567
SCSS,Select Comfort Corporation,NASDAQ,家具家饰,,1269031498
AI,"C3.ai, Inc.",NYSE,多元化金融服务,,1268391865
IMOS,"ChipMOS Technologies, Inc.",NASDAQ,半导体,,1268141616
FMSA,"Fairmount Santrol Holdings, Inc.",NYSE,,,1267410442
IBDL,iShares iBonds Dec 2020 Term Corporate ETF,AMEX,,,1267161072
UMH,"UMH Properties, Inc.",NYSE,,,1265040009
INOD,"Innodata, Inc.",NASDAQ,,,1264647009
ASAI,Sendas Distribuidora SA,NYSE,,,1262856237
JDST,Direxion Daily Junior Gold Miners Index Bear 2X ETF,NYSE,,,1262762867
WPF,Foley Trasimene Acquisition Corp.,NYSE,,,1261406250
BKSY,"Blacksky Technology, Inc.",NYSE,,,1259673354
DFIN,"Donnelley Financial Solutions, Inc.",NYSE,,,1258799708
FOR,"Forestar Group, Inc.",NYSE,,,1258560967
DLX,Deluxe Corp.,NYSE,商业服务,,1258407762
ICF,iShares Cohen & Steers REIT ETF,NYSE,股权,,1258303979
NAT,Nordic American Tankers Ltd.,NYSE,,,1257798974
IYE,iShares U.S. Energy ETF,NYSE,股权,,1255510498
PSEC,Prospect Capital Corp.,NASDAQ,投资公司,,1255131121
IYY,iShares Dow Jones U.S. ETF,NYSE,股权,,1254510650
FINV,FinVolution Group,NYSE,,,1254398460
TNDM,"Tandem Diabetes Care, Inc.",NASDAQ,,,1248998047
PRA,ProAssurance Corp.,NYSE,保险,,1248837436
TRIN,"Trinity Capital, Inc.",NASDAQ,,,1248455268
RHLD,"Resolute Holdings Management, Inc.",NASDAQ,,,1247628456
DSL,DoubleLine Income Solutions Fund,NYSE,股权,,1246569735
PWP,Perella Weinberg Partners,NASDAQ,,,1245774888
PDS,Precision Drilling Corp.,NYSE,油气,,1238073612
RTRX,"Travere Therapeutics, Inc.",NASDAQ,生物技术和制药,,1238006635
LADR,Ladder Capital Corp.,NYSE,,,1235438008
ICFI,"ICF International, Inc.",NASDAQ,,,1234725524
TRIP,"TripAdvisor, Inc.",NASDAQ,互联网,,1233618626
SPTL,SPDR Portfolio Long Term Treasury ETF,AMEX,,,1233195030
NBR,Nabors Industries Ltd.,NYSE,,,1232107530
DFH,"Dream Finders Homes, Inc.",NASDAQ,,,1232082142
JKS,"JinkoSolar Holding Co., Ltd.",NYSE,能源-替代能源,,1231394177
SBET,"Sharplink, Inc.",NASDAQ,,,1230288482
KEEL,Keel Infrastructure Corp.,NASDAQ,,,1229564206
DSGR,"Distribution Solutions Group, Inc.",NASDAQ,,,1227796009
WLFC,Willis Lease Finance Corp.,NASDAQ,,,1227794028
ASA,ASA Gold & Precious Metals Ltd.,NYSE,环球,,1225873448
PTNR,Partner Communications Co. Ltd.,NASDAQ,,,1225748404
MLTX,MoonLake Immunotherapeutics,NASDAQ,,,1225111997
GOLD,"Gold.com, Inc.",NASDAQ,采矿,,1223134595
IDT,IDT Corp.,NYSE,,,1222967749
DEC,Diversified Energy Co.,NYSE,,,1222004174
LWLG,"Lightwave Logic, Inc.",NASDAQ,,,1221903526
SVV,"Savers Value Village, Inc.",NYSE,,,1221846948
PRGS,Progress Software Corp.,NASDAQ,软件,,1221121281
MSDL,Morgan Stanley Direct Lending Fund,NYSE,,,1220181971
XPEL,"XPEL, Inc.",NASDAQ,,,1220105042
LSPD,"Lightspeed Commerce, Inc.",NYSE,,,1217858985
HSLV,Highlander Silver Corp.,NYSE,,,1215654279
OUST,"Ouster, Inc.",NYSE,,,1214001141
BHLB,"Berkshire Hills Bancorp, Inc.",NYSE,银行,,1212168492
NPKI,"NPK International, Inc.",NYSE,,,1211284987
RTPY,Reinvent Technology Partners Y,NASDAQ,,,1210878067
SBE,"ChargePoint Holdings, Inc.",NYSE,,,1210530821
WKC,World Kinect Corp.,NYSE,,,1209158816
PEBO,"Peoples Bancorp, Inc. (Ohio)",NASDAQ,银行,,1208976010
ELE,Elemental Royalty Corp.,NASDAQ,,,1208075150
ENVX,Enovix Corp.,NASDAQ,,,1207767885
CCB,Coastal Financial Corp. (Washington),NASDAQ,,,1207743808
PTNQ,Pacer Trendpilot 100 ETF,NYSE,,,1206980246
NMZ,Nuveen Municipal High Income Opportunity Fund,AMEX,股权,,1205551094
GIC,Global Industrial Co.,NYSE,,,1205489157
AMAL,Amalgamated Financial Corp.,NASDAQ,,,1205404271
JFR,Nuveen Floating Rate Income Fund,NYSE,股权,,1195987940
IRMD,IRadimed Corp.,NASDAQ,,,1195041975
BITF,Bitfarms Ltd. (Canada),NASDAQ,,,1193645011
LGVW,"Butterfly Network, Inc.",NYSE,,,1192837461
PLTK,Playtika Holding Corp.,NASDAQ,,,1191109761
MTGEP,MTGE Investment Corp.,NASDAQ,,,1188458135
GIII,G-III Apparel Group Ltd.,NASDAQ,,,1187206510
XNTK,SPDR NYSE Technology ETF,AMEX,,,1184747910
SVRA,"Savara, Inc.",NASDAQ,,,1182920387
NFJ,Virtus Dividend Interest & Premium Strategy Fund,NYSE,股权,,1181797974
CCO,"Clear Channel Outdoor Holdings, Inc.",NYSE,广告,,1181416524
ALX,"Alexander's, Inc.",NYSE,房地产信托投资基金,,1180703265
RDWR,Radware Ltd.,NASDAQ,计算机硬件,,1179518288
PGF,Invesco Financial Preferred ETF,NYSE,股权,,1174121739
TMP,Tompkins Financial Corp.,NYSE,银行,,1167717218
LAR,Lithium Argentina AG,NYSE,,,1167705656
UYG,ProShares Ultra Financials,NYSE,股权,,1166646566
UAMY,United States Antimony Corp.,NYSE,采矿,,1165614019
AAT,"American Assets Trust, Inc.",NYSE,,,1162744039
RYZ,Ryerson Holding Corp.,NYSE,,,1160934958
HVBT,Hive Blockchain Technologies Ltd.,NASDAQ,,,1159736573
PHAR,Pharming Group NV,NASDAQ,,,1159666282
QUS,SPDR MSCI USA StrategicFactors ETF,NYSE,,,1159658949
PX,"P10, Inc.",NYSE,化学制品,,1159558992
AFINP,"American Finance Trust, Inc.",NASDAQ,,,1157114735
SUSA,iShares ESG Optimized MSCI USA ETF,AMEX,,,1155220068
WLDN,"Willdan Group, Inc.",NASDAQ,,,1154244573
GWX,State Street SPDR S&P International Small Cap ETF,NYSE,股权,,1151006732
RZLV,Rezolve AI Plc,NASDAQ,,,1148623047
PZZA,"Papa John's International, Inc.",NASDAQ,,,1147899056
TWO,Two Harbors Investment Corp.,NYSE,,,1147486907
LUCK,Lucky Strike Entertainment Corp.,NYSE,,,1147078874
NYMTN,"New York Mortgage Trust, Inc.",NASDAQ,,,1147044786
TASR,TASER International,NASDAQ,电子,,1144975780
FIVN,"Five9, Inc.",NASDAQ,软件,,1144375376
DAO,"Youdao, Inc.",NYSE,,,1144277676
BSJK,Invesco BulletShares 2020 High Yield Corporate Bond ETF,NYSE,股权,,1144086748
ENR,"Energizer Holdings, Inc.",NYSE,电力组件与设备,,1143428361
SSRI,Silver Standard Resources Inc,NASDAQ,采矿,,1142305330
TDTT,FlexShares iBoxx 3 Year Target Duration TIPS Index Fund,NYSE,股权,,1141728014
ROCK,"Gibraltar Industries, Inc.",NASDAQ,建筑材料,,1141056013
CTBI,"Community Trust Bancorp, Inc. (Kentucky)",NASDAQ,银行,,1138053042
KMTS,Kestra Medical Technologies Ltd.,NASDAQ,,,1137696617
REGL,ProShares S&amp;P MidCap 400 Dividend Aristocrats ETF,AMEX,,,1135943673
GLDD,Great Lakes Dredge & Dock Corp.,NASDAQ,,,1135273566
FMBH,"First Mid Bancshares, Inc.",NASDAQ,,,1132710999
EYPT,EyePoint Plc,NASDAQ,,,1132171536
USPH,"U.S. Physical Therapy, Inc.",NYSE,健康护理服务,,1132075001
ASM,Avino Silver & Gold Mines Ltd.,NYSE,采矿,,1130934003
VZLA,Vizsla Silver Corp.,NYSE,,,1128881008
FNFV,Fidelity National Financial Inc,NYSE,,,1125407827
ACDC,ProFrac Holding Corp.,NASDAQ,,,1125326965
BH.A,"Biglari Holdings, Inc.",NYSE,,,1123153924
GGPI,"Gores Guggenheim, Inc.",NASDAQ,,,1122999954
SCL,Stepan Co.,NYSE,化学制品,,1121358439
TIGR,UP Fintech Holding Ltd.,NASDAQ,软件,,1121113035
HGTY,"Hagerty, Inc.",NYSE,,,1119816990
CRF,"Cornerstone Total Return Fund, Inc.",AMEX,股权,,1116882774
LIND,"Lindblad Expeditions Holdings, Inc.",NASDAQ,,,1115809293
SEPN,"Septerna, Inc.",NASDAQ,,,1115474014
MBNAA,Mercantil Bank Holding Corp.,NASDAQ,,,1115451211
GERN,Geron Corp.,NASDAQ,生物技术和制药,,1114547721
NMFX,New Mountain Finance Corp.,NYSE,,,1113914947
AVBP,"Arrivent BioPharma, Inc.",NASDAQ,,,1113438907
MRTN,Marten Transport Ltd.,NASDAQ,,,1112875829
PFBC,Preferred Bank (California),NASDAQ,银行,,1112787958
MTU,"Mitsubishi UFJ Financial Group, Inc.",NYSE,银行,,1111401783
PRG,"PROG Holdings, Inc.",NYSE,,,1110818554
SBR,Sabine Royalty Trust,NYSE,,,1110362969
PXED,"Phoenix Education Partners, Inc.",NYSE,,,1109982021
UTZ,"UTZ Brands, Inc.",NYSE,,,1109978930
IVA,Inventiva SA,NASDAQ,,,1108840031
SECT,Main Sector Rotation ETF,AMEX,,,1107763815
DWM,WisdomTree International Equity Fund,NYSE,股权,,1107604500
TRUP,"Trupanion, Inc.",NYSE,,,1106166375
KODK,Eastman Kodak Co.,NYSE,计算机硬件,,1102725041
EOS,Eaton Vance Enhanced Equity Income Fund II,NYSE,股权,,1102575041
QLD,ProShares Ultra QQQ,NYSE,股权,,1099894142
GTN.A,"Gray Media, Inc.",NYSE,媒体内容,,1099766193
LNN,Lindsay Corp.,NYSE,机械-多元,,1099341045
HFWA,Heritage Financial Corp. (Washington),NASDAQ,银行,,1097377761
REAL,"The RealReal, Inc.",NASDAQ,,,1097021494
GPRE,"Green Plains, Inc.",NASDAQ,能源-替代能源,,1096469837
RLJ,RLJ Lodging Trust,NYSE,,,1095325217
TTI,"TETRA Technologies, Inc.",NYSE,油气服务,,1093713950
EVLV,"Evolv Technologies Holdings, Inc.",NASDAQ,,,1092246028
IBDN,iShares iBonds Dec 2022 Term Corporate ETF,NYSE,,,1091109435
ESGE,iShares ESG MSCI EM ETF,NASDAQ,,,1090996494
EVV,Eaton Vance Limited Duration Income Fund,AMEX,股权,,1089988018
GENI,Genius Sports Ltd.,NYSE,,,1088168004
PJC,Piper Jaffray Cos.,NYSE,,,1087394343
GCVRZ,Sanofi,NASDAQ,制药,,1086348768
SAFT,"Safety Insurance Group, Inc.",NASDAQ,保险,,1086167213
JCAP,"Jefferson Capital, Inc.",NASDAQ,,,1085557459
ATNF,180 Life Sciences Corp.,NASDAQ,,,1084384352
OSBC,"Old Second Bancorp, Inc.",NASDAQ,银行,,1084262171
PPHMP,"Peregrine Pharmaceuticals, Inc.",NASDAQ,,,1083712697
FPF,First Trust Intermediate Duration Preferred & Income Fund,NYSE,环球,,1083699766
IGIC,International General Insurance Holdings Ltd.,NASDAQ,,,1081337522
CCEC,Capital Clean Energy Carriers Corp.,NASDAQ,,,1080615723
MOTN,MOTION ACQUISITION CORP,NASDAQ,,,1080298330
AGBK,"AGI, Inc. (Brazil)",NYSE,,,1079528000
EWQ,iShares MSCI France ETF,NYSE,股权,,1079093085
TK,Teekay Corp. Ltd.,NYSE,,,1078657179
CIM,Chimera Investment Corp.,NYSE,房地产信托投资基金,,1078394712
CRAI,"CRA International, Inc.",NASDAQ,商业服务,,1077313693
SHLS,"Shoals Technologies Group, Inc.",NASDAQ,,,1075416950
BV,"BrightView Holdings, Inc.",NASDAQ,互联网,,1071996011
QURE,uniQure NV,NASDAQ,生物技术和制药,,1071753929
OCFC,OceanFirst Financial Corp.,NASDAQ,储蓄及贷款,,1071121610
INNV,InnovAge Holding Corp.,NASDAQ,,,1070668792
PNTG,"The Pennant Group, Inc.",NASDAQ,,,1067823166
IQDF,FlexShares International Quality Dividend Index Fund,AMEX,,,1066638487
ADTN,"ADTRAN Holdings, Inc.",NASDAQ,计算机硬件,,1066023001
CNMD,CONMED Corp.,NASDAQ,,,1064990016
AVO,"Mission Produce, Inc.",NASDAQ,,,1064820832
TWFG,"TWFG, Inc.",NASDAQ,,,1062743882
FYX,First Trust Small Cap Core AlphaDEX Fund,NYSE,股权,,1061252956
SENEA,Seneca Foods Corp.,NASDAQ,食品,,1059210952
ALVO,Alvotech,NASDAQ,,,1057844068
ELVR,Elevra Lithium Ltd.,NASDAQ,,,1056952274
MCB,Metropolitan Bank Holding Corp.,NYSE,,,1054510681
PEY,Invesco High Yield Equity Dividend Achievers ETF,NYSE,股权,,1052373018
APEI,"American Public Education, Inc.",NASDAQ,,,1051177281
NSP,"Insperity, Inc.",NYSE,,,1049226979
NNE,"NANO Nuclear Energy, Inc.",NASDAQ,,,1047393023
IGE,iShares North American Natural Resources ETF,NYSE,股权,,1047246411
PENG,"Penguin Solutions, Inc.",NASDAQ,,,1046921006
PBT,Permian Basin Royalty Trust,NYSE,,,1046833515
NEO,"NeoGenomics, Inc.",NASDAQ,生物技术,,1046286644
MBNAB,Mercantil Bank Holding Corp.,NASDAQ,,,1045217609
FTOC,FTAC OLYMPUS ACQUISITION CORP,NASDAQ,,,1044316879
STAA,STAAR Surgical Co.,NASDAQ,医疗保健产品,,1044224011
ARRY,"Array Technologies, Inc.",NASDAQ,制药,,1043958986
NCBS,"Nicolet Bankshares, Inc.",NASDAQ,,,1042795505
MYTE,MYT Netherlands Parent BV,NYSE,,,1041895714
OCSL,Oaktree Specialty Lending Corp.,NASDAQ,,,1038528313
LXU,"LSB Industries, Inc.",NYSE,多元化制造商,,1036750053
LZ,"LegalZoom.com, Inc.",NASDAQ,,,1035805017
CRHC,Cohn Robbins Holdings Corp.,NYSE,,,1035000000
HLIT,"Harmonic, Inc.",NASDAQ,计算机硬件,,1034073312
YALA,Yalla Group Ltd.,NYSE,,,1033435187
GSBD,"Goldman Sachs BDC, Inc.",NYSE,,,1033384069
JHEM,John Hancock Multifactor Emerging Markets ETF,AMEX,,,1031674274
BFLY,"Butterfly Network, Inc.",NYSE,,,1031263160
KALV,"KalVista Pharmaceuticals, Inc.",NASDAQ,,,1030596481
TDAY,"USA TODAY Co., Inc.",NYSE,,,1029752164
RING,iShares MSCI Global Gold Miners ETF,NYSE,环球,,1029280005
OPY,"Oppenheimer Holdings, Inc.",NYSE,多元化金融服务,,1028324780
TBN,Tamboran Resources Corp.,NYSE,,,1026475523
PMT,PennyMac Mortgage Investment Trust,NYSE,,,1025055572
MPLT,"MapLight Therapeutics, Inc.",NASDAQ,,,1024412956
ITRN,Ituran Location & Control Ltd.,NASDAQ,,,1024121489
COUR,"Coursera, Inc.",NYSE,,,1022653987
GOOS,"Canada Goose Holdings, Inc.",NYSE,,,1021791044
EMO,ClearBridge Energy MLP Opportunity Fund Inc.,NYSE,,,1021746693
IDLV,Invesco S&P International Developed Low Volatility ETF,NYSE,股权,,1021057386
QDEL,QuidelOrtho Corp.,NASDAQ,,,1019864809
DEA,"Easterly Government Properties, Inc.",NYSE,,,1017387013
GNK,Genco Shipping & Trading Ltd.,NYSE,运输,,1016668971
AFIN,"American Finance Trust, Inc.",NASDAQ,,,1016458224
JKD,iShares Morningstar Large-Cap ETF,NYSE,股权,,1015931419
UPBD,"Upbound Group, Inc.",NASDAQ,,,1014732946
HQH,abrdn Healthcare Investors,NYSE,股权,,1014729035
PRPB,CC Neuberger Principal Holdings II,NYSE,,,1014475041
XERS,"Xeris Biopharma Holdings, Inc.",NASDAQ,,,1012171653
CSR,Centerspace,NYSE,电子,,1010174986
CCOI,"Cogent Communications Holdings, Inc.",NASDAQ,互联网,,1010063651
NBN,Northeast Bank (Maine),NASDAQ,银行,,1009789130
MNA,NYLI Merger Arbitrage ETF,NYSE,环球,,1009263558
ALNT,"Allient, Inc.",NASDAQ,,,1008662617
TYG,Tortoise Energy Infrastructure Corp.,NYSE,股权,,1007013076
ODV,Osisko Development Corp.,NYSE,,,1005169277
UVSP,Univest Financial Corp.,NASDAQ,银行,,1005110030
RYH,Invesco S&P 500 Equal Weight Health Care ETF,NYSE,股权,,1004716614
VTYX,"Ventyx Biosciences, Inc.",NASDAQ,,,1004650892
SENEB,Seneca Foods Corp.,NASDAQ,食品,,1001692948
PGY,Pagaya Technologies Ltd.,NASDAQ,,,1001045678
MMI,"Marcus & Millichap, Inc.",NYSE,电信,,1000452584
ABCL,"AbCellera Biologics, Inc.",NASDAQ,,,1000429593
AZTA,"Azenta, Inc.",NASDAQ,,,999995752
ARKW,ARK Next Generation Internet ETF,NYSE,,,999469112
CLOV,Clover Health Investments Corp.,NASDAQ,,,996867831
OCIP,OCI Partners LP,NYSE,,,996122389
BBN,BlackRock Taxable Municipal Bond Trust,NYSE,股权,,995785978
AOD,abrdn Total Dynamic Dividend Fund,NYSE,环球,,995268586
SATL,"Satellogic, Inc.",NASDAQ,,,994257486
BUR,Burford Capital Ltd.,NASDAQ,生物技术和制药,,993793992
ORIC,"Oric Pharmaceuticals, Inc.",NASDAQ,,,993504978
ZIMVV,"Zimvie, Inc.",NASDAQ,,,991800000
LGCYP,Legacy Reserves LP,NASDAQ,,,991161393
ODC,Oil-Dri Corp. of America,NYSE,化学制品,,990722052
RPG,Invesco S&P 500 Pure Growth ETF,NYSE,股权,,989926419
GSAH,GS Acquisition Holdings Corp. II,NYSE,,,988124996
MUC,"BlackRock MuniHoldings California Quality Fund, Inc.",NYSE,债务,,987988974
FSUN,FirstSun Capital Bancorp,NASDAQ,,,987369072
SAFE,"Safehold, Inc.",NYSE,,,986880980
NBBK,"NB Bancorp, Inc.",NASDAQ,,,986859069
NEP,NextEra Energy Partners LP,NYSE,,,985850001
FREL,Fidelity MSCI Real Estate Index ETF,AMEX,,,985710855
NPK,"National Presto Industries, Inc.",NYSE,航空航天/国防,,985241718
ECA,Encana Corp.,NYSE,油气,,984726985
MSEX,Middlesex Water Co.,NASDAQ,水业,,984440820
MFA,"MFA Financial, Inc.",NYSE,房地产信托投资基金,,984185077
PCT,"Purecycle Technologies, Inc.",NASDAQ,,,983145555
BSIG,"Acadian Asset Management, Inc.",NYSE,,,982954493
PLOW,"Douglas Dynamics, Inc.",NYSE,汽车部件与设备,,982489758
CRML,Critical Metals Corp.,NASDAQ,,,982057702
CMCTP,Creative Media & Community Trust Corp.,NASDAQ,,,981541316
PLYM,"Plymouth Industrial REIT, Inc.",AMEX,,,979234982
LQDT,"Liquidity Services, Inc.",NASDAQ,,,978488269
XIFR,XPLR Infrastructure LP,NYSE,,,977835717
BSCN,Invesco Bulletshares 2023 Corporate Bond ETF,NYSE,,,977698297
TPRE,SiriusPoint Ltd.,NYSE,保险,,975899708
UFCS,"United Fire Group, Inc.",NASDAQ,保险,,975197966
SRCI,"SRC Energy, Inc.",AMEX,,,974270872
ML,"MoneyLion, Inc.",NYSE,,,972396092
PID,Invesco International Dividend Achievers ETF,NYSE,股权,,971036192
UTL,UNITIL Corp.,NYSE,,,970708004
OIBR.C,Oi SA,NYSE,,,969641133
RNP,"Cohen & Steers REIT & Preferred & Income Fund, Inc.",NYSE,股权,,969538898
ASIC,Ategrity Specialty Insurance Company Holdings,NYSE,,,969024141
MLKN,"MillerKnoll, Inc.",NASDAQ,,,968870000
SBGI,"Sinclair, Inc.",NASDAQ,媒体,,968289359
EPC,Edgewell Personal Care Co.,NYSE,,,967967961
ETW,Eaton Vance Tax-Managed Global Buy-Write Opportunities Fund,NYSE,环球,,966519960
LGCYO,Legacy Reserves LP,NASDAQ,,,965508194
CFFN,"Capitol Federal Financial, Inc.",NASDAQ,储蓄及贷款,,963388116
BPR,"Brookfield Property REIT, Inc.",NASDAQ,,,962967045
RERE,ATRenew Inc.,NYSE,,,962843722
ANNX,"Annexon, Inc.",NASDAQ,,,961241218
IBDO,iShares iBonds Dec 2023 Term Corporate ETF,NYSE,,,960941446
CMP,"Compass Minerals International, Inc.",NYSE,采矿,,960343023
JBSS,"John B. Sanfilippo & Son, Inc.",NASDAQ,食品,,959954566
HEPS,D-MARKET Elektronik Hizmetler ve Ticaret AS,NASDAQ,,,958878035
HKIB,"AMTD International, Inc.",NYSE,,,957884792
SSII,"SS Innovations International, Inc.",NASDAQ,,,956629042
CMPX,"Compass Therapeutics, Inc.",NASDAQ,,,956266818
UVE,"Universal Insurance Holdings, Inc.",NYSE,保险,,955919520
CRON,"Cronos Group, Inc.",NASDAQ,,,955208770
EQAL,Invesco Russell 1000 Equal Weight ETF,AMEX,,,954393104
SIFY,Sify Technologies Ltd.,NASDAQ,互联网,,954301746
OZM,"Och-Ziff Capital Management Group, Inc.",NYSE,多元化金融服务,,952234605
SBSI,"Southside Bancshares, Inc.",NASDAQ,银行,,952091946
BSJL,Invesco Bulletshares 2021 High Yield Corporate Bond ETF,NYSE,,,950241296
TDOC,"Teladoc Health, Inc.",NYSE,,,949069060
TMTS,Spartacus Acquisition Corp. II,NASDAQ,,,948746937
SPTI,SPDR Portfolio Intermediate Term Treasury ETF,AMEX,,,947072548
BHRB,Burke Herbert Financial Services Corp.,NASDAQ,,,945793708
OXLC,Oxford Lane Capital Corp.,NASDAQ,环球,,942928238
IHI,iShares U.S. Medical Devices ETF,NYSE,股权,,940448802
BTZ,BlackRock Credit Allocation Income Trust,NYSE,股权,,939776972
GHM,Graham Corp.,NYSE,电力组件与设备,,939525366
DAKT,"Daktronics, Inc.",NASDAQ,电子,,938915284
NXEOU,"Nexeo Solutions, Inc.",NASDAQ,,,936734400
XSOE,WisdomTree Emerging Markets ex-State-Owned Enterprises Fund,AMEX,,,934792365
BCX,BlackRock Resources & Commodities Strategy Trust,NYSE,股权,,934679001
FIDU,Fidelity MSCI Industrials Index ETF,NYSE,,,934075073
KCAPL,Portman Ridge Finance Corp.,NASDAQ,,,933943092
LMB,"Limbach Holdings, Inc.",NASDAQ,,,933416907
AMTB,"Amerant Bancorp, Inc.",NASDAQ,,,932955706
KBDC,"Kayne Anderson BDC, Inc.",NYSE,,,929814970
VUSE,Vident Core US Equity Fund,NASDAQ,,,927813035
HDL,Super Hi International Holding Ltd.,NASDAQ,,,926676075
CPLP,Capital Product Partners LP,NASDAQ,运输,,926311804
SRUN,Silver Run Acquisition Corp. II,NASDAQ,,,925289957
BTGO,"BitGo Holdings, Inc.",NYSE,,,924890416
AKTS,"Aktis Oncology, Inc.",NASDAQ,,,924214715
BLFS,"BioLife Solutions, Inc.",NASDAQ,,,923978921
SCHK,Schwab 1000 Index ETF,AMEX,,,923511506
IPX,IperionX Ltd.,NASDAQ,,,923463969
ABTC,"Gryphon Digital Mining, Inc.",NASDAQ,,,923024016
ACEL,"Accel Entertainment, Inc.",NYSE,,,921777752
CRTO,Criteo SA,NASDAQ,媒体内容,,920897210
JKG,iShares Morningstar Mid-Cap ETF,NYSE,股权,,918862971
BSCJ,Invesco BulletShares 2019 Corporate Bond ETF,NASDAQ,股权,,917439288
EVO,Evotec SE,AMEX,债务,,917275324
ULVM,VictoryShares USAA MSCI USA Value Momentum ETF,AMEX,,,915065673
WOLF,"Wolfspeed, Inc.",NASDAQ,,,915050016
SCHN,"Schnitzer Steel Industries, Inc.",NASDAQ,,,913368176
CCH,Coca-Cola Hellenic Bottling Co S.A. ADS,NYSE,饮料,,912997509
PCRX,"Pacira Biosciences, Inc.",NASDAQ,制药,,912237340
INBX,"Inhibrx Biosciences, Inc.",NASDAQ,,,910748672
MOMO,"Hello Group, Inc.",NASDAQ,,,910701000
GHRS,GH Research Plc,NASDAQ,,,910591552
TBLA,Taboola.com Ltd.,NASDAQ,,,910522993
POET,"POET Technologies, Inc.",NASDAQ,,,910159014
EXPI,"eXp World Holdings, Inc.",NASDAQ,,,909422650
JANX,"Janux Therapeutics, Inc.",NASDAQ,,,908216643
FCOM,Fidelity MSCI Telecommunication Services Index ETF,NYSE,股权,,907256110
SMDV,ProShares Russell 2000 Dividend Growers ETF,AMEX,,,906535302
BFST,"Business First Bancshares, Inc.",NASDAQ,,,905098071
AACQ,"Artius Acquisition, Inc.",NASDAQ,,,904719334
CCNE,CNB Financial Corp. (Pennsylvania),NASDAQ,银行,,902985224
XNCR,"Xencor, Inc.",NASDAQ,生物技术和制药,,902798751
CHY,Calamos Convertible & High Income Fund,NYSE,股权,,902199207
VVI,"Pursuit Attractions & Hospitality, Inc.",NYSE,,,901292988
GMHI,"Luminar Technologies, Inc.",NASDAQ,,,900000000
CPAC,Cementos Pacasmayo SAA,NYSE,,,899880934
CGEM,"Cullinan Therapeutics, Inc.",NASDAQ,,,899418226
CII,"Blackrock Enhanced Large Cap Core Fund, Inc.",NYSE,股权,,899377336
MBWM,Mercantile Bank Corp.,NASDAQ,银行,,898712140
NRK,Nuveen New York AMT-Free Quality Municipal Income Fund,AMEX,债务,,898523668
EEX,"Emerald Holding, Inc.",NYSE,,,898505845
FENY,Fidelity MSCI Energy Index ETF,NYSE,股权,,897748636
SNCY,"Sun Country Airlines Holdings, Inc.",NASDAQ,,,896329726
AMPL,"Amplitude, Inc.",NASDAQ,,,895968771
HPK,"HighPeak Energy, Inc.",NASDAQ,,,895879019
EVEX,"Eve Holding, Inc.",NYSE,,,895142758
IIJI,Internet Initiative Japan Inc.,NASDAQ,,,894198538
AINV,Apollo Investment Corp.,NASDAQ,投资公司,,893411025
EVMN,"Evommune, Inc.",NYSE,,,892895946
WGO,"Winnebago Industries, Inc.",NYSE,,,891220031
FIW,First Trust Water ETF,NYSE,股权,,890481784
ARHS,"Arhaus, Inc.",NASDAQ,,,890120253
BMEZ,BlackRock Health Sciences Term Trust,NYSE,,,889394950
FTRE,"Fortrea Holdings, Inc.",NASDAQ,,,889185021
NABL,"N-able, Inc.",NYSE,,,889136134
OPK,"OPKO Health, Inc.",NYSE,制药,,888108657
HTD,John Hancock Tax-Advantaged Dividend Income Fund,NYSE,股权,,887921491
PCN,PIMCO Corporate & Income Strategy Fund,NYSE,股权,,887020975
KRUS,"Kura Sushi USA, Inc.",NASDAQ,,,884016972
OUSA,ALPS O'Shares U.S. Quality Dividend ETF,NYSE,,,883657619
MOO,VanEck Agribusiness ETF,NYSE,环球,,883088714
TPYP,Tortoise North American Pipeline Fund,NYSE,,,881134115
AWF,"AllianceBernstein Global High Income Fund, Inc.",NYSE,环球,,880405005
TMST,TimkenSteel Corp.,NYSE,,,880357985
VIDI,Vident International Equity Fund,NASDAQ,股权,,879586732
MESA,"Mesa Air Group, Inc.",NASDAQ,,,879206397
CHI,Calamos Convertible Opportunities & Income Fund,NYSE,股权,,878587174
VERB,"Verb Technology Co., Inc.",NASDAQ,,,877814006
NANO,"Nanometrics, Inc.",NASDAQ,半导体,,877241720
TBT,ProShares UltraShort 20+ Year Treasury,NYSE,股权,,876532007
GRPH,"Graphite Bio, Inc.",NASDAQ,,,876468769
ESRT,"Empire State Realty Trust, Inc.",NYSE,,,875035881
CRCT,"Cricut, Inc.",NASDAQ,,,874656702
CPSR,Capstar Special Purpose Acquisition Corp.,NYSE,,,873802217
BBDC,"Barings BDC, Inc.",NYSE,,,873255445
ABUS,Arbutus Biopharma Corp.,NASDAQ,,,871832191
APC,ARKO Petroleum Corp.,NYSE,油气,,870534935
YB,"Yuanbao, Inc.",NASDAQ,,,870454950
VDSI,"VASCO Data Security International, Inc.",NASDAQ,软件,,870451276
VYX,NCR Voyix Corp.,NYSE,,,870211033
IGM,iShares North American Tech ETF,NYSE,股权,,870076194
HBNC,"Horizon Bancorp, Inc. (Indiana)",NASDAQ,银行,,867255011
FDVV,Fidelity Core Dividend ETF,AMEX,,,867067897
LMRI,"Lumexa Imaging Holdings, Inc.",NASDAQ,,,866911586
CRESY,Cresud SA,NASDAQ,,,866060976
MCBS,"MetroCity Bankshares, Inc.",NASDAQ,,,865244995
RTP,REINVENT TECHNOLOGY PARTNERS,NYSE,,,865087477
INMD,InMode Ltd.,NASDAQ,,,864846395
USAT,"USA Technologies, Inc.",NASDAQ,软件,,864312640
VRTS,"Virtus Investment Partners, Inc.",NASDAQ,多元化金融服务,,864123150
TNP,Tsakos Energy Navigation Ltd.,NYSE,运输,,863924076
WOOF,"Petco Health & Wellness Company, Inc.",NASDAQ,卫生保健设施,,863352374
CSHR,CSHR,NASDAQ,,,863279988
ODD,ODDITY Tech Ltd.,NASDAQ,,,862881256
REPX,"Riley Exploration Permian, Inc.",NYSE,,,862697000
CPF,Central Pacific Financial Corp.,NYSE,银行,,862627037
TALK,"Talkspace, Inc.",NASDAQ,,,862112135
CERT,"Certara, Inc.",NASDAQ,,,861686921
AGGY,WisdomTree Yield Enhanced U.S. Aggregate Bond Fund,NYSE,,,860614833
FISK,Empire State Realty OP LP,NYSE,,,860479016
JBGS,JBG SMITH Properties,NYSE,,,859312474
WSR,Whitestone REIT,NYSE,,,858242030
INDY,iShares India 50 ETF,NASDAQ,股权,,857556520
KBWB,Invesco KBW Bank ETF,NYSE,股权,,855687081
TBPH,"Theravance Biopharma, Inc.",NASDAQ,,,852722794
IYJ,iShares U.S. Industrials ETF,NYSE,股权,,851719491
SCHL,Scholastic Corp.,NASDAQ,媒体内容,,849257275
THRM,"Gentherm, Inc.",NASDAQ,汽车制造,,847138977
PHK,PIMCO High Income Fund,NYSE,股权,,846540324
NAK,Northern Dynasty Minerals Ltd.,NYSE,采矿,,845583629
LGIH,"LGI Homes, Inc.",NASDAQ,,,844820019
GGN,"GAMCO Global Gold, Natural Resources & Income Trust",AMEX,股权,,844276905
IVOG,Vanguard S&P Mid-Cap 400 Growth ETF,NYSE,股权,,842201980
ATUS,"Altice USA, Inc.",NYSE,,,840993420
SDGR,"Schr枚dinger, Inc.",NASDAQ,,,840867926
SANA,"Sana Biotechnology, Inc.",NASDAQ,,,840630776
WAFDW,"Washington Federal, Inc.",NASDAQ,储蓄及贷款,,838800498
MPB,"Mid Penn Bancorp, Inc.",NASDAQ,银行,,835936952
HZAC,HORIZON ACQUISITION CORPORATION,NYSE,,,835695921
ATLC,Atlanticus Holdings Corp.,NASDAQ,多元化金融服务,,835039788
OGCP,Empire State Realty OP LP,NYSE,,,833936979
CRBN,iShares Low Carbon Optimized MSCI ACWI ETF,AMEX,,,833934074
CAC,Camden National Corp. (Maine),NASDAQ,银行,,833019970
SPGP,Invesco S&P 500 GARP ETF,AMEX,,,832258460
HTLD,"Heartland Express, Inc.",NASDAQ,运输,,831865984
ULCC,"Frontier Group Holdings, Inc.",NASDAQ,,,831629973
FBM,"Foundation Building Materials, Inc.",NYSE,股权,,831336917
SLI,Standard Lithium Ltd.,NYSE,,,831129622
ESBA,Empire State Realty OP LP,NYSE,,,830511985
PFLT,PennantPark Floating Rate Capital Ltd.,NASDAQ,投资公司,,830453778
FSBC,Five Star Bancorp,NASDAQ,,,828539654
TRWH,Bally's Corp.,NYSE,,,827120168
GROY,Gold Royalty Corp.,AMEX,,,826236058
JMIA,Jumia Technologies AG,NYSE,,,826096871
BFS,"Saul Centers, Inc.",NYSE,,,825017709
IWX,iShares Russell Top 200 Value ETF,NYSE,股权,,824815706
AIP,"Arteris, Inc.",NYSE,,,823866807
VOR,"Vor Biopharma, Inc.",NASDAQ,,,823080461
JHSC,John Hancock Multifactor Small Cap ETF,AMEX,,,822974494
PDM,"Piedmont Realty Trust, Inc.",NYSE,,,822624991
VSGX,Vanguard ESG International Stock ETF,AMEX,,,822439684
KNW,"Know Labs, Inc.",NYSE,,,822261040
NX,Quanex Building Products Corp.,NYSE,,,821755976
EIG,"Employers Holdings, Inc.",NYSE,保险,,821555778
QDEF,FlexShares Quality Dividend Defensive Index Fund,AMEX,股权,,818083139
HRTG,"Heritage Insurance Holdings, Inc.",NYSE,,,815947991
MDM,Mountain Province Diamonds Inc,NYSE,采矿,,815025018
LOT,"Lotus Technology, Inc.",NASDAQ,,,814446032
MEG,"Montrose Environmental Group, Inc.",NYSE,媒体,,814181779
GAINO,Gladstone Investment Corp.,NASDAQ,,,812862239
CSIQ,"Canadian Solar, Inc.",NASDAQ,,,811033876
BCSF,"Bain Capital Specialty Finance, Inc.",NYSE,,,810207638
SLS,"SELLAS Life Sciences Group, Inc.",NASDAQ,,,809917450
SPRY,"ARS Pharmaceuticals, Inc.",NASDAQ,,,809272925
LPI,"Laredo Petroleum, Inc.",NYSE,油气,,808562997
NAVI,Navient Corp.,NASDAQ,,,808262178
FBND,Fidelity Total Bond ETF,NYSE,,,806991626
JBIO,"Jade Biosciences, Inc.",NASDAQ,,,806814027
ACVA,"ACV Auctions, Inc.",NASDAQ,,,805951019
MATW,Matthews International Corp.,NASDAQ,商业服务,,805542976
FCBC,"First Community Bancshares, Inc. (Virginia)",NASDAQ,银行,,804966027
NEWP,New Pacific Metals Corp.,NYSE,半导体,,804673958
SHEN,Shenandoah Telecommunications Co. (Virginia),NASDAQ,电信,,802979954
HAFC,Hanmi Financial Corp.,NASDAQ,银行,,802915013
APY,Apergy Corp.,NYSE,,,801405000
FMNB,Farmers National Banc Corp.,NASDAQ,银行,,800263792
MQY,"BlackRock MuniYield Quality Fund, Inc.",NYSE,股权,,800226028
SLRC,SLR Investment Corp.,NASDAQ,,,799225353
DGNR,Dragoneer Growth Opportunities Corp.,NYSE,,,798675020
SCSC,"ScanSource, Inc.",NASDAQ,销售/批发,,798425871
SUPV,Grupo Supervielle SA,NYSE,,,798356722
CAPL,CrossAmerica Partners LP,NYSE,,,798167006
CLB,Core Laboratories Inc.,NYSE,,,794793116
HTBK,Heritage Commerce Corp.,NASDAQ,银行,,793937452
QRTEB,"Qurate Retail, Inc.",NASDAQ,,,793900048
FSC,Fifth Street Finance Corp,NASDAQ,,,793610497
NMFC,New Mountain Finance Corp.,NYSE,,,793002001
GRNT,"Granite Ridge Resources, Inc.",NYSE,,,792733025
TRST,TrustCo Bank Corp. NY,NASDAQ,银行,,792536511
MNKD,MannKind Corp.,NASDAQ,生物技术和制药,,791817979
EGBN,"Eagle Bancorp, Inc. (Maryland)",NASDAQ,银行,,791671978
OMER,Omeros Corp.,NASDAQ,生物技术和制药,,790517925
LIFE,"Ethos Technologies, Inc.",NASDAQ,生物技术,,790271469
AEVA,"Aeva Technologies, Inc.",NYSE,,,789993509
FGD,First Trust Dow Jones Global Select Dividend Index Fund,NYSE,环球,,789914150
WLKP,Westlake Chemical Partners LP,NYSE,,,789507676
VLRS,Controladora Vuela Compa帽铆a de Aviaci贸n SAB de CV,NYSE,,,788665026
FORD,"Forward Industries, Inc.",NASDAQ,纺织品,,788509992
QVCB,Liberty Interactive Corp.,NASDAQ,,,788505192
MYE,"Myers Industries, Inc.",NYSE,,,788086003
GFR,Greenfire Resources Ltd.,NYSE,,,787685693
CTLP,"Cantaloupe, Inc.",NASDAQ,,,787331694
EOI,Eaton Vance Enhanced Equity Income Fund,NYSE,股权,,787233593
HMH,"HMH Holding, Inc.",NASDAQ,,,786529375
TRCH,"Torchlight Energy Resources, Inc.",NASDAQ,,,785778092
ALCC,AltC Acquisition Corp.,NYSE,,,785719561
LAWS,"Lawson Products, Inc.",NASDAQ,,,784963074
FSTA,Fidelity MSCI Consumer Staples Index ETF,NYSE,股权,,784825936
SMP,"Standard Motor Products, Inc.",NYSE,汽车制造,,784630626
MFH,"Mercurity Fintech Holding, Inc.",NASDAQ,,,784024419
FLCB,Franklin Liberty US Core Bond ETF,AMEX,,,783609759
BJRI,"BJ's Restaurants, Inc.",NASDAQ,零售,,783447938
PRCH,"Porch Group, Inc.",NASDAQ,,,783385012
BTX,BlackRock Technology & Private Equity Term Trust,NYSE,生物技术,,781958974
BIOA,"BioAge Labs, Inc.",NYSE,,,781527477
AJAX,"Aspen Digital, Inc.",AMEX,,,779946786
IHDG,WisdomTree International Hedged Quality Dividend Growth Fund,NYSE,,,779443691
KURA,"Kura Oncology, Inc.",NASDAQ,,,779068756
PKST,Peakstone Realty Trust,NYSE,,,778331017
VOLT,Tema Electrification ETF,AMEX,,,777230441
CCBG,"Capital City Bank Group, Inc.",NASDAQ,银行,,777168969
EMPW,Emerge EMPWR Unified Sustainable Equity ETF - United States,NYSE,,,776931240
RMG,"Romeo Power, Inc.",NYSE,,,776250000
BSCO,Invesco BulletShares 2024 Corporate Bond ETF,NYSE,,,775375592
CGBD,"Carlyle Secured Lending, Inc",NASDAQ,,,775325886
MGTX,MeiraGTx Holdings Plc,NASDAQ,,,774552677
EH,EHang Holdings Ltd.,NASDAQ,,,773837213
EPS,WisdomTree U.S. Earnings 500 Fund,NYSE,股权,,773434227
ATEX,"Anterix, Inc.",NASDAQ,,,770858041
BH,"Biglari Holdings, Inc.",NYSE,,,769949498
MTK,SPDR Morgan Stanley Technology,NYSE,股权,,767501041
STKL,"SunOpta, Inc.",NASDAQ,食品,,767050828
THFF,First Financial Corp. (Indiana),NASDAQ,银行,,765361983
BOMN,Boston Omaha Corp.,NASDAQ,,,763771436
SKYH,Sky Harbour Group Corp.,AMEX,,,761612800
OSTK,"Overstock.com, Inc.",NASDAQ,互联网,,760217025
IBDP,iShares iBonds Dec 2024 Term Corporate ETF,NYSE,,,759529988
AEBI,Aebi Schmidt Holding AG,NASDAQ,,,756540034
XON,Intrexon Corp.,NYSE,,,756476017
FFC,"Flaherty & Crumrine Preferred & Income Securities Fund, Inc.",NYSE,股权,,755429032
GSM,Ferroglobe PLC,NASDAQ,采矿,,754915993
APSG,Apollo Strategic Growth Capital,NYSE,,,754528224
TWCT,TWC TECH HLDGS II CORP,NASDAQ,,,754500062
NWPX,"NWPX Infrastructure, Inc.",NASDAQ,金属构造/部件,,754065981
BOW,"Bowhead Specialty Holdings, Inc.",NYSE,,,754019005
DSGN,"Design Therapeutics, Inc.",NASDAQ,,,753635266
TLRY,"Tilray Brands, Inc.",NASDAQ,,,752904006
WETF,"WisdomTree Investments, Inc.",NASDAQ,,,752821805
GMTL,Guardian Metal Resources PLC,NYSE,,,752750986
DRUG,"Bright Minds Biosciences, Inc.",NASDAQ,,,752339093
IYG,iShares US Financial Services ETF,NYSE,股权,,752183302
AIO,Virtus AllianzGI Artificial Intelligence & Technology Opps,NYSE,,,751961011
VTS,"Vitesse Energy, Inc.",NYSE,,,747006960
SWM,"Schweitzer-Mauduit International, Inc.",NYSE,林产品/造纸,,746234408
AMC,"AMC Entertainment Holdings, Inc.",NYSE,,,745979983
TRNE,"Desktop Metal, Inc.",NYSE,,,743476865
MRVI,"Maravai Lifesciences Holdings, Inc.",NASDAQ,,,742924235
SVC,Service Properties Trust,NASDAQ,,,742596040
BTO,John Hancock - Financial Opportunities Fund,NYSE,股权,,740920903
PSK,State Street SPDR ICE Preferred Securities ETF,NYSE,股权,,740802136
PTMC,Pacer Trendpilot 450 ETF,NYSE,,,740648430
NEGG,"Newegg Commerce, Inc.",NASDAQ,,,740536067
MOBBW,Mobilicom Ltd.,NASDAQ,,,740456715
PEO,"Adams Natural Resources Fund, Inc.",NYSE,股权,,740178701
KRO,"Kronos Worldwide, Inc.",NYSE,化学制品,,739791516
YDDL,"One & One Green Technologies, Inc.",NASDAQ,,,739022981
BBSI,"Barrett Business Services, Inc.",NASDAQ,商业服务,,738198558
NXP,Nuveen Select Tax-Free Income Portfolio,NYSE,股权,,737972979
HTB,"HomeTrust Bancshares, Inc.",NYSE,,,737233985
HNRG,Hallador Energy Co.,NASDAQ,煤炭,,735447478
BVS,"Bioventus, Inc.",NASDAQ,,,735088347
CSV,"Carriage Services, Inc.",NYSE,商业服务,,734997862
SMBC,"Southern Missouri Bancorp, Inc.",NASDAQ,银行,,732590966
TNT,"Peak Fintech Group, Inc.",NASDAQ,,,731565030
OMDA,"Omada Health, Inc.",NASDAQ,,,730675421
ORRF,"Orrstown Financial Services, Inc.",NASDAQ,银行,,730248906
PHB,Invesco Fundamental High Yield Corporate Bond ETF,NYSE,股权,,729779885
HSC,Harsco Corp.,NYSE,多元化制造商,,729605973
BRSP,"BrightSpire Capital, Inc.",NYSE,,,729557152
STPZ,PIMCO 1-5 Year US TIPS Index ETF,NYSE,股权,,728631540
IDU,iShares U.S. Utilities ETF,NYSE,股权,,728411913
LCY,LANDCADIA HOLDINGS III INC,NASDAQ,,,728193074
EMES,Harbor Emerging Markets Select ETF,NYSE,,,727722087
IART,Integra LifeSciences Holdings Corp.,NASDAQ,医疗保健产品,,726733390
HUYA,"HUYA, Inc.",NYSE,,,726483001
FEP,First Trust Europe AlphaDEX Fund,NASDAQ,资产配置,,726071747
LBRX,"LB Pharmaceuticals, Inc.",NASDAQ,,,725472975
CODI,Compass Diversified Holdings,NYSE,,,723017607
SCZM,Santacruz Silver Mining Ltd.,NASDAQ,,,722822354
BLDP,"Ballard Power Systems, Inc.",NASDAQ,能源-替代能源,,722192028
ICVT,iShares Convertible Bond ETF,NYSE,,,721275493
AMRK,"A-Mark Precious Metals, Inc.",NASDAQ,,,720848290
APOG,"Apogee Enterprises, Inc.",NASDAQ,建筑材料,,720588986
RBAC,RedBall Acquisition Corp.,NYSE,,,720187533
AMN,"AMN Healthcare Services, Inc.",NYSE,,,720165793
GDEN,"Golden Entertainment, Inc.",NASDAQ,,,719895588
GOAC,GO Acquisition Corp.,NYSE,,,719468756
KIND,"Nextdoor Holdings, Inc.",NYSE,,,719265998
WRLD,World Acceptance Corp.,NASDAQ,,,718858954
VSPR,VESPER HEALTHCARE ACQUISITION C,NASDAQ,,,718174987
NUTX,"Nutex Health, Inc.",NASDAQ,,,717043226
NCS,"NCI Building Systems, Inc.",NYSE,建筑材料,,716685476
DJCO,Daily Journal Corp.,NASDAQ,媒体,,715906209
BIT,BlackRock Multi-Sector Income Trust,NYSE,,,715565992
RA,"Brookfield Real Assets Income Fund, Inc.",NYSE,,,715547992
GSBC,"Great Southern Bancorp, Inc. (Missouri)",NASDAQ,银行,,715015548
JKH,iShares Morningstar Mid-Cap Growth ETF,NYSE,股权,,714541538
VEL,"Velocity Financial, Inc.",NYSE,,,714474431
MYI,"BlackRock MuniYield Quality Fund III, Inc.",NYSE,股权,,711864004
RWT,"Redwood Trust, Inc.",NYSE,房地产信托投资基金,,711221005
CCCX,Churchill Capital Corp. X,NASDAQ,,,711002992
THQ,abrdn Healthcare Opportunities Fund,NYSE,,,710558991
SGY,Talos Petroleum LLC,NYSE,油气,,709753932
ETM,Entercom Communications Corp.,NYSE,媒体内容,,709725837
EHAB,"Enhabit, Inc.",NYSE,,,709617976
JQC,Nuveen Credit Strategies Income Fund,NYSE,股权,,709520030
KOP,"Koppers Holdings, Inc.",NYSE,化学制品,,709096079
RLMD,"Relmada Therapeutics, Inc.",NASDAQ,,,708008998
PRAA,"PRA Group, Inc.",NASDAQ,多元化金融服务,,707925726
TXO,TXO Partners LP,NYSE,,,707656538
RWK,Invesco S&P MidCap 400 Revenue ETF,NYSE,股权,,707046501
TRNS,"Transcat, Inc.",NASDAQ,,,704766806
SGP,"SpyGlass Pharma, Inc.",NYSE,生物技术和制药,,704297546
AXG,Solowin Holdings,NASDAQ,,,703882315
ACIC,American Coastal Insurance Corp.,NYSE,,,703750014
CRY,"Artivion, Inc.",NYSE,医疗保健产品,,703212857
NRCIA,National Research Corp.,NASDAQ,,,702637634
GDRX,"GoodRx Holdings, Inc.",NASDAQ,,,702277705
FFBCW,First Financial Bancorp (Ohio),NASDAQ,银行,,701294962
NMAX,"Newsmax, Inc.",NYSE,,,701221767
DEAC,"DraftKings, Inc.",NASDAQ,,,701200027
UDMY,"Udemy, Inc.",NASDAQ,,,700932026
NRDS,"NerdWallet, Inc.",NASDAQ,,,699915101
CAS,Cascade Acquisition Corp.,NYSE,,,699237390
PDVW,"Pacific DataVision, Inc.",NASDAQ,,,698735184
VGAC,VG ACQUISITION CORP,NYSE,,,698620988
JBI,"Janus International Group, Inc.",NYSE,,,698456629
IVR,"Invesco Mortgage Capital, Inc.",NYSE,房地产信托投资基金,,698180581
ADSE,ADS-TEC Energy Plc,NASDAQ,,,697421023
METCB,"Ramaco Resources, Inc.",NASDAQ,,,697387995
IBCP,Independent Bank Corp. (Michigan),NASDAQ,银行,,697037537
DC,Dakota Gold Corp.,AMEX,,,696959970
RSVAU,Rodgers Silicon Valley Acquisition Corp,NASDAQ,,,696324980
PSQ,ProShares Short QQQ,NYSE,股权,,695377943
GRSV,"Gores Holdings V, Inc.",NASDAQ,,,694968802
SMBK,"SmartFinancial, Inc.",NASDAQ,,,694820972
QNST,"QuinStreet, Inc.",NASDAQ,互联网,,694755946
EEMA,iShares MSCI Emerging Markets Asia ETF,NASDAQ,股权,,694211062
CVLG,"Covenant Logistics Group, Inc.",NASDAQ,,,694047774
ROOT,"Root, Inc.",NASDAQ,,,693114958
DSP,"Viant Technology, Inc.",NASDAQ,,,693081520
DPHCU,DiamondPeak Holdings Corp.,NASDAQ,,,692934605
SDHC,Smith Douglas Homes Corp.,NYSE,,,692502830
BPI,Grayscale Bitcoin Premium Income ETF,NYSE,商业服务,,692459946
PSC,Principal U.S. Small Cap Index ETF,NASDAQ,,,691971256
SSYS,Stratasys Ltd.,NASDAQ,计算机硬件,,691964951
STK,"Columbia Seligman Premium Technology Growth Fund, Inc.",NYSE,股权,,691087744
GYRE,"Gyre Therapeutics, Inc.",NASDAQ,,,690380821
IGOV,iShares International Treasury Bond ETF,NASDAQ,股权,,690291202
LYTS,"LSI Industries, Inc.",NASDAQ,,,689014332
AOSL,Alpha & Omega Semiconductor Ltd.,NASDAQ,半导体,,686582224
GO,Grocery Outlet Holding Corp.,NASDAQ,,,686089979
IIIV,"i3 Verticals, Inc.",NASDAQ,,,686011413
VTEX,VTEX (Cayman Islands),NYSE,,,685187006
VINP,Vinci Compass Investments Ltd.,NASDAQ,,,684969404
VTWV,Vanguard Russell 2000 Value Index Fund,NASDAQ,股权,,683799260
GHVIU,"Gores Holdings VI, Inc.",NASDAQ,,,683100007
ANRO,"Alto Neuroscience, Inc.",NYSE,,,682036779
NAKD,Cenntro Electric Group Ltd.,NASDAQ,,,681878668
CFCO,CF Corporation - Class A Ordinary Share,NASDAQ,,,681720018
GOV,Government Properties Income Trust,NYSE,房地产信托投资基金,,681539685
CVLB,"LifeMD, Inc.",NASDAQ,,,681516423
OFRM,Once Upon A Farm PBC,NYSE,,,680572620
NTGR,"NETGEAR, Inc.",NASDAQ,电信,,680338276
DLY,Doubleline Yield Opportunities Fund,NYSE,,,680320047
GDVD,Copper Place Global Dividend Growth ETF,AMEX,,,680195707
AOK,iShares Core 30/70 Conservative Allocation ETF,NYSE,股权,,679235297
DEACU,Diamond Eagle Acquisition Corp.,NASDAQ,,,677950029
LXRX,"Lexicon Pharmaceuticals, Inc.",NASDAQ,生物技术和制药,,677888999
PFN,PIMCO Income Strategy Fund II,NYSE,股权,,677587003
FDUS,Fidus Investment Corp.,NASDAQ,私募股权投资,,676346755
FET,"Forum Energy Technologies, Inc.",NYSE,油气服务,,676094253
FBRT,"Franklin BSP Realty Trust, Inc.",NYSE,,,676064461
SG,"Sweetgreen, Inc.",NASDAQ,,,675949008
FDEF,First Defiance Financial Corp.,NASDAQ,银行,,675617477
OIS,"Oil States International, Inc.",NYSE,,,674238006
CBLL,"Ceribell, Inc.",NASDAQ,,,672648830
BBOT,"Bridgebio Oncology Therapeutics, Inc.",NASDAQ,,,672275649
IVLU,iShares Edge MSCI Intl Value Factor ETF,NYSE,,,671577010
IGR,CBRE Global Real Estate Income Fund,NYSE,环球,,670434805
OPFI,"OppFi, Inc.",NYSE,,,669932568
GMF,State Street SPDR S&P Emerging Asia Pacific ETF,NYSE,股权,,669872881
GCI,"Gannett Co., Inc.",NYSE,媒体内容,,669345027
NOAH,Noah Holdings Ltd.,NYSE,多元化金融服务,,669175506
EGY,"VAALCO Energy, Inc.",NYSE,油气,,668295360
ASIX,"Advansix, Inc.",NYSE,,,667254006
TMQ,"Trilogy Metals, Inc.",AMEX,,,667073420
FWRG,"First Watch Restaurant Group, Inc.",NASDAQ,,,667016989
PRFZ,Invesco FTSE RAFI US 1500 Small-Mid ETF,NASDAQ,股权,,666328920
NFGC,New Found Gold Corp.,NYSE,,,666259962
MNTN,"MNTN, Inc.",NYSE,,,664854300
TBLD,Thornburg Income Builder Opportunities Trust,NASDAQ,,,664530975
PFXF,VanEck Preferred Securities ex Financials ETF,NASDAQ,股权,,663534690
STAR,"iStar, Inc.",NYSE,,,662560643
SB,"Safe Bulkers, Inc.",NYSE,运输,,662546189
SWBI,"Smith & Wesson Brands, Inc.",NASDAQ,,,662511893
HIPO,"Hippo Holdings, Inc.",NYSE,,,662259939
BHK,BlackRock Core Bond Trust,NYSE,股权,,660851622
GAU,"Galiano Gold, Inc.",AMEX,,,657780735
OBE,Obsidian Energy Ltd.,NYSE,,,656915613
WASH,"Washington Trust Bancorp, Inc.",NASDAQ,银行,,656877999
CWH,"Camping World Holdings, Inc.",NYSE,房地产信托投资基金,,656025267
DMII,Drugs Made In America Acquisition II Corp.,NASDAQ,,,655750000
NB,NioCorp Developments Ltd.,NASDAQ,,,655119440
BWMX,Betterware de Mexico SAPI de CV,NASDAQ,,,654905319
DFJ,WisdomTree Japan SmallCap Dividend Fund,NYSE,股权,,654796920
NIE,Virtus Equity & Convertible Income Fund,NYSE,股权,,654762820
QYLD,Global X NASDAQ 100 Covered Call ETF,NASDAQ,股权,,654724125
DGICB,"Donegal Group, Inc.",NASDAQ,保险,,654582028
DMYT,"Rush Street Interactive, Inc.",NYSE,,,654350007
IIIN,"Insteel Industries, Inc.",NASDAQ,电力组件与设备,,654239990
FISI,"Financial Institutions, Inc.",NASDAQ,银行,,653337655
FOXF,Fox Factory Holding Corp.,NASDAQ,,,653309811
ACP,abrdn Income Credit Strategies Fund,NYSE,,,652447502
AC,"Associated Capital Group, Inc.",NYSE,,,652214114
GLDI,UBS AG ETRACS Gold Shares Covered Call ETN,NASDAQ,环球,,652108138
AOBC,American Outdoor Brands Corp.,NASDAQ,,,650907242
PGC,Peapack-Gladstone Financial Corp.,NASDAQ,银行,,650815966
NCDL,Nuveen Churchill Direct Lending Corp.,NYSE,,,649439886
TCBX,"Third Coast Bancshares, Inc.",NASDAQ,,,648880390
PDT,John Hancock Premium Dividend Fund,NYSE,股权,,648261017
RGR,"Sturm, Ruger & Co., Inc.",NYSE,多元化制造商,,647816560
VMO,Invesco Municipal Opportunity Trust,NYSE,股权,,646973277
BUI,"BlackRock Utilities, Infrastructure & Power Opportunities Tr",NYSE,环球,,646659031
PVAC,Penn Virginia Corp.,NASDAQ,,,646565987
GLADO,GLADSTONE CAPITAL,NASDAQ,,,646494878
INDI,"indie Semiconductor, Inc.",NASDAQ,,,646379461
FXR,First Trust Industrials/Producer Durables AlphaDEX Fund,NYSE,股权,,645783809
MWK,"Mohawk Group Holdings, Inc.",NASDAQ,,,645319144
REPL,"Replimune Group, Inc.",NASDAQ,,,644066296
MDIV,First Trust Multi-Asset Diversified Income Index Fund,NASDAQ,,,643267354
NYMT,"New York Mortgage Trust, Inc.",NASDAQ,,,642132438
CMLF,CM LIFE SCIENCES INC,NASDAQ,,,641987521
SPMB,SPDR Portfolio Mortgage Backed Bond ETF,AMEX,,,641874894
SHBI,"Shore Bancshares, Inc.",NASDAQ,银行,,641628025
ASST,"Strive, Inc. (United States)",NASDAQ,,,640756167
CGNT,Cognyte Software Ltd.,NASDAQ,,,640275212
TSAT,Telesat Corp.,NASDAQ,,,639314407
EWI,iShares MSCI Italy ETF,NYSE,股权,,638357150
HTBI,"HomeTrust Bancshares, Inc.",NASDAQ,银行,,637579356
DPHC,Lordstown Motors Corp.,NASDAQ,,,637342283
HSHP,Himalaya Shipping Ltd.,NYSE,,,637202001
AVNS,"Avanos Medical, Inc.",NYSE,,,636690982
PWE,Penn West Petroleum Ltd,NYSE,油气,,635324755
AMSF,"AMERISAFE, Inc.",NASDAQ,保险,,635266963
CBRL,"Cracker Barrel Old Country Store, Inc.",NASDAQ,零售,,635215990
HEWJ,iShares Currency Hedged MSCI Japan ETF,NYSE,股权,,635109930
VLGEA,"Village Super Market, Inc.",NASDAQ,,,635072297
MAMA,"Mama's Creations, Inc.",NASDAQ,,,633785468
DGICA,"Donegal Group, Inc.",NASDAQ,保险,,633490809
LPTH,"LightPath Technologies, Inc.",NASDAQ,电信,,632486291
QD,"Qudian, Inc.",NYSE,,,632433988
RSVR,"Reservoir Media, Inc.",NASDAQ,,,632386018
IYM,iShares U.S. Basic Materials ETF,NYSE,股权,,631793504
CRNCV,"Cerence, Inc.",NASDAQ,,,631442032
HOV,"Hovnanian Enterprises, Inc.",NYSE,,,631170965
HIFS,Hingham Institution for Savings,NASDAQ,银行,,630664823
IMSR,"Terrestrial Energy, Inc.",NASDAQ,,,630314979
PACE,Pace Holdings Corp,NASDAQ,,,629999989
SGOC,SGOCO Group Ltd.,NASDAQ,零售,,629907568
CWBC,Community West Bancshares,NASDAQ,银行,,629884277
CIICU,CIIG Merger Corp.,NASDAQ,,,629774995
TIPT,"Tiptree, Inc.",NASDAQ,,,629516403
DRTS,Alpha Tau Medical Ltd.,NASDAQ,,,628389510
UMAC,"Unusual Machines, Inc.",AMEX,,,628366788
ACTC,ARCLIGHT CLEAN TRANSITION CORP,NASDAQ,,,627496880
NR,"Newpark Resources, Inc.",NYSE,油气服务,,627105410
BOWX,BOWX ACQUISITION CORP,NASDAQ,,,626692507
SLDP,"Solid Power, Inc.",NASDAQ,,,626442430
NKX,Nuveen California AMT-Free Quality Municipal Income Fund,AMEX,债务,,625368998
RMT,"Royce Micro-Cap Trust, Inc.",NYSE,股权,,624629013
GHVI,GORES HLDGS VI INC,NASDAQ,,,624018762
NXRT,"NexPoint Residential Trust, Inc.",NYSE,,,623845849
PCPL,"E2open Parent Holdings, Inc.",NYSE,,,623114930
ASC,Ardmore Shipping Corp.,AMEX,,,623055950
FRGE,"Forge Global Holdings, Inc.",NYSE,,,623007270
ALRS,Alerus Financial Corp.,NASDAQ,,,622647243
CTGO,"Contango Silver & Gold, Inc.",AMEX,,,622513991
CTO,"CTO Realty Growth, Inc.",NYSE,,,621888143
VPG,"Vishay Precision Group, Inc.",NYSE,半导体,,621387916
BOE,BlackRock Enhanced Global Dividend Trust,NYSE,环球,,621053010
ARKO,Arko Corp.,NASDAQ,,,620991409
FDUSL,Fidus Investment Corporation,NASDAQ,,,619603973
MTA,Metalla Royalty & Streaming Ltd.,AMEX,,,619525549
MITK,"Mitek Systems, Inc.",NASDAQ,软件,,619020501
IYH,iShares U.S. Healthcare ETF,NYSE,股权,,617932241
CINT,"CI&T, Inc. (Brazil)",NYSE,,,617719512
FMCI,"Tattooed Chef, Inc.",NASDAQ,,,617405000
GDOT,Green Dot Corp.,NYSE,,,616800026
UXIN,Uxin Ltd.,NASDAQ,,,616445841
RYAM,"Rayonier Advanced Materials, Inc.",NYSE,,,615977216
MUJ,"BlackRock MuniHoldings New Jersey Quality Fund, Inc.",NYSE,债务,,615883431
GOODP,Gladstone Commercial Corp.,NASDAQ,,,615816805
FDRR,Fidelity Dividend ETF for Rising Rates,AMEX,,,615439547
SRET,Global X SuperDividend REIT ETF,NASDAQ,,,614985712
GLRE,Greenlight Capital Re Ltd.,NASDAQ,保险,,614423992
ICLN,iShares Global Clean Energy ETF,NASDAQ,环球,,613154260
GHIV,UWM Holdings Corp.,NASDAQ,,,613062994
NGVC,"Natural Grocers by Vitamin Cottage, Inc.",NYSE,,,611989274
CDXC,Chromadex Corp.,NASDAQ,,,611895993
NPB,"Northpointe Bancshares, Inc.",NYSE,,,611580661
MXI,iShares Global Materials ETF,NYSE,环球,,611347748
TREB,Trebia Acquisition Corp.,NYSE,,,611296853
FIP,"FTAI Infrastructure, Inc.",NASDAQ,,,610905588
FAX,abrdn Asia Pacific Income Fund Inc.,AMEX,股权,,609331599
DSU,"BlackRock Debt Strategies Fund, Inc.",NYSE,股权,,608702861
THM,International Tower Hill Mines Ltd.,NYSE,,,608310492
SERV,"Serve Robotics, Inc.",NASDAQ,,,607792077
PXMG,Invesco Russell MidCap Pure Growth ETF,NYSE,股权,,607583880
VITL,"Vital Farms, Inc.",NASDAQ,,,607001012
PURR,"Hyperliquid Strategies, Inc.",NASDAQ,,,606201068
RSKD,Riskified Ltd.,NYSE,,,606158972
MAX,"MediaAlpha, Inc.",NYSE,,,606022585
ONEO,SPDR Russell 1000 Momentum Focus ETF,AMEX,,,605953725
TRON,"Tron, Inc.",NASDAQ,,,605540010
SGDM,Sprott Gold Miners ETF,NYSE,,,605297005
LOAK,"Danimer Scientific, Inc.",NYSE,,,605000019
TRTX,"TPG RE Finance Trust, Inc.",NYSE,,,604892987
HZO,"MarineMax, Inc.",NYSE,零售,,604872768
IVOV,Vanguard S&P Mid-Cap 400 Value ETF,NYSE,股权,,604714516
SWIM,"Latham Group, Inc.",NASDAQ,,,604680009
TASK,"TaskUs, Inc.",NASDAQ,,,604043564
CCD,Calamos Dynamic Convertible & Income Fund,NASDAQ,,,603325008
HSTM,"HealthStream, Inc.",NASDAQ,互联网,,603272970
SPAR,"Spartan Motors, Inc.",NASDAQ,,,600590852
SSTK,"Shutterstock, Inc.",NYSE,互联网,,599673787
CMLT,"CM Life Sciences III, Inc.",NASDAQ,,,599609971
DBJP,Xtrackers MSCI Japan Hedged Equity ETF,NASDAQ,股权,,598742390
CRSR,"Corsair Gaming, Inc.",NASDAQ,,,598375742
MHD,"BlackRock MuniHoldings Fund, Inc.",NYSE,股权,,597543002
ROUS,Hartford Multifactor US Equity ETF,AMEX,,,594620147
BSJM,Invesco BulletShares 2022 High Yield Corporate Bond ETF,NYSE,,,593485482
ESPR,"Esperion Therapeutics, Inc.",NASDAQ,,,593232199
PJP,Invesco Pharmaceuticals ETF,NYSE,股权,,592374826
MFEM,PIMCO RAFI Dynamic Multi-Factor Emerging Markets Equity ETF,AMEX,,,592288384
CTKB,"Cytek Biosciences, Inc.",NASDAQ,,,591330613
LDP,"Cohen & Steers Ltd. Duration Preferred & Income Fund, Inc.",NYSE,股权,,590161953
AMBQ,"Ambiq Micro, Inc.",NYSE,,,590039675
OXM,"Oxford Industries, Inc.",NYSE,,,589542918
WDH,"Waterdrop, Inc.",NYSE,,,589509890
SSPK,Silver Spike Acquisition Corp.,NASDAQ,,,588723158
CNNX,CONE Midstream Partners LP,NYSE,,,588348590
PKE,Park Aerospace Corp.,NYSE,半导体,,588010008
AACT,Ares Acquisition Corp. II,NYSE,,,587048510
SAGA,Sagaliam Acquisition Corp.,NASDAQ,,,586887008
FDLO,Fidelity Low Volatility Factor ETF,AMEX,,,586560069
TSCBP,"TriState Capital Holdings, Inc.",NASDAQ,,,586547740
NMCO,Nuveen Municipal Credit Opportunities Fund,NYSE,,,586530358
EXTO,Almacenes 脡xito SA,NYSE,,,585660983
EUSA,iShares MSCI USA Equal Weighted ETF,NYSE,股权,,585446995
EMD,"Western Asset Emerging Markets Debt Fund, Inc.",NYSE,股权,,585373543
RSVA,RODGERS SILICON VALLEY ACQ CORP,NASDAQ,,,585350018
JKF,iShares Morningstar Large Cap Value ETF,NYSE,股权,,585180309
BZH,"Beazer Homes USA, Inc.",NYSE,,,584824985
CFII,CF FINANCE ACQUISITION CORP. II,NASDAQ,,,584483973
ITRG,Integra Resources Corp.,AMEX,,,584239023
FBYD,"Falcon鈥檚 Beyond Global, Inc.",NASDAQ,,,584215167
BCAL,California Bancorp,NASDAQ,,,584145989
GAIN,Gladstone Investment Corp.,NASDAQ,,,583790001
SD,"SandRidge Energy, Inc.",NYSE,油气,,583678848
NML,"Neuberger Energy Infrastructure & Income Fund, Inc.",AMEX,股权,,583586969
KE,"Kimball Electronics, Inc.",NASDAQ,,,583560639
IWL,iShares Russell Top 200 ETF,NYSE,环球,,583129538
OPT,Opthea Ltd.,NASDAQ,,,583101016
CASS,"Cass Information Systems, Inc.",NASDAQ,,,582551006
JAGG,JPMorgan U.S. Aggregate Bond ETF,AMEX,,,581745166
IPAY,Amplify Mobile Payments ETF,NYSE,,,581672006
IAI,iShares U.S. Broker-Dealers ETF,NYSE,股权,,581327725
AIV,Apartment Investment & Management Co.,NYSE,,,581236112
HY,"Hyster-Yale, Inc.",NYSE,,,580141849
URG,"Ur-Energy, Inc.",NYSE,,,580099229
CEPF,"Cantor Equity Partners IV, Inc.",NASDAQ,,,580071981
MFI,mF International Ltd.,NASDAQ,,,580040026
UHT,Universal Health Realty Income Trust,NYSE,房地产信托投资基金,,579127622
GII,State Street SPDR S&P Global Infrastructure ETF,NYSE,环球,,577480371
RHS,Invesco S&P 500 Equal Weight Consumer Staples ETF,NYSE,股权,,576438519
AROW,Arrow Financial Corp.,NASDAQ,银行,,576256017
AMWD,American Woodmark Corp.,NASDAQ,,,576081800
ONEQ,Fidelity Nasdaq Composite Index Tracking Stock,NASDAQ,股权,,576069543
NFBK,"Northfield Bancorp, Inc. (New Jersey)",NASDAQ,储蓄及贷款,,575090258
MDXG,"MiMedx Group, Inc.",NASDAQ,,,573466968
ANL,Adlai Nortye Ltd.,NASDAQ,,,572699555
DNUT,"Krispy Kreme, Inc.",NASDAQ,,,571703989
TRNC,"tronc, Inc.",NASDAQ,,,571272527
WRN,Western Copper & Gold Corp.,NYSE,,,570840556
OCGN,"Ocugen, Inc.",NASDAQ,,,570541002
RESI,Kelly Residential & Apartment Real Estate ETF,NYSE,,,570035327
IIM,Invesco Value Municipal Income Trust,NYSE,股权,,569528033
DBA,Invesco DB Agriculture Fund,NYSE,股权,,569325995
TREE,"LendingTree, Inc.",NASDAQ,,,569196002
DCRC,Decarbonization Plus Acquisition Corp. III,NASDAQ,,,569187510
JIH,"Juniper Industrial Holdings, Inc.",NYSE,,,568818732
PPR,Voya Prime Rate Trust,NYSE,股权,,568691431
TRXC,"Asensus Surgical, Inc.",NYSE,,,568402762
ULH,"Universal Logistics Holdings, Inc.",NASDAQ,,,568370743
ZVRA,"Zevra Therapeutics, Inc.",NASDAQ,,,568328151
SWMR,"Swarmer, Inc.",NASDAQ,,,568158099
GOL,GOL Linhas A茅reas Inteligentes SA,NYSE,,,567738419
DWAS,Invesco Dorsey Wright Smallcap Momentum ETF,NASDAQ,股权,,567473472
GOOD,Gladstone Commercial Corp.,NASDAQ,房地产信托投资基金,,567330006
MCS,Marcus Corp.,NYSE,住宿,,566812627
CRMD,"CorMedix, Inc.",NYSE,制药,,566791008
OUNZ,VanEck Merk Gold ETF,NYSE,,,566485282
CNNE,"Cannae Holdings, Inc.",NYSE,,,566088079
RONI,Rice Acquisition Corp. II,NYSE,,,565832795
MSIF,"MSC Income Fund, Inc.",NYSE,,,565665401
GOGO,"Gogo, Inc.",NASDAQ,,,565663946
KRT,"Karat Packaging, Inc.",NASDAQ,,,565173214
EVGO,"EVgo, Inc.",NASDAQ,,,564443981
IRWD,"Ironwood Pharmaceuticals, Inc.",NASDAQ,制药,,564181787
CEL,Cellcom Israel Ltd.,NYSE,电信,,564021396
KYTX,"Kyverna Therapeutics, Inc.",NASDAQ,,,563904262
BHB,Bar Harbor Bankshares,NYSE,银行,,562031990
DDL,Dingdong (Cayman) Ltd.,NYSE,,,561433981
PFIS,Peoples Financial Services Corp.,NASDAQ,银行,,559946744
MSC,Studio City International Holdings Ltd.,NYSE,,,559700018
DMYD,"dMY Technology Group, Inc. II",NYSE,,,559244968
NXDR,"Nextdoor Holdings, Inc.",NYSE,,,558325022
PRTA,Prothena Corp. Plc,NASDAQ,生物技术,,557709654
MTC,"MMTec, Inc.",NASDAQ,,,557691732
GRSH,"Gores Holdings III, Inc.",NASDAQ,,,557499981
CLNE,Clean Energy Fuels Corp.,NASDAQ,能源-替代能源,,557354605
TPGH,TPG Pace Holdings Corp.,NYSE,,,556528696
HDEF,Xtrackers MSCI EAFE High Dividend Yield Hedged Equity ETF,NYSE,,,555930835
ATMP,Barclays ETN + Select MLP ETN,AMEX,股权,,555778079
IDR,"Idaho Strategic Resources, Inc.",NYSE,,,555433372
IPI,"Intrepid Potash, Inc.",NYSE,化学制品,,554375832
GPRK,GeoPark Ltd.,NYSE,,,553650024
PAR,PAR Technology Corp.,NYSE,计算机,,553419064
EVER,"EverQuote, Inc.",NYSE,储蓄及贷款,,553415919
MMU,"Western Asset Managed Municipals Fund, Inc.",NYSE,股权,,553288947
PROK,ProKidney Corp.,NASDAQ,,,552506449
AMOT,"Allied Motion Technologies, Inc.",NASDAQ,,,551420223
FWRD,Forward Air Corp.,NASDAQ,运输,,551252638
PHR,"Phreesia, Inc.",NYSE,,,550513023
SMC,Summit Midstream Corp.,NYSE,,,549853484
PPGH,Poema Global Holdings Corp.,NASDAQ,,,549412490
EBF,"Ennis, Inc.",NYSE,,,549361032
INTL,"INTL FCStone, Inc.",NASDAQ,,,548089098
FTK,"Flotek Industries, Inc.",NYSE,油气服务,,546955986
IEO,iShares U.S. Oil & Gas Exploration & Production ETF,NYSE,股权,,546719566
KBA,KraneShares Bosera MSCI China A 50 Connect Index ETF,NYSE,股权,,546065702
CARS,"Cars.com, Inc.",NYSE,,,545908288
ERII,"Energy Recovery, Inc.",NASDAQ,,,545720116
PD,"PagerDuty, Inc.",NYSE,,,545568281
TECX,"Tectonic Therapeutic, Inc.",NASDAQ,,,545273004
SPIR,"Spire Global, Inc.",NASDAQ,多元化制造商,,545127254
SXC,"SunCoke Energy, Inc.",NYSE,煤炭,,543848566
FEIM,"Frequency Electronics, Inc.",NASDAQ,,,543668064
LCAP,Principal Capital Appreciation Select ETF,NASDAQ,,,543459447
VGM,Invesco Trust For Investment Grade Municipals,NYSE,股权,,542319680
NHF,NexPoint Strategic Opportunities Fund,NYSE,股权,,542311994
AEXA,American Exceptionalism Acquisition Corp. A,NYSE,,,542089000
BYON,"Beyond, Inc.",NYSE,,,541911974
CWCO,Consolidated Water Co. Ltd.,NASDAQ,,,541505906
RVI,Robinhood Ventures Fund I,NYSE,,,541021016
MOV,"Movado Group, Inc.",NYSE,,,540911000
ETD,"Ethan Allen Interiors, Inc.",NYSE,,,540225765
KFRC,"Kforce, Inc.",NASDAQ,,,539720343
BBG,Bill Barrett Corp.,NYSE,油气,,538061326
BMM,Blue Moon Metals Inc.,NASDAQ,,,537769022
UNTY,"Unity Bancorp, Inc.",NASDAQ,银行,,537581619
NAAS,"NaaS Technology, Inc.",NASDAQ,,,537541598
GUT,Gabelli Utility Trust,NYSE,股权,,536314608
CEVA,"CEVA, Inc.",NASDAQ,半导体,,536209899
ZURA,Zura Bio Ltd.,NASDAQ,,,536076009
FFIC,Flushing Financial Corp.,NASDAQ,银行,,536038953
DPG,"Duff & Phelps Utility & Infrastructure Fund, Inc.",NYSE,股权,,535765991
QEFA,State Street SPDR MSCI EAFE StrategicFactors ETF,NYSE,股权,,535420322
VKQ,Invesco Municipal Trust,NYSE,股权,,534540989
FWAA,FIFTH WALL ACQUISITION CORP I,NASDAQ,,,534487279
NXTG,First Trust Indxx NextG ETF,NASDAQ,,,533916944
IMAB,I-Mab,NASDAQ,,,533682015
JKI,iShares Morningstar Mid-Cap Value ETF,NYSE,股权,,532566654
PV,Primavera Capital Acquisition Corp.,NYSE,,,532124979
EDIV,State Street SPDR S&P Emerging Markets Dividend ETF,NYSE,股权,,531573593
KVSB,KHOSLA VENTURES ACQUISITION II,NASDAQ,,,531170147
HKD,"AMTD Digital, Inc.",NYSE,,,531132018
RIGL,"Rigel Pharmaceuticals, Inc.",NASDAQ,生物技术和制药,,530930937
DRQ,"Dril-Quip, Inc.",NYSE,,,530908859
TSCAP,"TriState Capital Holdings, Inc.",NASDAQ,,,530537483
TRDA,"Entrada Therapeutics, Inc.",NASDAQ,,,530237750
CBIO,"Crescent Biopharma, Inc.",NASDAQ,,,529366103
NRIM,"Northrim BanCorp, Inc.",NASDAQ,银行,,528194662
UPB,"Upstream Bio, Inc.",NASDAQ,,,527873854
UIVM,VictoryShares USAA MSCI International Value Momentum ETF,AMEX,,,527647621
PSTL,"Postal Realty Trust, Inc.",NYSE,,,527170210
PFM,Invesco Dividend Achievers ETF,NYSE,股权,,526664846
TDAC,Translational Development Acquisition Corp.,NASDAQ,,,526471088
AAAU,Goldman Sachs Physical Gold ETF,AMEX,,,526073955
ANNA,"AleAnna, Inc.",NASDAQ,,,525902260
GEMI,Gemini Space Station  Inc.,NASDAQ,,,525536031
GSHT,"Gores Holdings II, Inc.",NASDAQ,,,525500011
RDVT,"Red Violet, Inc.",NASDAQ,,,525311980
CABO,"Cable One, Inc.",NYSE,,,525300778
SMMC,"BTRS Holdings, Inc.",NASDAQ,,,524999976
TMCXU,Trinity Merger Corp.,NASDAQ,,,524448193
TMFC,Motley Fool 100 Index ETF,AMEX,,,524237627
LRMR,"Larimar Therapeutics, Inc.",NASDAQ,,,523570155
SMLF,iShares U.S. Small-Cap Equity Factor ETF,NYSE,,,523416234
MOTV,Motive Capital Corp.,NYSE,,,523192482
EMBC,Embecta Corp.,NASDAQ,,,522910997
FDMT,"4D Molecular Therapeutics, Inc.",NASDAQ,,,522766980
TRC,Tejon Ranch Co.,NYSE,农业,,522531938
TATT,TAT Technologies Ltd.,NASDAQ,航空航天/国防,,522051927
FULC,"Fulcrum Therapeutics, Inc.",NASDAQ,,,521479631
MLR,"Miller Industries, Inc. (Tennessee)",NYSE,汽车制造,,521280105
CARE,"Carter Bankshares, Inc.",NASDAQ,,,520864646
NRGV,"Energy Vault Holdings, Inc.",NYSE,,,520654890
MLAB,"Mesa Laboratories, Inc.",NASDAQ,电子,,520216036
REAX,"The Real Brokerage, Inc.",NASDAQ,,,520135010
OWLS,"OBOOK Holdings, Inc.",NASDAQ,,,519661010
HOND,HCM II Acquisition Corp.,NASDAQ,,,518650026
UROY,Uranium Royalty Corp.,NASDAQ,,,518530344
AIQ,Global X Artificial Intelligence & Technology ETF,NYSE,卫生保健设施,,518277210
ECC,"Eagle Point Credit Co., Inc.",NYSE,,,518013010
SBEA,SilverBox Engaged Merger Corp. I,NASDAQ,,,517931260
AVR,Anteris Technologies Global Corp.,NASDAQ,,,517274560
VALN,Valneva SE,NASDAQ,,,516914986
NGA,Northern Genesis Acquisition Corp.,NYSE,,,516556215
AVK,Advent Convertible & Income Fund,NYSE,股权,,516539992
WIW,Western Asset Inflation-Linked Opportunities & Income Fund,NYSE,股权,,516393972
LMHB,"Legg Mason, Inc.",NYSE,,,515994489
ACNB,ACNB Corp.,NASDAQ,银行,,514879998
NGAB,NORTHERN GENESIS ACQ CORP II,NYSE,,,513877019
AGCC,Agencia Comercial Spirits Ltd.,NASDAQ,,,513415707
SVAC,STARBOARD VALUE ACQUISITION COR,NASDAQ,,,512872538
AGMB,AgomAb Therapeutics NV,NASDAQ,,,512223558
IBDQ,iShares iBonds Dec 2025 Term Corporate ETF,NYSE,,,511715342
IQI,Invesco Quality Municipal Income Trust,NYSE,股权,,511386002
JOUT,"Johnson Outdoors, Inc.",NASDAQ,,,511362991
DIAX,Nuveen Dow 30 Dynamic Overwrite Fund,NYSE,,,511319016
GUG,Guggenheim Active Allocation Fund,NYSE,,,510201908
MRAC,MARQUEE RAINE ACQUISITION CORP,NASDAQ,,,510169005
IIAC,INVESTINDUSTRIAL ACQUISITION CO,NYSE,,,510168767
BWB,"Bridgewater Bancshares, Inc.",NASDAQ,,,509745986
POCT,Innovator S&P 500 Power Buffer ETF - October,AMEX,,,509374731
HTRB,Hartford Total Return Bond ETF,AMEX,,,509219506
ASPI,"ASP Isotopes, Inc.",NYSE,,,508750066
BWMN,Bowman Consulting Group Ltd.,NASDAQ,,,508568230
LYEL,"Lyell Immunopharma, Inc.",NASDAQ,,,508092024
KELYB,"Kelly Services, Inc.",NASDAQ,,,507699081
XHE,SPDR S&P Health Care Equipment ETF,NYSE,股权,,507137813
RMR,"The RMR Group, Inc.",NASDAQ,,,506839808
KRNY,Kearny Financial Corp.,NASDAQ,储蓄及贷款,,505612766
MSBI,"Midland States Bancorp, Inc.",NASDAQ,,,505313544
BALY,Bally's Corp.,NYSE,,,505254110
NXJ,Nuveen New Jersey Quality Municipal Income Fund,AMEX,债务,,505227028
TLTE,FlexShares Morningstar Emerging Markets Factor Tilt Index,NASDAQ,股权,,505186686
ADGI,"Adagio Therapeutics, Inc.",NASDAQ,,,504973621
ETH,Grayscale Ethereum Mini Trust,NYSE,,,504943675
CLOU,Global X Cloud Computing ETF,NASDAQ,,,504833409
MCTA,Charming Medical Ltd.,NASDAQ,,,504260182
AQST,"Aquestive Therapeutics, Inc.",NASDAQ,,,504046013
FTAC,"Paya Holdings, Inc.",NASDAQ,,,503548870
FPI,"Farmland Partners, Inc.",NYSE,,,503482697
BLE,BlackRock Municipal Income Trust II,AMEX,股权,,503043000
WTI,"W&T Offshore, Inc.",NYSE,,,502868653
CBNK,"Capital Bancorp, Inc. (Maryland)",NASDAQ,银行,,501735988
HQL,abrdn Life Sciences Investors,NYSE,股权,,501698123
DMRL,DeltaShares S&P 500 Managed Risk ETF,AMEX,,,500990055
AHH,"Armada Hoffler Properties, Inc.",NYSE,,,500959000
ARKQ,Ark Industrial Innovation ETF,NYSE,,,500370529
CRD.A,Crawford & Co.,NYSE,,,499386017
DEH,D8 Holdings Corp.,NYSE,,,498956237
GTN,"Gray Media, Inc.",NYSE,媒体,,498492152
TRX,TRX Gold Corp.,NYSE,,,498167991
BSPE,BESPOKE CAPITAL ACQUISITION COR,NASDAQ,,,498147617
NWAX,New America Acquisition I Corp.,NYSE,,,498000000
CATX,"Perspective Therapeutics, Inc.",AMEX,,,497889102
FMAC,FirstMark Horizon Acquisition Corp.,NYSE,,,497834994
JKL,iShares Morningstar Small Cap Value ETF,NYSE,股权,,497610630
EIM,Eaton Vance Municipal Bond Fund,AMEX,股权,,497286774
BME,BlackRock Health Sciences Trust,NYSE,股权,,496673013
ANGX,ANGX,NYSE,,,496659239
STPC,STAR PEAK CORP II,NYSE,,,496584359
CRD.B,Crawford & Co.,NYSE,,,496465641
FVAC,MP Materials Corp.,NYSE,,,496455012
VCV,Invesco California Value Municipal Income Trust,NYSE,债务,,496369009
CVGW,"Calavo Growers, Inc.",NASDAQ,,,495468986
PML,PIMCO Municipal Income Fund II,NYSE,股权,,495379989
SPLB,SPDR Portfolio Long Term Corporate Bond ETF,AMEX,,,495019712
ACTG,Acacia Research Corp.,NASDAQ,计算机硬件,,494919013
BGB,Blackstone Strategic Credit 2027 Term Fund,NYSE,股权,,494881349
BGY,BlackRock Enhanced International Dividend Trust,NYSE,股权,,494754939
MVST,"Microvast Holdings, Inc.",NASDAQ,,,494729093
IHRT,"iHeartMedia, Inc.",NASDAQ,,,494106992
ACND,Ascendant Digital Acquisition Corp.,NYSE,,,492660052
BLW,BlackRock Ltd. Duration Income Trust,NYSE,股权,,492072602
TDTF,FlexShares iBoxx 5 Year Target Duration TIPS Index Fund,NYSE,股权,,491811926
RILYG,"BRC Group Holdings, Inc.",NASDAQ,,,491586904
HIVE,HIVE Digital Technologies Ltd.,NYSE,计算机硬件,,491318014
HBCP,"Home Bancorp, Inc.",NASDAQ,银行,,491254001
RADA,Rada Electronic Industries Ltd.,NASDAQ,电子,,490917608
PWFL,"PowerFleet, Inc.",NASDAQ,,,490589020
PEIX,"Alto Ingredients, Inc.",NASDAQ,能源-替代能源,,490338924
GRPN,"Groupon, Inc.",NASDAQ,互联网,,490144174
WYFI,"WhiteFiber, Inc.",NASDAQ,,,489925703
CPS,"Cooper-Standard Holdings, Inc.",NYSE,汽车制造,,489513174
MG,"MISTRAS Group, Inc.",NYSE,,,489098991
NPCE,"NeuroPace, Inc.",NASDAQ,,,488507423
VVR,Invesco Senior Income Trust,NYSE,股权,,487942024
CIVB,"Civista Bancshares, Inc.",NASDAQ,,,486657195
STTK,"Shattuck Labs, Inc.",NASDAQ,,,485205406
ZKH,ZKH Group Ltd.,NYSE,,,484821993
GDYN,"Grid Dynamics Holdings, Inc.",NASDAQ,,,484809405
OLP,"One Liberty Properties, Inc.",NYSE,房地产信托投资基金,,484687667
NGS,"Natural Gas Services Group, Inc.",NYSE,油气服务,,484497861
TWI,"Titan International, Inc.",NYSE,汽车部件与设备,,482740995
BLMN,"Bloomin' Brands, Inc.",NASDAQ,零售,,482462598
GMRE,"Global Medical REIT, Inc.",NYSE,,,482396987
BDGE,"Dime Community Bancshares, Inc.",NASDAQ,银行,,482345926
MLAA,Mountain Lake Acquisition Corp. II,NASDAQ,,,481963207
IMMX,"Immix Biopharma, Inc.",NASDAQ,,,481879924
FYC,First Trust Small Cap Growth AlphaDEX Fund,NYSE,股权,,481765156
BBW,"Build-A-Bear Workshop, Inc.",NYSE,,,481454991
PLT,Defiance Leveraged Long + Income PLTR ETF,NYSE,计算机硬件,,480142259
MAAC,MONTES ARCHIMEDES ACQUISITION C,NASDAQ,,,480026953
FLCO,Franklin Investment Grade Corporate ETF,AMEX,,,478753225
VSTM,"Verastem, Inc.",NASDAQ,生物技术和制药,,478701295
GEVO,"Gevo, Inc.",NASDAQ,,,478356593
FRAC,"Keane Group, Inc.",NYSE,,,477818834
CHW,Calamos Global Dynamic Income Fund,NYSE,环球,,477705616
QNC,Quantum eMotion Corp.,NYSE,,,477678715
PICK,iShares MSCI Global Metals & Mining Producers ETF,NYSE,环球,,476859694
IMXI,"International Money Express, Inc.",NASDAQ,,,476160008
THW,abrdn World Healthcare Fund,NYSE,,,476052023
KMDA,Kamada Ltd.,NASDAQ,生物技术和制药,,475909962
GHY,"PGIM Global High Yield Fund, Inc.",NYSE,环球,,475880014
AVIR,"Atea Pharmaceuticals, Inc.",NASDAQ,,,475642319
INN,"Summit Hotel Properties, Inc.",NYSE,房地产信托投资基金,,475450232
EIKN,"Eikon Therapeutics, Inc.",NASDAQ,,,475336498
CTNM,"Contineum Therapeutics, Inc.",NASDAQ,,,475287708
VLCN,"Volcon, Inc.",NASDAQ,,,475165764
QK,Q&K International Group Ltd.,NASDAQ,,,474608370
TMCX,Trinity Merger Corp.,NASDAQ,,,474375000
KRSP,Rice Acquisition Corp. 3,NYSE,,,474286825
TFLO,iShares Treasury Floating Rate Bond ETF,NYSE,股权,,474031485
PANL,Pangaea Logistics Solutions Ltd.,NASDAQ,,,472906982
NEBU,Nebula Acquisition Corp.,NASDAQ,,,472656250
TWNT,Tailwind Two Acquisition Corp.,NYSE,,,472650002
ADCT,ADC Therapeutics SA,NYSE,,,472605172
MNRO,"Monro, Inc.",NASDAQ,商业服务,,472509442
FBIZ,"First Business Financial Services, Inc.",NASDAQ,银行,,471369726
EWM,iShares MSCI Malaysia ETF,NYSE,股权,,471064117
GMII,GORES METROPOULOS II INC,NASDAQ,,,470812494
GOTU,"Gaotu Techedu, Inc.",NYSE,,,470339020
OFIX,"Orthofix Medical, Inc.",NASDAQ,医疗保健产品,,470090890
ACAM,"CarLotz, Inc.",NASDAQ,,,469818827
IMPX,AEA-Bridges Impact Corp.,NYSE,,,469500017
DCRN,DECARBONIZATION PLUS ACQU CORP,NASDAQ,,,469415621
ALOY,"REalloys, Inc.",NASDAQ,,,469072721
ANSC,Agriculture & Natural Solutions Acquisition Corp.,NASDAQ,,,469067999
THBR,Thunder Bridge Acquisition II Ltd.,NASDAQ,,,468768745
IFN,"The India Fund, Inc.",NYSE,股权,,468564992
NLST,"Netlist, Inc.",NASDAQ,半导体,,468443010
GLOO,"Gloo Holdings, Inc.",NASDAQ,,,468150702
LXEO,"Lexeo Therapeutics, Inc.",NASDAQ,,,467489363
CHCT,"Community Healthcare Trust, Inc.",NYSE,,,467434567
DHIL,"Diamond Hill Investment Group, Inc.",NASDAQ,,,467110057
CLTL,Invesco Treasury Collateral ETf,AMEX,,,466944145
FM,iShares Frontier & Select EM ETF,NASDAQ,股权,,466782730
DEPO,"Depomed, Inc.",NASDAQ,生物技术和制药,,466585104
VBNK,VersaBank,NASDAQ,,,466289758
DMYQ,"dMY Technology Group, Inc. IV",NYSE,,,466181268
EQV,EQV Ventures Acquisition Corp.,NYSE,,,466005484
NRCG,US Ecology Group Holdings Corp.,AMEX,,,465736704
PFFD,Global X U.S. Preferred ETF,AMEX,,,465726089
LDI,"loanDepot, Inc.",NYSE,,,465689959
MDRX,"Veradigm, Inc.",NASDAQ,软件,,465429991
CRAN,Crane Harbor Acquisition Corp. II,NASDAQ,,,464778993
CCSI,"Consensus Cloud Solutions, Inc.",NASDAQ,,,464553196
AIRTP,"Air T, Inc.",NASDAQ,,,464437344
SMIN,iShares MSCI India Small Cap ETF,AMEX,股权,,464175197
HPS,John Hancock Preferred Income Fund III,NYSE,股权,,463679982
CMCL,Caledonia Mining Corp. Plc,AMEX,,,462932956
VACQ,VECTOR ACQUISITION CORP,NASDAQ,,,462799988
SFST,"Southern First Bancshares, Inc.",NASDAQ,银行,,462775983
ASTL,"Algoma Steel Group, Inc.",NASDAQ,,,462758051
AAV,Advantage Oil & Gas Ltd.,NYSE,油气,,461635000
GTEN,"Gores Holdings X, Inc.",NASDAQ,,,461567990
IYZ,iShares U.S. Telecommunications ETF,NYSE,股权,,460644418
NBB,Nuveen Taxable Municipal Income Fund,NYSE,股权,,460321812
KOPN,Kopin Corp.,NASDAQ,半导体,,460002813
CFVI,CF Acquisition Corp. VI,NASDAQ,,,459927999
ESD,Western Asset Emerging Markets Debt Fund,NYSE,环球,,459756567
NSCO,"Nesco Holdings, Inc.",NYSE,,,459615659
ESEA,Euroseas Ltd.,NASDAQ,运输,,459408416
LAES,SEALSQ Corp.,NASDAQ,,,459241895
CYRX,"CryoPort, Inc.",NASDAQ,,,459175005
CCAP,"Crescent Capital BDC, Inc.",NASDAQ,,,459159007
DIV,Global X SuperDividend US ETF,AMEX,,,458902149
SBC,"SBC Medical Group Holdings, Inc.",NASDAQ,,,458518914
IAT,iShares U.S. Regional Banks ETF,NYSE,股权,,457984407
CPAAU,Conyers Park III Acquisition Corp.,NASDAQ,,,457852510
PDN,Invesco FTSE RAFI Developed Markets ex-US Small-Mid ETF,NYSE,股权,,457274752
BDN,Brandywine Realty Trust,NYSE,,,456828492
BSRR,Sierra Bancorp,NASDAQ,银行,,456384877
YEXT,"Yext, Inc.",NYSE,,,455143529
YORW,The York Water Co.,NASDAQ,,,454550992
CBAH,CBRE ACQUISITION HLDGS INC,NYSE,,,454321875
EROS,Eros International Plc,NYSE,,,453831557
EMX,EMX Royalty Corp.,AMEX,,,453290985
EB,"Eventbrite, Inc.",NYSE,,,452958170
ASMB,"Assembly Biosciences, Inc.",NASDAQ,,,452562985
BMBL,"Bumble, Inc.",NASDAQ,,,451759004
SMLV,State Street SPDR US Small Cap Low Volatility Index ETF,AMEX,,,451693325
SPHB,Invesco S&P 500 High Beta ETF,NYSE,股权,,451556414
SFTW,Osprey Technology Acquisition Corp.,NYSE,,,451051556
MBUU,"Malibu Boats, Inc.",NASDAQ,,,449251213
KIO,KKR Income Opportunities Fund,NYSE,,,449197004
DNAA,Social Capital Suvretta Holdings Corp. I,NASDAQ,,,448692276
GBLIL,GBLI Holdings LLC (Pennsylvania),NASDAQ,,,448490078
GOGN,GoGreen Investments Corp.,NYSE,,,447937500
OBT,"Orange County Bancorp, Inc.",NYSE,汽车制造,,447174562
XRN,"Chiron Real Estate, Inc.",NYSE,,,446940215
ABSI,Absci Corp.,NASDAQ,,,446822100
IGD,Voya Global Equity Dividend & Premium Opportunity Fund,NYSE,环球,,446395777
QELL,QELL ACQUISITION CORP,NASDAQ,,,446386868
ARTAU,Artisan Acquisition Corp.,NASDAQ,,,445765562
ETO,Eaton Vance Tax-Advantaged Global Dividend Opportunities Fund,NYSE,环球,,445757013
APXT,Apex Treasury Corp.,NASDAQ,,,445595538
CZA,Invesco Zacks Mid Cap ETF,NYSE,股权,,444920850
HFXI,NYLI FTSE International Equity Currency Neutral ETF,NYSE,,,444733561
TDUP,"thredUP, Inc.",NASDAQ,,,444629052
ORN,"Orion Group Holdings, Inc.",NYSE,工程建设,,444618819
AHRT,"AH Realty Trust, Inc.",NYSE,,,444348555
VREX,Varex Imaging Corp.,NASDAQ,,,443926791
GSRT,GSR III Acquisition Corp.,NASDAQ,,,443735453
LAAC,Lithium Americas (Argentina) Corp.,NYSE,,,443686103
QQQE,Direxion NASDAQ-100 Equal Weighted Index ETF,NASDAQ,股权,,443620710
DDI,"DoubleDown Interactive Co., Ltd.",NASDAQ,,,443503279
FAII,Fortress Value Acquisition Corp. II,NYSE,,,443324988
MYGN,"Myriad Genetics, Inc.",NASDAQ,,,443228681
SPNV,SUPERNOVA PARTNERS ACQUISTN CO,NYSE,,,442750010
NQP,Nuveen Pennsylvania Quality Municipal Income Fund,NYSE,债务,,442519679
NGCA,NextGen Acquisition Corp. II,NASDAQ,,,442374969
BLND,"Blend Labs, Inc.",NYSE,,,442237008
MATV,"Mativ Holdings, Inc.",NYSE,,,441694011
SNII,Supernova Partners Acquisition Co. II Ltd.,NYSE,,,441599990
ARTA,Artisan Acquisition Corp.,NASDAQ,,,441373828
HEC,Hudson Executive Investment Corp.,NASDAQ,,,440910024
CATS,"Catasys, Inc.",NASDAQ,,,440768340
DCBO,"Docebo, Inc.",NASDAQ,,,440745668
VNDA,"Vanda Pharmaceuticals, Inc.",NASDAQ,制药,,440354768
MBINP,Merchants Bancorp (Indiana),NASDAQ,,,440125110
BPYPM,Brookfield Property Preferred LP,NASDAQ,,,440026526
JCIC,Jack Creek Investment Corp.,NASDAQ,,,439439452
SCVL,"Shoe Carnival, Inc.",NASDAQ,零售,,439237986
MBVIU,M3-Brigade Acquisition VI Corp.,NASDAQ,,,438581253
ISD,"PGIM High Yield Bond Fund, Inc.",NYSE,股权,,438173565
HCCC,Healthcare Capital Corp. (Delaware),NASDAQ,,,437936995
ARMP,"Armata Pharmaceuticals, Inc.",AMEX,,,437761654
TWNI,Tailwind International Acquisition Corp.,NYSE,,,436424995
NEWTI,"NewtekOne, Inc.",NASDAQ,,,435800000
ELA,Envela Corp.,NYSE,,,435667145
NATR,"Nature's Sunshine Products, Inc.",NASDAQ,生物技术和制药,,434888985
PACB,"Pacific Biosciences of California, Inc.",NASDAQ,,,434877558
TPNL,"3PEA International, Inc.",NASDAQ,,,434139461
GIIXU,"Gores Holdings VIII, Inc.",NASDAQ,,,433842348
MBVI,M3-Brigade Acquisition VI Corp.,NASDAQ,,,433837518
LMRKN,Landmark Infrastructure Partners LP,NASDAQ,,,433458716
LAND,Gladstone Land Corp.,NASDAQ,,,432473991
LBIO,"Lion Biotechnologies, Inc.",NASDAQ,,,432296938
BBNX,"Beta Bionics, Inc.",NASDAQ,,,431837881
COFS,"ChoiceOne Financial Services, Inc.",NASDAQ,,,431778987
AUNA,Auna SA,NYSE,,,430015317
IACO,Idea Acquisition Corp.,NASDAQ,,,429624987
PTSI,"P.A.M. Transportation Services, Inc.",NASDAQ,运输,,429551556
IPAX,Inflection Point Acquisition Corp.,NASDAQ,,,429499378
RR,"Richtech Robotics, Inc.",NASDAQ,,,429304249
CBAN,"Colony Bankcorp, Inc.",NASDAQ,银行,,429041215
ITIC,Investors Title Co.,NASDAQ,保险,,428970057
ETB,Eaton Vance Tax-Managed Buy-Write Income Fund,NYSE,股权,,428577009
BCARU,D. Boral Arc Acquisition I Corp.,NASDAQ,,,428479984
YAC,Yucaipa Acquisition Corp.,NYSE,,,428231263
XRT,SPDR S&P Retail ETF,NYSE,股权,,427830742
BTBT,"Bit Digital, Inc.",NASDAQ,,,427816120
DVLT,"Datavault AI, Inc.",NASDAQ,,,427251410
CYH,"Community Health Systems, Inc.",NYSE,健康护理服务,,427020059
MOSC,Mosaic Acquisition Corp.,NYSE,,,426937484
MESH,Meshflow Acquisition Corp.,NASDAQ,,,426506265
DBCA,D. Boral Acquisition I Corp.,NASDAQ,,,426223592
MDCA,"MDC Partners, Inc.",NASDAQ,媒体内容,,426042255
SHAZ,"SharonAI Holdings, Inc.",NASDAQ,,,425645982
AURA,"Aura Biosciences, Inc.",NASDAQ,,,425317610
KRAQ,KRAKacquisition Corp.,NASDAQ,,,425212485
BGR,BlackRock Energy & Resources Trust,NYSE,股权,,425118042
HYMB,SPDR Nuveen ICE High Yield Municipal Bond ETF,NYSE,股权,,424292608
FDD,First Trust Stoxx European Select Dividend Index Fund,NYSE,资产配置,,423938858
LOKB,LIVE OAK ACQUISITION CORP II,NYSE,,,423142504
OPAL,"OPAL Fuels, Inc.",NASDAQ,,,423096393
FRPH,"FRP Holdings, Inc.",NASDAQ,,,423026486
PTLO,"Portillo's, Inc.",NASDAQ,,,422851516
BMRC,Bank of Marin Bancorp,NASDAQ,银行,,422835980
PLAY,"Dave & Buster's Entertainment, Inc.",NASDAQ,,,422430989
HPI,John Hancock Preferred Income Fund,NYSE,股权,,422385857
DNA,"Ginkgo Bioworks Holdings, Inc.",NYSE,生物技术和制药,,422324091
FTLS,First Trust Long/Short Equity ETF,NYSE,,,422286794
PDAC,PERIDOT ACQUISITION CORP,NYSE,,,421124983
GRVY,Gravity Co. Ltd.,NASDAQ,媒体内容,,420199991
NYF,iShares New York AMT-Free Municipal Bond ETF,NYSE,债务,,419089028
MTW,"The Manitowoc Co., Inc.",NYSE,机械-多元,,419049257
LDUR,PIMCO Low Duration ETF,NYSE,环球,,418980004
DFP,"Flaherty & Crumrine Dynamic Preferred & Income Fund, Inc.",NYSE,股权,,418566991
HCARU,Healthcare Services Acquisition Corp.,NASDAQ,,,418140016
FTIV,FinTech Acquisition Corp. IV,NASDAQ,,,418053993
PDLB,"Ponce Financial Group, Inc.",NASDAQ,,,417429521
VOSO,VIRTUOSO ACQUISITION CORP,NASDAQ,,,417162507
HYAC,Haymaker Acquisition Corp. 4,NASDAQ,,,417115634
EPRX,"Eupraxia Pharmaceuticals, Inc.",NASDAQ,,,416376663
AIOT,"PowerFleet, Inc.",NASDAQ,,,415856546
MSB,Mesabi Trust,NYSE,钢铁,,415641921
WTBA,"West Bancorporation, Inc.",NASDAQ,银行,,414879821
GLAD,Gladstone Capital Corp.,NASDAQ,投资公司,,414808797
XPDI,Power & Digital Infrastructure Acquisition Corp.,NASDAQ,,,414000016
NGAC,NEXTGEN ACQUISITION CORP,NASDAQ,,,413906246
ATAX,America First Multifamily Investors LP,NASDAQ,,,413802690
CYBN,"Cybin, Inc.",NYSE,,,413123391
EVN,Eaton Vance Municipal Income Trust,NYSE,股权,,413030602
CLII,CLIMATE CHANGE CRISIS REAL IMPA,NYSE,,,412849990
NATH,"Nathan's Famous, Inc.",NASDAQ,零售,,412797911
OAC,"Hims & Hers Health, Inc.",NYSE,,,412059354
XOMA,XOMA Royalty Corp.,NASDAQ,生物技术和制药,,412046034
OSPN,"OneSpan, Inc.",NASDAQ,,,411761739
BGS,"B&G Foods, Inc.",NYSE,食品,,411704715
SGU,Star Group LP,NYSE,零售,,411646009
TITN,"Titan Machinery, Inc.",NASDAQ,,,410806010
CZNC,Citizens & Northern Corp.,NASDAQ,银行,,409965451
USVM,VictoryShares US Small Mid Cap Value Momentum ETF,AMEX,,,409864179
KFII,K&F Growth Acquisition Corp. II,NASDAQ,,,409833229
LSAK,"Lesaka Technologies, Inc.",NASDAQ,,,409533206
FFA,First Trust Enhanced Equity Income Fund,NYSE,股权,,409155984
NFC,New Frontier Corp.,NYSE,债务,,409075861
PPHC,"Public Policy Holding Co., Inc.",NASDAQ,,,408763622
SPRQ,SPARTAN ACQUISITION CORP. II,NYSE,,,407962502
CDZI,"Cadiz, Inc.",NASDAQ,,,407944987
FRBA,"First Bank (Hamilton, New Jersey)",NASDAQ,,,407636851
BSN,BROADSTONE ACQUISITION CORP.,NYSE,,,407579527
OMAD,Ranpak Holdings Corp.,NYSE,,,407550024
MGPI,"MGP Ingredients, Inc.",NASDAQ,,,407396694
PSAC,Property Solutions Acquisition Corp.,NASDAQ,,,406737472
MUA,"BlackRock MuniAssets Fund, Inc.",NYSE,股权,,406331012
IPSC,"Century Therapeutics, Inc.",NYSE,,,406173411
NWTN,"NWTN, Inc.",NASDAQ,,,406157569
TSIA,TS INNOVATION ACQUISITIONS CORP,NASDAQ,,,406124997
CFI,Culp Inc,NYSE,纺织品,,405779259
EBS,"Emergent BioSolutions, Inc.",NYSE,生物技术,,405409281
SMLP,Summit Midstream Partners LP,NYSE,,,405182494
IPV,"Aeva Technologies, Inc.",NYSE,,,404963719
GMBT,Queen's Gambit Growth Capital,NASDAQ,,,404512514
BWFG,"Bankwell Financial Group, Inc.",NASDAQ,银行,,404502912
LND,BrasilAgro Cia Brasileira de Propriedades Agricolas,NYSE,,,404438924
BSCG,Guggenheim BulletShares 2016 Corporate Bond ETF,NYSE,股权,,404180493
SPKEP,"Spark Energy, Inc.",NASDAQ,,,403967175
CSWCL,Capital Southwest Corporation 5.95% Notes due 2022,NASDAQ,,,402684189
OOMA,"Ooma, Inc.",NYSE,,,402600024
PUBM,"PubMatic, Inc.",NASDAQ,,,402472030
BXC,"BlueLinx Holdings, Inc.",NYSE,销售/批发,,401915988
CECE,CECO Environmental Corp.,NASDAQ,,,401913267
WEAV,"Weave Communications, Inc.",NYSE,,,401894413
PGH,Pengrowth Energy Corp.,NYSE,,,401744554
CINR,Ciner Resources LP,NYSE,,,401692307
VACH,Voyager Acquisition Corp.,NASDAQ,,,401637494
CCIR,Cohen Circle Acquisition Corp. I,NASDAQ,,,401573994
TINV,Tiga Acquisition Corp.,NYSE,,,401235004
GBLI,Global Indemnity Group LLC,NASDAQ,保险,,401105961
SNPR,TORTOISE ACQUISITION CORP. II,NYSE,,,401062508
CLBR,Colombier Acquisition Corp. III,NYSE,,,400967042
ANGO,"AngioDynamics, Inc.",NASDAQ,医疗保健产品,,400792983
CO,Global Cord Blood Corp.,NYSE,卫生保健设施,,400086148
RNGR,"Ranger Energy Services, Inc.",NYSE,,,399787974
HTT,High Templar Tech Ltd.,NYSE,,,399606123
STRN,SMART Trend 25 ETF,NASDAQ,环境控制,,399187470
PNRG,PrimeEnergy Resources Corp.,NASDAQ,,,399103510
ENPC,Executive Network Partnering Corp.,NYSE,,,399063500
CMCO,Columbus McKinnon Corp.,NASDAQ,,,399035555
SILJ,Amplify Junior Silver Miners ETF,NASDAQ,环球,,398445451
SOAC,Sustainable Opportunities Acquisition Corp.,NYSE,,,398249996
AVBC,"Avidia Bancorp, Inc.",NYSE,,,397509735
PRTH,"Priority Technology Holdings, Inc.",NASDAQ,,,397438287
CIGL,Concorde International Group Ltd.,NASDAQ,,,397224569
KURI,ALKURI GLOBAL ACQUISITION CORP,NASDAQ,,,396749992
GBAB,Guggenheim Taxable Municipal Bond & Investment Grade Debt Tr.,NYSE,,,396730573
VNM,VanEck Vectors Vietnam ETF,NYSE,股权,,396503436
GCBC,"Greene County Bancorp, Inc.",NASDAQ,银行,,396044023
LMRKO,Landmark Infrastructure Partners LP,NASDAQ,,,395831138
COVA,COVA Acquisition Corp.,NASDAQ,,,395625007
AMBC,"Ambac Financial Group, Inc.",NASDAQ,,,395622664
JPEM,JPMorgan Diversified Return Emerging Markets Equity ETF,AMEX,,,395473905
PSNYW,Polestar Automotive Holding UK Plc,NASDAQ,,,395455011
MVF,"BlackRock MuniVest Fund, Inc.",AMEX,股权,,395229469
RBBN,"Ribbon Communications, Inc.",NASDAQ,,,395110179
NPAC,New Providence Acquisition Corp. III (Cayman Islands),NASDAQ,,,395041588
SOHU,Sohu.com Ltd.,NASDAQ,互联网,,394945673
NAUT,"Nautilus Biotechnology, Inc.",NASDAQ,,,394880985
RZV,Invesco S&P Smallcap 600 Pure Value ETF,NYSE,股权,,394723880
ATNI,"ATN International, Inc.",NASDAQ,电信,,394332896
MEVO,M Evo Global Acquisition Corp II,NASDAQ,,,394000015
VHI,"Valhi, Inc.",NYSE,化学制品,,393967921
LEO,"BNY Mellon Strategic Municipals, Inc.",NYSE,股权,,393678025
LMRKP,Landmark Infrastructure Partners LP,NASDAQ,,,393435079
VKI,Invesco Advantage Municipal Income Trust II,AMEX,股权,,392993294
KREF,"KKR Real Estate Finance Trust, Inc.",NYSE,,,392724187
CLRG,IQ Chaikin U.S. Large Cap ETF,NASDAQ,,,392327675
IBDR,iShares iBonds Dec 2026 Term Corporate ETF,AMEX,,,392226000
LCAA,L Catterton Asia Acquisition Corp.,NASDAQ,,,391065060
GBFH,"GBank Financial Holdings, Inc.",NASDAQ,,,390988999
WALDU,Waldencast Acquisition Corp.,NASDAQ,,,390928107
ARGU,Argus Capital Corp.,NASDAQ,,,390842007
DXYZ,"Destiny Tech100, Inc.",NYSE,,,390710239
FRA,"BlackRock Floating Rate Income Strategies Fund, Inc.",NYSE,股权,,390256292
DMYI,DMY TECH GRP INC III,NYSE,,,389999986
QLTA,iShares Aaa-A Rated Corporate Bond ETF,NYSE,股权,,389964505
ENTA,"Enanta Pharmaceuticals, Inc.",NASDAQ,生物技术和制药,,389729812
VRML,"Vermillion, Inc.",NASDAQ,医疗保健产品,,389511560
GPAT,GP-Act III Acquisition Corp.,NASDAQ,,,389203122
AMSWA,"American Software, Inc.",NASDAQ,软件,,388509651
RWGE,Regalwood Global Energy Ltd.,NYSE,,,388406253
VEC,"Vectrus, Inc.",NYSE,,,388387615
ALF,Centurion Acquisition Corp.,NASDAQ,,,388125007
MBAVU,M3-Brigade Acquisition V Corp.,NASDAQ,,,388125007
FCAC,FALCON CAP ACQUISITION CORP,NASDAQ,,,388125000
FOUN,Founder SPAC,NASDAQ,,,387802021
MBAV,M3-Brigade Acquisition V Corp.,NASDAQ,,,387765624
NMRA,"Neumora Therapeutics, Inc.",NASDAQ,,,387747234
TPGS,TPG Pace Solutions Corp.,NYSE,,,387700031
NRC,National Research Corp.,NYSE,,,387598626
BLDE,"Strata Critical Medical, Inc.",NASDAQ,,,386420213
BRBI,BRBI BR Partners SA,NASDAQ,,,386121997
HOL,"Holicity, Inc.",NASDAQ,,,385937512
BIGC,"BigCommerce Holdings, Inc.",NASDAQ,,,385914015
PFL,PIMCO Income Strategy Fund,NYSE,股权,,385712000
ANTE,"AirNet Technology, Inc.",NASDAQ,,,385286399
BOC,Boston Omaha Corp.,NYSE,,,385165965
ZKP,Lafayette Digital Acquisition Corp. I,NASDAQ,,,385069020
CLMB,"Climb Global Solutions, Inc.",NASDAQ,,,385035990
EAD,Allspring Income Opportunities Fund,AMEX,股权,,384691017
ZUMZ,"Zumiez, Inc.",NASDAQ,零售,,384362566
PERI,Perion Network Ltd.,NASDAQ,软件,,384257235
SONS,Sonus Networks,NASDAQ,计算机硬件,,384202436
BBCQ,Bleichroeder Acquisition Corp. II,NASDAQ,,,384100014
RYU,Invesco S&P 500 Equal Weight Utilities ETF,NYSE,股权,,384018923
HVT.A,"Haverty Furniture Cos., Inc.",NYSE,,,383930557
GBL,"GAMCO Investors, Inc.",NYSE,多元化金融服务,,383760166
NC,"NACCO Industries, Inc.",NYSE,,,383510286
RDAG,Republic Digital Acquisition Co.,NASDAQ,,,382875001
FORE,Foresight Acquisition Corp.,NASDAQ,,,382643904
TWN,"The Taiwan Fund, Inc.",NYSE,股权,,382349009
WENN,Wen Acquisition Corp.,NASDAQ,,,382315986
HDGE,AdvisorShares Ranger Equity Bear ETF,NYSE,股权,,382203020
MACQ,MCAP Acquisition Corp.,NASDAQ,,,381871869
NOA,North American Construction Group Ltd.,NYSE,,,381174284
ECX,"ECARX Holdings, Inc.",NASDAQ,,,381059984
BRBS,"Blue Ridge Bankshares, Inc. (Virginia)",AMEX,,,380890009
CDRO,Codere Online Luxembourg SA,NASDAQ,,,380841214
CMBS,iShares CMBS ETF,NYSE,股权,,380358897
MGRT,"Mega Fortune Co., Ltd.",NASDAQ,,,380187495
ISSC,"Innovative Solutions & Support, Inc.",NASDAQ,航空航天/国防,,379923013
RCKT,"Rocket Pharmaceuticals, Inc.",NASDAQ,,,379747002
CLDT,Chatham Lodging Trust,NYSE,,,379612987
NINE,"Nine Energy Service, Inc.",NASDAQ,软件,,379403012
BSCP,Invesco Bulletshares 2025 Corporate Bond ETF,NYSE,,,378965624
LCTX,"Lineage Cell Therapeutics, Inc.",AMEX,,,378613039
IYC,iShares U.S. Consumer Discretionary ETF,NYSE,股权,,378511418
ARKG,ARK Genomic Revolution Multi-Sector ETF,NYSE,,,378187978
NEBC,NEBULA CARAVEL ACQUISITION CORP,NASDAQ,,,377781242
SLVP,iShares MSCI Global Silver Miners ETF,NYSE,环球,,377708404
NEWM,"New Media Investment Group, Inc.",NYSE,媒体内容,,377019109
BRKH,BurTech Acquisition Corp.,NASDAQ,,,376337490
PRTC,PureTech Health Plc,NASDAQ,,,375892092
FAD,First Trust Multi Cap Growth AlphaDEX Fund,NYSE,股权,,375558900
MPLN,MultiPlan Corp.,NYSE,,,374984249
CGC,Canopy Growth Corp.,NYSE,,,374877519
SVFC,SVF Investment Corp. 3,NASDAQ,,,373464016
HORIU,Emerging Markets Horizon Corp.,NASDAQ,,,373391011
GNE,Genie Energy Ltd.,NYSE,电力,,372783995
GIWWU,GigCapital8 Corp.,NASDAQ,,,372744013
IBEX,IBEX Ltd.,NASDAQ,,,372405355
HELE,Helen of Troy Ltd.,NASDAQ,,,371922013
XWIN,"XMAX, Inc.",NASDAQ,,,371828549
MEC,"Mayville Engineering Co., Inc.",NYSE,,,371013441
VMD,"Viemed Healthcare, Inc.",NASDAQ,,,370970973
HCAC,Hall Chadwick Acquisition Corp.,NASDAQ,,,370833443
VRIG,"Invesco Act. Man, ETF Tr. - Variable Rate Investment Grade ETF",NASDAQ,,,370087798
MYN,"BlackRock MuniYield New York Quality Fund, Inc.",NYSE,债务,,369721989
AKBA,"Akebia Therapeutics, Inc.",NASDAQ,生物技术和制药,,369673349
SWBK,SWITCHBACK II CORP,NYSE,,,369614865
GQRE,FlexShares Global Quality Real Estate Index,NYSE,环球,,369358011
HACQ,HCM IV Acquisition Corp.,NASDAQ,,,369265004
NEXN,Nexxen International Ltd.,NASDAQ,,,368871551
SONA,Primis Financial Corp.,NASDAQ,银行,,368777648
CBK,"Commercial Bancgroup, Inc.",NASDAQ,,,368749811
QUAD,"Quad/Graphics, Inc.",NYSE,,,368459800
POND,Angel Pond Holdings Corp.,NYSE,,,368402009
SOR,Source Capital,NYSE,股权,,368115332
AZ,A2Z Cust2Mate Solutions Corp.,NASDAQ,,,367496250
CAL,"Caleres, Inc.",NYSE,,,367188306
RVACU,Riverview Acquisition Corp.,NASDAQ,,,367187500
DBP,Invesco DB Precious Metals Fund,NYSE,环球,,367139350
AUSF,Global X Adaptive U.S. Factor ETF,AMEX,,,366603855
TRMR,Tremor International Ltd.,NYSE,,,365929997
GAINM,Gladstone Investment Corp.,NASDAQ,,,365756481
SCRM,Screaming Eagle Acquisition Corp.,NASDAQ,,,365719015
FVRR,Fiverr International Ltd.,NYSE,,,364899875
IVVD,"Invivyd, Inc.",NASDAQ,,,364816972
TZPS,TZP Strategies Acquisition Corp.,NASDAQ,,,364765611
GIXXU,GigCapital9 Corp.,NASDAQ,,,364737137
BSJG,Guggenheim BulletShares 2016 High Yield Corporate Bond ETF,NASDAQ,股权,,364241680
SPFR,JAWS SPITFIRE ACQUISITION CORP,NYSE,,,363974982
VOXR,Vox Royalty Corp.,NASDAQ,,,363795241
FBRX,"Forte Biosciences, Inc.",NASDAQ,,,363387933
AII,"American Integrity Insurance Group, Inc.",NYSE,,,363190583
AVTX,"Avalo Therapeutics, Inc.",NASDAQ,,,362792158
ELVA,"Electrovaya, Inc.",NASDAQ,,,362608593
CADL,"Candel Therapeutics, Inc.",NASDAQ,,,362571988
APPS,"Digital Turbine, Inc.",NASDAQ,,,362097795
FOF,"Cohen & Steers Closed-End Opportunity Fund, Inc.",NYSE,股权,,361998502
SDHI,Siddhi Acquisition Corp.,NASDAQ,,,361966832
AUTL,Autolus Therapeutics Plc,NASDAQ,,,361954873
LX,LexinFintech Holdings Ltd.,NASDAQ,,,361766543
CAEP,"Cantor Equity Partners III, Inc.",NASDAQ,,,361674815
SCPE,SC Health Corp.,NYSE,,,361350003
LAB,"Standard BioTools, Inc.",NASDAQ,,,360816148
MCI,Barings Corporate Investors,NYSE,股权,,360569181
CENH,CENTRICUS ACQUISITION CORP,NASDAQ,,,360094017
OIM,OneIM Acquisition Corp.,NASDAQ,,,360093766
TAX,Cambria Tax Aware ETF,NASDAQ,商业服务,,360083862
DGNS,DRAGONEER GROWTH OPP CORP II,NASDAQ,,,359569995
ALUB,Alussa Energy Acquisition Corp. II,NYSE,,,359375000
FMAO,"Farmers & Merchants Bancorp, Inc. (Ohio)",NASDAQ,,,359100018
MNPR,"Monopar Therapeutics, Inc.",NASDAQ,,,358765629
NUS,"Nu Skin Enterprises, Inc.",NYSE,,,358498389
HIX,"Western Asset High Income Fund II, Inc.",NYSE,股权,,358477002
TECL,Direxion Daily Technology Bull 3x ETF,NASDAQ,环球,,358400077
FVR,"FrontView REIT, Inc.",NYSE,,,358123713
BBCP,"Concrete Pumping Holdings, Inc.",NASDAQ,,,358119502
NAGE,"Niagen Bioscience, Inc.",NASDAQ,,,357959711
OEC,Orion SA,NYSE,,,357900752
LTBR,Lightbridge Corp.,NASDAQ,能源-替代能源,,357604285
TOYO,TOYO Co. Ltd.,NASDAQ,,,357208132
TSSI,"TSS, Inc.",NASDAQ,,,356890706
RAAC,REVOLUTION ACCELERATION ACQSTN,NASDAQ,,,356500004
XNET,Xunlei Ltd.,NASDAQ,媒体内容,,356390004
CLFD,"Clearfield, Inc.",NASDAQ,电信,,355820686
AENT,Alliance Entertainment Holding Corp.,NASDAQ,,,355682653
SAR,Saratoga Investment Corp.,NYSE,,,355634421
XPOF,"Xponential Fitness, Inc.",NYSE,,,355612500
CCII,Cohen Circle Acquisition Corp. II,NASDAQ,,,355606663
CION,CION Investment Corp.,NYSE,,,355495527
KTF,DWS Municipal Income Trust,NYSE,股权,,355297629
GIG,GigCapital7 Corp.,NYSE,计算机硬件,,355166654
TACH,Titan Acquisition Corp.,NASDAQ,,,355004999
THCB,Tuscan Holdings Corp.,NASDAQ,,,354705120
PBYI,"Puma Biotechnology, Inc.",NYSE,生物技术和制药,,354609097
STIC,NORTHERN STAR ACQ CORP,NYSE,,,354499988
CGCT,Cartesian Growth Corp. III,NASDAQ,,,354315016
CTRN,"Citi Trends, Inc.",NASDAQ,零售,,354089384
CERS,Cerus Corp.,NASDAQ,医疗保健产品,,353596006
GRIF,"Griid Infrastructure, Inc.",NASDAQ,农业,,353581375
VIOV,Vanguard S&P Small-Cap 600 Value ETF,NYSE,股权,,353337900
ENFA,890 5TH AVENUE PARTNERS INC,NASDAQ,,,353198296
SRTA,"Strata Critical Medical, Inc.",NASDAQ,,,353175916
IDOG,ALPS International Sector Dividend Dogs ETF,AMEX,,,353050027
UP,"Wheels Up Experience, Inc.",NYSE,,,352554990
NCV,Virtus Convertible & Income Fund,NYSE,股权,,352456939
IPCX,Inflection Point Acquisition Corp. III,NASDAQ,,,352317472
DMAA,Drugs Made In America Acquisition Corp.,NASDAQ,,,352265181
CCCM,Columbus Circle Capital Corp. I,NASDAQ,,,351956368
GASS,"StealthGas, Inc.",NASDAQ,,,351918212
HLLY,"Holley, Inc.",NYSE,,,351888908
USCB,"USCB Financial Holdings, Inc.",NASDAQ,,,351446980
IYLD,iShares Morningstar Multi-Asset Income ETF,NASDAQ,环球,,351434393
MBSC,M3-Brigade Acquisition III Corp.,NYSE,,,351374996
SOPH,SOPHiA GENETICS SA,NASDAQ,,,351176647
WILC,G. Willi Food International Ltd.,NASDAQ,食品,,351043823
EMHY,iShares Emerging Markets High Yield Bond ETF,NASDAQ,股权,,350848621
KCHV,Kochav Defense Acquisition Corp.,NASDAQ,,,350795768
HEAR,Turtle Beach Corp.,NASDAQ,计算机硬件,,350785759
JGH,Nuveen Global High Income Fund,NYSE,,,350729008
NAN,Nuveen New York Quality Municipal Income Fund,NYSE,债务,,350387987
IRD,"Opus Genetics, Inc.",NASDAQ,,,350053307
HIO,"Western Asset High Income Opportunity Fund, Inc.",NYSE,股权,,349965015
ERN,Erin Energy Corp.,NYSE,,,349923623
FPH,Five Point Holdings LLC,NYSE,,,349629217
DMAAU,Drugs Made In America Acquisition Corp.,NASDAQ,,,349583812
INS,Intelligent Systems Corp.,NYSE,,,349327859
KNOP,KNOT Offshore Partners GP LLC,NYSE,,,349196699
NMG,"Nouveau Monde Graphite, Inc.",NYSE,,,348994012
SES,SES AI Corp.,NASDAQ,,,348622575
PBFS,"Pioneer Bancorp, Inc. (New York)",NASDAQ,,,348567524
PFDR,Pathfinder Acquisition Corp.,NASDAQ,,,348562497
RVAC,Riverview Acquisition Corp.,NASDAQ,,,348437488
SOUL,Soulpower Acquisition Corp.,NYSE,,,348361009
SSP,The E.W. Scripps Co.,NYSE,媒体内容,,348269283
DIN,"Dine Brands Global, Inc.",NYSE,零售,,348261931
ONTF,"ON24, Inc.",NYSE,,,348249003
ONIT,"Onity Group, Inc.",NYSE,,,348194011
PLBC,Plumas Bancorp,NASDAQ,银行,,348181707
JRI,Nuveen Real Asset Income & Growth Fund,NYSE,股权,,348015548
RILYZ,"BRC Group Holdings, Inc.",NASDAQ,,,347949158
AWP,abrdn Global Premier Properties Fund,NYSE,环球,,347887733
BDCI,BTC Development Corp.,NASDAQ,,,347467000
GRAM,Gold Flora Corp.,NYSE,,,347023308
CPST,Calamos S&P 500 Structured Alt Protection ETF - September,NASDAQ,,,346955896
TLNC,Talon Capital Corp.,NASDAQ,,,346926000
ROT,ROTOR ACQUISITION CORP,NYSE,,,346725007
PKOH,Park-Ohio Holdings Corp.,NASDAQ,,,346567438
DEF,Invesco Defensive Equity ETF,NYSE,股权,,345983981
WSG,Wanda Sports Group Co. Ltd.,NASDAQ,,,345973301
NVEC,NVE Corp.,NASDAQ,电子,,345808987
BKT,"BlackRock Income Trust, Inc.",NYSE,股权,,345590003
XPDB,Power & Digital Infrastructure Acquisition II Corp.,NASDAQ,,,345236146
LWAY,"Lifeway Foods, Inc.",NASDAQ,,,344956399
OYSE,Oyster Enterprises II Acquisition Corp.,NASDAQ,,,344911321
SLCR,Silver Crest Acquisition Corp.,NASDAQ,,,344568740
KBON,Karbon Capital Partners Corp.,NASDAQ,,,344525207
ELLO,Ellomay Capital Ltd.,NYSE,,,344490000
UIHC,United Insurance Holdings Corp.,NASDAQ,保险,,344211301
SBXE,SilverBox Corp V,NYSE,,,344174006
ATAC,Atlantic Acquisition Corp. (New York),NASDAQ,,,344093758
WNC,Wabash National Corp.,NYSE,汽车制造,,343694980
FTCVU,FinTech Acquisition Corp. V,NASDAQ,,,343576010
SOI,"Solaris Oilfield Infrastructure, Inc.",NYSE,,,343345711
RLGT,"Radiant Logistics, Inc.",NYSE,,,343238996
SORN,Soren Acquisition Corp.,NASDAQ,,,343165008
FRBN,Forbion European Acquisition Corp.,NASDAQ,,,343052183
ADUR,"Aduro Clean Technologies, Inc.",NASDAQ,,,342776765
GTPAU,"Gores Technology Partners, Inc.",NASDAQ,,,342719008
ELYM,"Eliem Therapeutics, Inc.",NASDAQ,,,342677442
GETY,"Getty Images Holdings, Inc.",NYSE,,,342317005
IBMI,iShares iBonds Sep 2020 Term Muni Bond ETF,NYSE,,,342262663
EDD,"Morgan Stanley Emerging Markets Domestic Debt Fund, Inc.",NYSE,股权,,342261606
GAL,State Street Global Allocation ETF,NASDAQ,环球,,341905497
CRNC,"Cerence, Inc.",NASDAQ,,,341687006
AIXG,Aixtron SE,NASDAQ,半导体,,341440250
ALUS,Alussa Energy Acquisition Corp.,NYSE,,,341406250
VRAI,Virtus Real Asset Income ETF,AMEX,,,341300056
NPWR,"NET Power, Inc.",NYSE,,,341112028
IACA,ION ACQUISITION CORP 1 LTD,NYSE,,,340903124
ALTO,"Alto Ingredients, Inc.",NASDAQ,,,340864076
RPLA,Replay Acquisition Corp.,NYSE,,,340687446
HPF,John Hancock Preferred Income Fund II,NYSE,股权,,340523521
HCMA,HCM III Acquisition Corp.,NASDAQ,,,340369335
LLNW,"Limelight Networks, Inc.",NASDAQ,,,339956404
SCD,"LMP Capital & Income Fund, Inc.",NYSE,环球,,339664820
SNDL,"SNDL, Inc.",NASDAQ,,,339559537
HVT,"Haverty Furniture Cos., Inc.",NYSE,零售,,339418983
FVAL,Fidelity Value Factor ETF,AMEX,,,339291739
XFOR,"X4 Pharmaceuticals, Inc.",NASDAQ,,,339130468
NNDM,Nano Dimension Ltd.,NASDAQ,,,339017647
EMQQ,EMQQ The Emerging Markets Internet & Ecommerce ETF,AMEX,,,338997825
AVUS,Avantis U.S. Equity ETF,AMEX,,,338854157
TIPX,State Street SPDR Bloomberg 1-10 Year TIPS ETF,AMEX,股权,,338669050
ALLT,Allot Ltd.,NASDAQ,电信,,338547849
UITB,VictoryShares Core Intermediate Bond ETF,AMEX,,,338493897
PSFE,Paysafe Ltd.,NYSE,,,338480129
HPP,"Hudson Pacific Properties, Inc.",NYSE,房地产信托投资基金,,338469986
ATVC,Tribe Capital Growth Corp. I,NASDAQ,,,338445014
IMRX,Immuneering Corp.,NASDAQ,,,338134804
WDIV,State Street SPDR Global Dividend ETF,AMEX,环球,,337574204
AWTM,Aware Ultra-Short Duration Enhanced Income ETF,AMEX,,,337332946
ZTR,"Virtus Total Return Fund, Inc.",NYSE,股权,,336956873
FINX,Global X FinTech Thematic ETF,NASDAQ,,,336938738
HIIQ,"Health Insurance Innovations, Inc.",NASDAQ,保险,,336803866
WSBF,"Waterstone Financial, Inc.",NASDAQ,储蓄及贷款,,336721119
FMAT,Fidelity MSCI Materials Index ETF,NYSE,,,335884480
AACI,Armada Acquisition Corp. II,NASDAQ,,,335874122
FRST,Primis Financial Corp.,NASDAQ,,,335857014
OFSSL,OFS Capital Corporation,NASDAQ,,,335558890
ISBA,Isabella Bank Corp.,NASDAQ,,,335129255
PRN,Invesco Dorsey Wright Industrials Momentum ETF,NYSE,股权,,334964312
SMIH,Summit Healthcare Acquisition Corp.,NASDAQ,,,334750000
PKBK,"Parke Bancorp, Inc.",NASDAQ,银行,,334566699
ALCO,"Alico, Inc.",NASDAQ,农业,,334518853
PPT,Putnam Premier Income Trust,NYSE,股权,,334486002
DIM,WisdomTree International MidCap Dividend Fund,NYSE,股权,,334324308
IBMK,iShares iBonds Dec 2022 Term Muni Bond ETF,NYSE,,,334081906
NWFL,Norwood Financial Corp.,NASDAQ,银行,,333674680
SPT,"Sprout Social, Inc.",NASDAQ,,,333537658
DDM,ProShares Ultra Dow30,NYSE,股权,,333504173
NPA,New Providence Acquisition Corp.,NASDAQ,,,333500011
DCTH,"Delcath Systems, Inc.",NASDAQ,,,333175588
KSMT,Kismet Acquisition One Corp.,NASDAQ,,,333057461
HCKT,"The Hackett Group, Inc.",NASDAQ,商业服务,,332654770
PTOR,Praetorian Acquisition Corp.,NASDAQ,,,332446220
AHP,"Ashford Hospitality Prime, Inc.",NYSE,,,332444208
FCEL,"FuelCell Energy, Inc.",NASDAQ,能源-替代能源,,332170999
NEWT,"NewtekOne, Inc.",NASDAQ,,,332138801
PCB,PCB Bancorp,NASDAQ,,,331882990
BLUW,Blue Water Acquisition Corp. III,NASDAQ,,,331803175
MAGN,Magnera Corp.,NYSE,,,331791989
RECN,"Resources Connection, Inc.",NASDAQ,,,331683944
MUNI,PIMCO Intermediate Municipal Bond ETF,NYSE,股权,,331681903
BEAG,Bold Eagle Acquisition Corp.,NASDAQ,,,331657625
MIY,"BlackRock MuniYield Michigan Quality Fund, Inc.",NYSE,债务,,331645993
BNED,"Barnes & Noble Education, Inc.",NYSE,,,331643000
JPME,JPMorgan Diversified Return U.S. Mid Cap Equity ETF,AMEX,,,331632141
CEPT,"Cantor Equity Partners II, Inc.",NASDAQ,,,331181398
CMTG,"Claros Mortgage Trust, Inc.",NYSE,,,330916254
NMY,Nuveen Maryland Quality Municipal Income Fund,NYSE,债务,,330325200
MTRX,Matrix Service Co.,NASDAQ,,,330226999
RGI,Invesco S&P 500 Equal Weight Industrials ETF,NYSE,股权,,330007450
POWRU,Powered Brands,NASDAQ,,,329931993
BCML,BayCom Corp.,NASDAQ,,,329788648
OFLX,"Omega Flex, Inc.",NASDAQ,,,329377738
IMTM,iShares Edge MSCI Intl Momentum Factor ETF,AMEX,,,329299928
SIMA,SIM Acquisition Corp. I,NASDAQ,,,329053301
ENNV,ECP Environmental Growth Opportunities Corp.,NASDAQ,,,329043755
REI,"Ring Energy, Inc.",AMEX,,,328750334
ARTNA,Artesian Resources Corp.,NASDAQ,水业,,328679940
ATHN,Athena Technology Acquisition Corp.,NASDAQ,软件,,328617342
TLS,Telos Corp.,NASDAQ,,,328338000
CLYM,"Climb Bio, Inc.",NASDAQ,,,328166017
BROGU,Twelve Seas Investment Co.,NASDAQ,,,328150854
BGIN,BGIN Blockchain Ltd.,NASDAQ,,,328094240
TSBK,"Timberland Bancorp, Inc. (Washington)",NASDAQ,银行,,327317789
MVBF,MVB Financial Corp.,NASDAQ,,,327285829
PBE,Invesco Biotechnology & Genome ETF,NYSE,股权,,326870253
QSG,QuantaSing Group Ltd.,NASDAQ,,,326854536
XRPN,Armada Acquisition Corp. II,NASDAQ,,,326008790
FIII,Forum Merger III Corp.,NASDAQ,,,325990824
NGNE,"Neurogene, Inc.",NASDAQ,,,325658464
VALU,"Value Line, Inc.",NASDAQ,媒体,,325643273
ZNTE,Zanite Acquisition Corp.,NASDAQ,,,325449991
BGT,BlackRock Floating Rate Income Trust,NYSE,股权,,325387691
BTQ,BTQ Technologies Corp.,NASDAQ,,,325015132
LVWR,"LiveWire Group, Inc.",NYSE,,,324902803
IQIN,NYLI 500 International ETF,AMEX,,,324776183
XPOA,"DPCM Capital, Inc.",NYSE,,,324749994
LXFR,Luxfer Holdings Plc,NYSE,采矿,,324746989
RM,Regional Management Corp.,NYSE,多元化金融服务,,324569936
SIGA,"SIGA Technologies, Inc.",NASDAQ,制药,,324549016
EVOXU,Evolution Global Acquisition Corp.,NASDAQ,,,324320007
PSI,Invesco Semiconductors ETF,NYSE,股权,,324245944
PIZ,Invesco Dorsey Wright Developed Markets Momentum ETF,NYSE,环球,,324212840
PAYS,"PaySign, Inc.",NASDAQ,,,323937986
FNLC,"The First Bancorp, Inc. (Maine)",NASDAQ,银行,,323908965
AMCX,"AMC Networks, Inc.",NASDAQ,媒体内容,,323772875
USNA,"USANA Health Sciences, Inc.",NYSE,生物技术和制药,,323734657
LZM,Lifezone Metals Ltd.,NYSE,,,323225159
PCAP,ProCap Acquisition Corp.,NASDAQ,,,322819187
SPGM,State Street SPDR Portfolio MSCI Global Stock Market ETF,AMEX,,,322749037
OPTX,"Syntec Optics Holdings, Inc.",NASDAQ,,,322682985
VCIC,Vine Hill Capital Investment Corp.,NASDAQ,,,322666674
FERA,Fifth Era Acquisition Corp. I,NASDAQ,,,322359350
CHACU,Crane Harbor Acquisition Corp.,NYSE,,,322212975
KFS,"Kingsway Financial Services, Inc.",NYSE,保险,,322176385
OTLY,Oatly Group AB,NASDAQ,,,321929763
DRDB,Roman DBDR Acquisition Corp. II,NASDAQ,,,321539993
PRE,Prenetics Global Ltd.,NASDAQ,保险,,321423153
NGEN,NervGen Pharma Corp.,NASDAQ,,,321295560
LGTO,Legato Merger Corp. II,NASDAQ,,,321043985
PZD,Invesco MSCI Sustainable Future ETF,NYSE,环球,,321004618
THMA,THIMBLE POINT ACQUISITION CORP,NASDAQ,,,320850007
CEPV,"Cantor Equity Partners V, Inc.",NASDAQ,,,320761105
RTAC,Renatus Tactical Acquisition Corp. I,NASDAQ,,,320649652
SZZL,Sizzle Acquisition Corp. II,NASDAQ,,,320483337
OBA,Oxley Bridge Acquisition Ltd.,NASDAQ,,,320361254
ALDFU,"Aldel Financial II, Inc.",NASDAQ,,,319574958
EWCZ,"European Wax Center, Inc.",NASDAQ,,,319373220
PTAC,"Porch Group, Inc.",NASDAQ,,,319340634
FLYA,Soar Technology Acquisition Corp.,NYSE,,,319239999
EVOX,Evolution Global Acquisition Corp.,NASDAQ,,,319040009
STRT,Strattec Security Corp.,NASDAQ,汽车制造,,318708072
CPUH,Compute Health Acquisition Corp.,NYSE,,,318628979
CRAQ,Cal Redwood Acquisition Corp.,NASDAQ,,,318584405
ISOS,Isos Acquisition Corp.,NYSE,,,318546250
GCO,"Genesco, Inc.",NYSE,,,318471709
TOI,"The Oncology Institute, Inc.",NASDAQ,,,318262001
COPX,Global X Copper Miners ETF,NYSE,环球,,317986838
SPEU,State Street SPDR Portfolio Europe ETF,AMEX,,,317782181
CZFS,"Citizens Financial Services, Inc.",NASDAQ,,,317756970
CCRN,"Cross Country Healthcare, Inc.",NASDAQ,商业服务,,317484160
KOYN,CSLM Digital Asset Acquisition Corp. III Ltd.,NASDAQ,,,317472658
MLP,"Maui Land & Pineapple Co., Inc.",NYSE,,,317304278
PALI,"Palisade Bio, Inc.",NASDAQ,,,316839995
PMTR,Perimeter Acquisition Corp. I,NASDAQ,,,316577909
KPFS,"Pepper Food Service Co., Ltd.",NASDAQ,,,316552587
PAQC,Provident Acquisition Corp.,NASDAQ,,,316250000
TCPC,Blackrock TCP Capital Corp.,NASDAQ,,,316241389
SAAQ,Space Asset Acquisition Corp.,NASDAQ,,,315935058
RZLT,"Rezolute, Inc.",NASDAQ,,,315802356
PSBD,Palmer Square Capital BDC Inc.,NYSE,,,315735566
ALDF,"Aldel Financial II, Inc.",NASDAQ,,,315706992
DFPH,DFP Holdings Ltd.,NASDAQ,,,315674987
MYJ,"BlackRock MuniYield New Jersey Fund, Inc.",NYSE,债务,,315305992
AVBH,"Avidbank Holdings, Inc.",NASDAQ,,,315289714
FVAV,Fortress Value Acquisition Corp. V,NASDAQ,,,315129014
LNKB,"LINKBANCORP, Inc.",NASDAQ,,,315101997
ASPC,A SPAC III Acquisition Corp.,NASDAQ,,,314524988
TTGT,"TechTarget, Inc.",NASDAQ,互联网,,314472990
CIIG,"CIIG Capital Partners II, Inc.",NASDAQ,,,314453125
PWZ,Invesco California AMT-Free Municipal Bond ETF,NYSE,债务,,314318960
POLE,Andretti Acquisition Corp. II,NASDAQ,,,313986410
XSW,SPDR S&P Software & Services ETF,NYSE,股权,,313920607
RNGT,Range Capital Acquisition Corp. II,NASDAQ,,,313893248
VACI,Viking Acquisition Corp. I,NYSE,,,313267000
ITHX,ITHAX Acquisition Corp.,NASDAQ,,,312637129
CV,"CapsoVision, Inc.",NASDAQ,,,312236385
SAC,Safeguard Acquisition Corp.,NYSE,,,312098331
LEGO.U,Legato Merger Corp. IV,NYSE,,,312041340
GLSI,"Greenwich LifeSciences, Inc.",NASDAQ,,,311865676
AACOU,Abony Acquisition Corp. I,NASDAQ,,,311734957
FEN,First Trust Energy Income & Growth Fund,AMEX,股权,,311419536
CCXX,MultiPlan Corp.,NYSE,,,311356576
BTNB,Bridgetown 2 Holdings Ltd.,NASDAQ,,,311333997
DSX,"Diana Shipping, Inc.",NYSE,运输,,311320185
AEAQ,Activate Energy Acquisition Corp.,NASDAQ,,,311237987
TVA,Texas Ventures Acquisition III Corp.,NASDAQ,,,311099997
JKK,iShares Morningstar Small-Cap Growth ETF,NYSE,股权,,310816697
RSO,Resource Capital Corp.,NYSE,,,310738403
JWSM,Jaws Mustang Acquisition Corp.,NYSE,,,310723014
LE,"Lands' End, Inc.",NASDAQ,,,310720001
RIV,"RiverNorth Opportunities Fund, Inc.",NYSE,,,310663857
INDUU,Industrea Acquisition Corp.,NASDAQ,,,310500005
GUSH,Direxion Daily S&P Oil & Gas Exp. & Prod. Bull 2X ETF,NYSE,,,310392974
WEYS,"Weyco Group, Inc.",NASDAQ,,,310146005
NWBO,"Northwest Biotherapeutics, Inc.",NASDAQ,生物技术和制药,,310049182
ADV,"Advantage Solutions, Inc. (California)",NASDAQ,,,309953001
PPH,VanEck Pharmaceutical ETF,NYSE,股权,,309843418
HNST,"The Honest Co., Inc.",NASDAQ,,,309304097
CRSAU,Crescent Acquisition Corp.,NASDAQ,,,309296858
SUPX,SuperX AI Technology Ltd.,NASDAQ,半导体,,309200010
TICC,TICC Capital Corp.,NASDAQ,,,309187683
TCI,"Transcontinental Realty Investors, Inc.",NYSE,,,309028337
EAGLU,Platinum Eagle Acquisition Corp.,NASDAQ,,,309000006
RMNI,"Rimini Street, Inc.",NASDAQ,,,308907990
TMTSU,Spartacus Acquisition Corp. II,NASDAQ,,,308813327
MXF,"The Mexico Fund, Inc.",NYSE,股权,,308720426
NCA,Nuveen California Municipal Value Fund,NYSE,债务,,308567994
LPAA,Launch One Acquisition Corp.,NASDAQ,,,308487476
PTIC,Proptech Investment Corp. II,NASDAQ,,,308486983
ATII,Archimedes Tech SPAC Partners II Co.,NASDAQ,,,308327802
JOF,"Japan Smaller Capitalization Fund, Inc.",NYSE,股权,,308272759
CMII,Columbus Circle Capital Corp. II,NASDAQ,,,307990284
FLJP,Franklin FTSE Japan ETF,AMEX,,,307797322
HFRO,Highland Opportunities & Income Fund,NYSE,,,307750389
VFF,"Village Farms International, Inc.",NASDAQ,,,307328810
FSTR,L.B. Foster Co.,NASDAQ,,,307159737
LWACU,LightWave Acquisition Corp.,NASDAQ,,,307065751
PHOE,Phoenix Asia Holdings Ltd.,NASDAQ,,,306936001
RAC,Rithm Acquisition Corp.,NYSE,,,306746307
EFR,Eaton Vance Senior Floating-Rate Trust,NYSE,股权,,306455003
OILD,Microsectors Oil & Gas Expl & Prod -3x Inv Lev ETN,NASDAQ,,,306446164
CAQ,Cambridge Acquisition Corp.,NASDAQ,,,306324001
PKB,Invesco Building & Construction ETF,NYSE,股权,,306276267
ASG,"Liberty All-Star Growth Fund, Inc.",NYSE,股权,,306141741
GTE,"Gran Tierra Energy, Inc.",NYSE,油气,,306040000
RFV,Invesco S&P Midcap 400 Pure Value ETF,NYSE,股权,,305938159
ASPN,"Aspen Aerogels, Inc.",NYSE,,,305626004
AMRN,Amarin Corp. Plc,NASDAQ,生物技术和制药,,305609987
NUM,Nuveen Michigan Quality Municipal Income Fund,NYSE,债务,,305426001
AFB,"AllianceBernstein National Municipal Income Fund, Inc.",NYSE,股权,,305270994
LPBB,Launch Two Acquisition Corp.,NASDAQ,,,305037490
BOCT,Innovator S&#38;P 500 Buffer ETF,AMEX,,,304956578
BKTI,BK Technologies Corp.,AMEX,,,304695128
HYEM,VanEck Emerging Markets High Yield Bond ETF,NASDAQ,股权,,304521883
AEF,"abrdn Emerging Markets ex-China Fund, Inc.",NYSE,,,304510672
LENZ,"LENZ Therapeutics, Inc.",NASDAQ,,,304451002
SHMD,Schmid Group NV,NASDAQ,,,303592202
GCOW,Pacer Global High Dividend ETF,AMEX,,,303542230
DFBH,DFB Healthcare Acquisitions Corp.,NASDAQ,,,303437490
ITHA,ITHAX Acquisition Corp. III,NASDAQ,,,303293347
VHCP,Vine Hill Capital Investment Corp. II,NASDAQ,,,303293347
CFFA,"Cantor Equity Partners, Inc.",NASDAQ,,,303168772
NCMI,"National CineMedia, Inc.",NASDAQ,娱乐,,303161001
VIOG,Vanguard S&P Small-Cap 600 Growth ETF,NYSE,股权,,302847529
RCKY,"Rocky Brands, Inc.",NASDAQ,服饰,,302816090
SVIV,Spring Valley Acquisition Corp. IV,NASDAQ,,,302590994
RFI,"Cohen & Steers Total Return Realty Fund, Inc.",NYSE,股权,,302503718
SCUA,Sculptor Acquisition Corp. I,NYSE,,,302450013
HYLN,Hyliion Holdings Corp.,NYSE,,,302282008
RAVI,FlexShares Ready Access Variable Income Fund,NASDAQ,环球,,302187676
FGNA,FG NEW AMERICA ACQUISITION CORP,NYSE,,,302092254
EFTY,"Etoiles Capital Group Co., Ltd.",NASDAQ,,,302052209
SVNA,7 Acquisition Corp.,NASDAQ,,,301875000
KLC,"KinderCare Learning Cos., Inc.",NYSE,,,301806994
BBBY,"Bed Bath & Beyond, Inc.",NASDAQ,零售,,301639142
HCACU,Hall Chadwick Acquisition Corp.,NASDAQ,,,301608034
FXZ,First Trust Materials AlphaDEX Fund,NYSE,股权,,301565971
BIXI,Bitcoin Infrastructure Acquisition Corp. Ltd.,NASDAQ,,,301322992
ROCHU,"Purecycle Technologies, Inc.",NASDAQ,,,301103239
NKLR,Terra Innovatum Global NV,NASDAQ,,,300888072
OTGAU,OTG Acquisition Corp. I,NASDAQ,,,300564010
LOKV,Live Oak Acquisition Corp. V,NASDAQ,,,300437495
CLA,Capitala Finance Corp. 7.125% Notes due 2021,NYSE,,,300000000
ERESU,East Resources Acquisition Co.,NASDAQ,,,300000000
VGII,Virgin Group Acquisition Corp. II,NYSE,,,299862502
PTF,Invesco Dorsey Wright Technology Momentum ETF,NYSE,股权,,299757605
IBMJ,iShares iBonds Dec 2021 Term Muni Bond ETF,NYSE,,,299652423
BWMC,Boxwood Merger Corp.,NASDAQ,,,299651659
SI,"Shoulder Innovations, Inc.",NYSE,多元化制造商,,299388996
LEGO,Legato Merger Corp. IV,NASDAQ,,,299281980
EXPC,Experience Investment Corp.,NASDAQ,,,299062493
ASLE,AerSale Corp.,NASDAQ,,,299038989
JPSE,JPMorgan Diversified Return U.S. Small Cap Equity ETF,AMEX,,,298750999
KAII,Kismet Acquisition Two Corp.,NASDAQ,,,298349994
COSO,"CoastalSouth Bancshares, Inc.",NYSE,,,298316947
ASPL,ASPIRATIONAL CONSUMER LIFESTYLE,NYSE,,,297585129
DSM,"BNY Mellon Strategic Municipal Bond Fund, Inc.",NYSE,股权,,297560719
SSSS,SuRo Capital Corp.,NASDAQ,,,297540253
OTGA,OTG Acquisition Corp. I,NASDAQ,,,297316741
KELYA,"Kelly Services, Inc.",NASDAQ,商业服务,,297298129
DBI,"Designer Brands, Inc.",NYSE,,,297138456
NBH,"Neuberger Municipal Fund, Inc.",AMEX,股权,,297068993
CVEO,Civeo Corp.,NYSE,,,296972037
MBI,"MBIA, Inc.",NYSE,保险,,296433101
SHIP,Seanergy Maritime Holdings Corp.,NASDAQ,运输,,296420955
SRZN,"Surrozen, Inc.",NASDAQ,,,296012264
DNAC,Social Capital Suvretta Holdings Corp. III,NASDAQ,,,295939164
JENA,Jena Acquisition Corp. II,NYSE,,,295834751
JKJ,iShares Morningstar Small-Cap ETF,NYSE,股权,,295789976
PDYN,Palladyne AI Corp.,NASDAQ,,,295707348
ACTD,ArcLight Clean Transition Corp. II,NASDAQ,,,295604884
HVMC,Highview Merger Corp.,NASDAQ,,,295570506
FSBW,"FS Bancorp, Inc.",NASDAQ,储蓄及贷款,,295561003
VLAT,Valor Latitude Acquisition Corp.,NASDAQ,,,295549992
RYF,Invesco S&P 500 Equal Weight Financials ETF,NYSE,股权,,295101704
DEFT,"DeFi Technologies, Inc.",NASDAQ,,,295097983
DTH,WisdomTree DEFA Equity Income Fund,NYSE,股权,,294829336
ZMLP,Direxion Zacks MLP High Income Shares,NASDAQ,股权,,294703418
HCCO,"SOC Telemed, Inc.",NASDAQ,,,294579009
FQAL,Fidelity Quality Factor ETF,AMEX,,,294072333
PACK,Ranpak Holdings Corp.,NYSE,,,293983004
JUST,Goldman Sachs JUST U.S. Large Cap Equity ETF,AMEX,,,293871753
OACB,Oaktree Acquisition Corp. II,NYSE,,,293750002
SVOK,SEVEN OAKS ACQUISITION CORP,NASDAQ,,,293681248
GECCL,"Forest Investments, Inc.",NASDAQ,,,293307109
PNNT,PennantPark Investment Corp.,NASDAQ,投资公司,,293179434
TENKU,Tenx Keane Acquisition,NASDAQ,,,292735388
ADAG,"Adagene, Inc.",NASDAQ,,,292701607
KIII,Kismet Acquisition Three Corp.,NASDAQ,,,292100011
GPAC,General Purpose Acquisition Corp.,NASDAQ,,,291747202
FHTX,"Foghorn Therapeutics, Inc.",NASDAQ,,,291739977
EVC,Entravision Communications Corp.,NYSE,媒体,,291524048
JMSB,"John Marshall Bancorp, Inc.",NASDAQ,,,291519996
DCRB,DECARBONIZATION PLUS ACQUISITIO,NASDAQ,,,291467425
TG,Tredegar Corp.,NYSE,多元化制造商,,291263496
MKTW,"MarketWise, Inc.",NASDAQ,,,290931444
SPXX,Nuveen S&P 500 Dynamic Overwrite Fund,NYSE,,,290860002
OIA,Invesco Municipal Income Opportunities Trust,NYSE,股权,,290828622
ORGO,"Organogenesis Holdings, Inc.",NASDAQ,,,290727915
IONR,ioneer Ltd.,NASDAQ,,,290552722
ARDC,"Ares Dynamic Credit Allocation Fund, Inc.",NYSE,股权,,290295689
SVAQ,Silicon Valley Acquisition Corp.,NASDAQ,,,290277889
VGZ,Vista Gold Corp.,NYSE,,,289895040
BWINB,"Baldwin & Lyons, Inc.",NASDAQ,保险,,289866905
IBUY,Amplify Online Retail ETF,NASDAQ,,,289711400
IRHO,Iron Horse Acquisition II Corp.,NASDAQ,,,289388397
HCAQ,HEALTHCOR CATALIO ACQUISITION C,NASDAQ,,,289259882
PACH,Pioneer Acquisition I Corp.,NASDAQ,,,289232768
TEI,Templeton Emerging Markets Income Fund,NYSE,股权,,288092998
DBDR,ROMAN DBDR TECH ACQUISITION COR,NASDAQ,,,288000625
TBF,Proshares Short 20+ Year Treasury,NYSE,股权,,287875836
UCFI,CN Healthy Food Tech Group Corp.,NASDAQ,,,287814768
PBP,Invesco S&P 500 BuyWrite ETF,NYSE,股权,,287764384
BRPM,B. Riley Principal 150 Merger Corp.,NYSE,,,287514160
SV,Spring Valley Acquisition Corp.,NASDAQ,,,287500000
CTEV,Claritev Corp.,NYSE,,,287080000
IPVA,InterPrivate II Acquisition Corp.,NYSE,,,286873143
AACB,"Artius II Acquisition, Inc.",NASDAQ,,,286712990
EM,Smart Share Global Ltd.,NASDAQ,,,286566394
SAB,Saratoga Investment Corp.,NYSE,制药,,286479339
FLDM,Fluidigm Corp.,NASDAQ,,,286407514
HCHC,"HC2 Holdings, Inc.",AMEX,,,286376803
BSJN,Invesco BulletShares 2023 High Yield Corporate Bond ETF,NYSE,,,286200242
IFGL,iShares International Developed Real Estate ETF,NASDAQ,股权,,286055209
BACC,Blue Acquisition Corp.,NASDAQ,,,286052915
SPRT,"Support.com, Inc.",NASDAQ,软件,,286006941
FUND,"Sprott Focus Trust, Inc.",NASDAQ,股权,,285982591
NBP,NovaBridge Biosciences,NASDAQ,,,285921764
BFOR,Barron's 400 ETF,AMEX,股权,,285469269
AVXL,Anavex Life Sciences Corp.,NASDAQ,,,285429008
FFTY,Innovator IBD 50 ETF,NYSE,,,285022537
BROG,Brooge Energy Ltd.,NASDAQ,,,284927989
ADAC,American Drive Acquisition Co.,NASDAQ,,,284624989
LPCV,Launchpad Cadenza Acquisition Corp. I,NASDAQ,,,284624989
SITC,SITE Centers Corp.,NYSE,,,284413761
AVTE,"Aerovate Therapeutics, Inc.",NASDAQ,,,284054448
LEGT,Legato Merger Corp. III,NYSE,,,284051125
SBIO,ALPS Medical Breakthroughs ETF,AMEX,,,284040300
ROCH,"Purecycle Technologies, Inc.",NASDAQ,,,284029196
MBG,SPDR Bloomberg Barclays Mortgage Backed Bond ETF,NYSE,股权,,283874223
PAII.U,Pyrophyte Acquisition Corp. II,NYSE,,,283575469
EVH,"Evolent Health, Inc.",NYSE,,,283560991
YSG,Yatsen Holding Ltd.,NYSE,,,283463000
GLHAU,Glass Houses Acquisition Corp.,NASDAQ,,,283230540
SENS,"Senseonics Holdings, Inc.",AMEX,,,282588012
ROMA,Roma Green Finance Ltd.,NASDAQ,银行,,282336053
WINS,"Wins Finance Holdings, Inc.",NASDAQ,,,281892894
TOK,iShares MSCI Kokusai ETF,NYSE,环球,,281887149
ADHD,Alcobra Ltd.,NASDAQ,,,281693867
SCAC,Saban Capital Acquisition Corp.,NASDAQ,,,281684904
RTPZ,REINVENT TECHNOLOGY PARTNERS Z,NYSE,,,281462499
MMD,NYLI Mackay Definedterm Muni Opportunities Fund,NYSE,股权,,281316197
CERC,"Cerecor, Inc.",NASDAQ,,,281306233
MIN,MFS Intermediate Income Trust,NYSE,环球,,281081654
EFT,Eaton Vance Floating-Rate Income Trust,NYSE,股权,,280929991
FCCO,First Community Corp. (South Carolina),NASDAQ,银行,,280676396
FOSL,"Fossil Group, Inc.",NASDAQ,销售/批发,,280106238
CIX,"CompX International, Inc.",NYSE,,,279733403
SEG,"Seaport Entertainment Group, Inc.",AMEX,,,279213997
OVLY,Oak Valley Bancorp,NASDAQ,银行,,278990001
PIE,Invesco Dorsey Wright Emerging Markets Momentum ETF,NYSE,股权,,278984997
RXST,"RxSight, Inc.",NASDAQ,,,278960008
APAD,A Paradise Acquisition Corp.,NASDAQ,,,278937991
PMO,Putnam Municipal Opportunities Trust,NYSE,股权,,278926532
PIO,Invesco Global Water ETF,NYSE,环球,,278868621
ANGI,"Angi, Inc.",NASDAQ,互联网,,278727991
PFMT,"Performant Healthcare, Inc.",NASDAQ,商业服务,,278716995
TVAI,Thayer Ventures Acquisition Corp. II,NASDAQ,,,278213022
VTC,Vanguard Total Corporate Bond ETF,NASDAQ,,,278203356
VHNA,Vahanna Tech Edge Acquisition I Corp.,NASDAQ,,,278138997
TARA,"Protara Therapeutics, Inc.",NASDAQ,,,277993696
IUS,Invesco Strategic US ETF,NASDAQ,,,277527047
PINE,"Alpine Income Property Trust, Inc.",NYSE,,,277479345
XCBE,X3 Acquisition Corp. Ltd.,NASDAQ,,,277312480
DOO,"BRP, Inc.",NYSE,股权,,277146860
ZH,"Zhihu, Inc.",NYSE,,,277059209
LNZA,"LanzaTech Global, Inc.",NASDAQ,,,277047995
PRLD,"Prelude Therapeutics, Inc.",NASDAQ,,,276996004
PAII,Pyrophyte Acquisition Corp. II,NYSE,,,276758730
AGD,abrdn Global Dynamic Dividend Fund,NYSE,环球,,276748354
EQHA,EQ Health Acquisition Corp.,NYSE,,,276649509
RMGB,RMG ACQUISITION CORP II,NASDAQ,,,276562512
AXIN,Axiom Intelligence Acquisition Corp. 1,NASDAQ,,,276484013
EVI,"EVI Industries, Inc.",NYSE,销售/批发,,276407579
CFV,CF ACQUISITION CORP V,NASDAQ,,,275502479
AGL,"Agilon Health, Inc.",NYSE,,,275492995
BGH,Barings Global Short Duration High Yield Fund,NYSE,股权,,275282380
XSLLU,Xsolla SPAC 1,NASDAQ,,,275139984
SMRT,"SmartRent, Inc.",NASDAQ,,,274928840
CAN,"Canaan, Inc.",NASDAQ,,,274851803
AIRO,"AIRO Group Holdings, Inc.",NASDAQ,,,274741604
NL,"NL Industries, Inc.",NYSE,多元化制造商,,274608559
ABEO,"Abeona Therapeutics, Inc.",NASDAQ,,,274405797
XPER,"Xperi, Inc.",NASDAQ,,,273833936
FVCB,"FVCBankcorp, Inc.",NASDAQ,,,273812000
SBXD,Silverbox Corp. IV,NYSE,,,273641250
MBCN,Middlefield Banc Corp.,NASDAQ,,,273627927
XSLL,Xsolla SPAC 1,NASDAQ,,,272648011
YRCW,Yellow Corp.,NASDAQ,,,272265008
MNCL,AerSale Corp.,NASDAQ,,,271815996
SY,"So-Young International, Inc.",NASDAQ,,,271586003
DBL,Doubleline Opportunistic Credit Fund,NYSE,股权,,271454771
SCM,Stellus Capital Investment Corp.,NYSE,投资公司,,269788398
TENK,Tenx Keane Acquisition,NASDAQ,,,269449618
HVII,Hennessy Capital Investment Corp. VII,NASDAQ,,,269341506
RMM,RiverNorth Managed Duration Municipal Income Fund Inc,NYSE,,,269248546
CLPT,"ClearPoint Neuro, Inc.",NASDAQ,,,269051328
CEPO,"Cantor Equity Partners I, Inc.",NASDAQ,,,268897502
CHMG,Chemung Financial Corp.,NASDAQ,银行,,268870455
GECCM,Great Elm Capital Corp.,NASDAQ,,,268566901
MUZE,Muzero Acquisition Corp.,NASDAQ,,,268557643
RHLDV,"Resolute Holdings Management, Inc.",NASDAQ,,,268424983
DFHT,Deerfield Healthcare Technology Acquisitions Corp.,NASDAQ,,,268093751
WNEB,"Western New England Bancorp, Inc.",NASDAQ,,,267822293
BPOPM,Popular Capital Trust II,NASDAQ,,,267576002
IGHG,ProShares Investment Grade-Interest Rate Hedged,NYSE,股权,,267559040
CCCC,"C4 Therapeutics, Inc.",NASDAQ,,,267364200
TII,Titan Mining Corp.,NYSE,,,267343648
NCZ,Virtus Convertible & Income Fund II,NYSE,股权,,266785719
DNMX,Dynamix Corp. III,NASDAQ,,,266455005
TYGO,"Tigo Energy, Inc.",NASDAQ,,,266267996
CPZ,Calamos Long/Short Equity & Dynamic Income Trust,NASDAQ,,,266016002
PCYO,Pure Cycle Corp.,NASDAQ,,,265960278
EMF,Templeton Emerging Markets Fund,NYSE,股权,,265923012
DDD,3D Systems Corp.,NYSE,计算机硬件,,265840377
AVNW,"Aviat Networks, Inc.",NASDAQ,电信,,265529539
TRTL,TortoiseEcofin Acquisition Corp. III,NASDAQ,,,265110049
TROO,"TROOPS, Inc.",NASDAQ,,,265088019
RWJ,Invesco S&P SmallCap 600 Revenue ETF,NYSE,股权,,265051637
AGBA,AGBA Group Holding Ltd.,NASDAQ,,,264971995
GVCI,Green Visor Financial Technology Acquisition Corp. I,NASDAQ,,,264882379
GDEV,"GDEV, Inc.",NASDAQ,,,264862635
ACRE,Ares Commercial Real Estate Corp.,NYSE,房地产信托投资基金,,264657484
GLADN,Gladstone Capital Corp.,NASDAQ,,,264518575
SLN,Silence Therapeutics Plc,NASDAQ,,,264510104
DTOC,Digital Transformation Opportunities Corp.,NASDAQ,,,264493250
SABS,"SAB Biotherapeutics, Inc.",NASDAQ,,,264236684
RILYL,"BRC Group Holdings, Inc.",NASDAQ,,,263512658
BRT,BRT Apartments Corp.,NYSE,,,263484223
ATGL,Alpha Technology Group Ltd.,NASDAQ,,,263400000
BWZ,SPDR Bloomberg Barclays Short Term Intl Treasury Bond ETF,NYSE,股权,,263294623
BYND,"Beyond Meat, Inc.",NASDAQ,,,263138984
VLATU,Valor Latitude Acquisition Corp.,NASDAQ,,,263124990
AIRR,First Trust RBA American Industrial Renaissance ETF,NASDAQ,,,263091698
EOT,Eaton Vance National Municipal Opportunities Trust,NYSE,股权,,262966998
CIA,"Citizens, Inc. (Austin, Texas)",NYSE,保险,,262564637
BOAS,BOA Acquisition Corp.,NYSE,,,262488005
HMST,"HomeStreet, Inc.",NASDAQ,储蓄及贷款,,262431605
CFAC,CF FINANCE ACQUISITION CORP III,NASDAQ,,,262372508
ISLE,Isleworth Healthcare Acquisition Corp.,NASDAQ,娱乐,,262173928
FDBC,"Fidelity D&D Bancorp, Inc.",NASDAQ,,,262133776
WQGA,World Quantum Growth Acquisition Corp.,NYSE,,,262075743
LFGR,Leaf Group Ltd.,NYSE,,,262074151
ACCO,ACCO Brands Corp.,NYSE,,,262012127
HELP,"Cybin, Inc.",NASDAQ,,,261944188
TDF,"Templeton Dragon Fund, Inc.",NYSE,,,261638017
PXLG,Invesco Russell Top 200 Pure Growth ETF,NYSE,股权,,261558625
SLAM,Slam Corp.,NASDAQ,,,261266005
NODK,"NI Holdings, Inc.",NASDAQ,,,261032007
CTAC,ChaSerg Technology Acquisition Corp.,NASDAQ,,,260619112
FSFR,Fifth Street Senior Floating Rate Corp.,NASDAQ,,,260488284
CRZN,Corazon Capital V838 Monoceros Corp.,NASDAQ,,,260482232
VPCC,"VPC Impact Acquisition Holdings III, Inc.",NYSE,,,260427342
CARL,"Carlsmed, Inc.",NASDAQ,,,260369596
OACC,Oaktree Acquisition Corp. III Life Sciences,NASDAQ,,,260331517
PMM,Putnam Managed Municipal Income Trust,NYSE,股权,,259999006
LIII,Leo Holdings III Corp.,NYSE,,,259874995
PSCE,Invesco S&P SmallCap Energy ETF,NASDAQ,股权,,259860342
XFLT,XAI Octagon Floating Rate Alternative Income Term Trust,NYSE,,,259686987
GHAC,Gaming & Hospitality Acquisition Corp.,NASDAQ,,,259450527
BACQ,Inflection Point Acquisition Corp. IV,NASDAQ,,,259263992
LNDC,Landec Corp.,NASDAQ,化学制品,,259258943
FDM,First Trust Dow Jones Select Microcap Index Fund,NYSE,股权,,259128967
XPH,SPDR S&P Pharmaceuticals ETF,NYSE,股权,,258806579
BBX,BBX Capital Corp.,NYSE,储蓄及贷款,,258704006
JQUA,JPMorgan U.S. Quality Factor ETF,AMEX,,,258582265
OB,"Outbrain, Inc.",NYSE,保险,,258382253
WOOD,iShares Global Timber & Forestry ETF,NASDAQ,环球,,258319157
GHACU,Gaming & Hospitality Acquisition Corp.,NASDAQ,,,258292696
SLAMU,Slam Corp.,NASDAQ,,,258217076
UEPS,"Net 1 U.E.P.S. Technologies, Inc.",NASDAQ,商业服务,,258191707
ISDX,Invesco Strategic Developed ex-US ETF,NASDAQ,,,257308494
QPAC,Quinpario Acquisiton corp.,NASDAQ,,,257156392
BLOK,Amplify Blockchain Technology ETF,AMEX,,,257145303
SATX,SatixFy Communications Ltd.,AMEX,,,257074689
IBMH,iShares iBonds Sep 2019 AMT-Free Muni Bond ETF,NYSE,,,257028769
LMHA,"Legg Mason, Inc.",NYSE,,,257000008
ACV,Virtus Diversified Income & Convertible Fund,NYSE,,,256820998
AMPY,Amplify Energy Corp.,NYSE,,,256668633
STWO,ACON S2 ACQUISITION CORP,NASDAQ,,,256563002
GLDG,"GoldMining, Inc.",AMEX,,,256509010
AFRI,Forafric Global Plc,NASDAQ,,,256372165
NUW,Nuveen AMT-Free Municipal Value Fund,NYSE,股权,,256345002
FACT,FACT II Acquisition Corp.,NYSE,,,255861760
IRET,Ireit - Marketvector Quality Reit Index Etf,NYSE,,,255780861
PLMK,Plum Acquisition Corp. IV,NASDAQ,,,255762336
YORK,Yorkville Acquisition Corp.,NASDAQ,,,255148988
SLP,"Simulations Plus, Inc.",NASDAQ,软件,,254853989
BCOM,B Communications Ltd.,NASDAQ,电信,,254733280
IYK,iShares U.S. Consumer Goods ETF,NYSE,股权,,254574705
FST,FAST Acquisition Corp.,NYSE,,,254500008
NTWO,Newbury Street II Acquisition Corp.,NASDAQ,,,254427761
FC,Franklin Covey Co.,NYSE,,,254387200
FTCH,Farfetch Ltd.,NYSE,,,254205556
SBG,SANDBRIDGE ACQUISITION CORP,NYSE,,,254150004
RJI,Elements Rogers Intl Commodity Index-total Return ETN,NYSE,股权,,254109875
EOD,Allspring Global Dividend Opportunity Fund,NYSE,环球,,254088903
RENE,Cartesian Growth Corp. II,NASDAQ,,,254041592
HBB,Hamilton Beach Brands Holding Co.,NYSE,,,253895502
RCHGU,Recharge Acquisition Corp.,NASDAQ,,,253756503
CHPMU,CHP Merger Corp.,NASDAQ,,,253749990
JCE,Nuveen Core Equity Alpha Fund,NYSE,股权,,253679957
AONC,"American Oncology Network, Inc.",NASDAQ,,,253492841
SCIIU,SC II Acquisition Corp.,NASDAQ,,,253460009
ERC,Allspring Multi-Sector Income Fund,AMEX,环球,,253325816
BLFY,Blue Foundry Bancorp,NASDAQ,,,253307821
TIBRU,Tiberius Acquisition Corp.,NASDAQ,,,252824281
VNME,Vendome Acquisition Corp. I,NASDAQ,,,252749991
MASS,"908 Devices, Inc.",NASDAQ,,,252688491
MPX,Marine Products Corp.,NYSE,休闲,,252631002
ATLO,Ames National Corp.,NASDAQ,银行,,252519344
FSII,FS DEVELOPMENT CORP II,NASDAQ,,,252435755
SIDU,"Sidus Space, Inc.",NASDAQ,,,252110381
MYFW,"First Western Financial, Inc.",NASDAQ,,,251554753
HEEM,iShares Currency Hedged MSCI Emerging Markets ETF,NYSE,,,251543314
IACB,ION Acquisition Corp. 2 Ltd.,NYSE,,,251418744
AKG,"Galiano Gold, Inc.",AMEX,,,251301543
OPGN,"CapForce, Inc.",NASDAQ,,,251197662
TENX,"Tenax Therapeutics, Inc.",NASDAQ,,,250913001
RCS,PIMCO Strategic Income Fund Inc.,NYSE,环球,,250850592
RC,Ready Capital Corp.,NYSE,媒体,,250833313
VELO,"Velo3D, Inc.",NASDAQ,,,250763891
FTGC,First Trust Global Tactical Commodity Strategy Fund,NASDAQ,股权,,250735522
CHKEL,Chesapeake Energy Corp.,NASDAQ,,,250624375
CHRS,"Coherus Oncology, Inc.",NASDAQ,,,250315986
MCR,MFS Charter Income Trust,NYSE,环球,,250130610
FXNC,First National Corp. (Virginia),NASDAQ,,,249982734
BNAI,"Brand Engagement Network, Inc.",NASDAQ,,,249928604
RILY,"BRC Group Holdings, Inc.",NASDAQ,,,249923131
MMT,MFS Multimarket Income Trust,NYSE,股权,,249354999
OBIO,"Orchestra Biomed Holdings, Inc.",NASDAQ,,,249299052
FIVG,Defiance Next Gen Connectivity ETF,AMEX,,,249118121
HDSN,"Hudson Technologies, Inc.",NASDAQ,环境控制,,248867303
PSL,Invesco Dorsey Wright Consumer Staples Momentum ETF,NYSE,股权,,248802507
HEBT,"Nisun International Enterprise Development Group Co., Ltd.",NASDAQ,,,248597156
SCII,SC II Acquisition Corp.,NASDAQ,,,248480991
QCLN,First Trust Nasdaq Clean Edge Green Energy Index Fund,NASDAQ,股权,,248344025
VCVC,10X CAP VENTURE ACQ CORP,NASDAQ,,,247789072
NREF,"NexPoint Real Estate Finance, Inc.",NYSE,,,247602525
AVRO,"Avrobio, Inc.",NASDAQ,,,247536996
SNFCA,Security National Financial Corp.,NASDAQ,保险,,247450006
DYNX,Dynamix Corp. (Cayman Islands),NASDAQ,,,247007993
FCT,First Trust Senior Floating Rate Income Fund II,NYSE,股权,,246841996
FLXS,"Flexsteel Industries, Inc.",NASDAQ,,,246481008
ASUR,"Asure Software, Inc.",NASDAQ,软件,,246267702
IPKW,Invesco International BuyBack Achievers ETF,NASDAQ,股权,,246048212
ESOA,Energy Services of America Corp.,NASDAQ,,,245938806
SLVO,UBS AG ETRACS Silver Shares Covered Call ETN,NASDAQ,环球,,245301161
MVV,ProShares Ultra MidCap400,NYSE,股权,,245100129
COPL,Copley Acquisition Corp.,NYSE,,,244639727
GTERU,Globa Terra Acquisition Corp.,NASDAQ,,,244625380
PPIH,"Perma-Pipe International Holdings, Inc.",NASDAQ,,,244521092
PLYX,"Polaryx Therapeutics, Inc.",NASDAQ,,,244291405
CVTI,"Covenant Transportation Group, Inc.",NASDAQ,运输,,244161560
GTERA,Globa Terra Acquisition Corp.,NASDAQ,,,244150829
MKLY,Mckinley Acquisition Corp.,NASDAQ,,,244061007
FJET,"Starfighters Space, Inc.",NYSE,,,243897395
IBDS,iShares iBonds Dec 2027 Term Corporate ETF,AMEX,,,243660357
SPCE,"Virgin Galactic Holdings, Inc.",NYSE,,,243412059
LZMH,LZ Technology Holdings Ltd.,NASDAQ,,,243312004
CCAC,CCIS Acquisition Corp.,NYSE,,,243225007
SUNH,Xuhang Holdings Ltd.,NASDAQ,,,243220000
APTM,Alpha Partners Technology Merger Corp.,NASDAQ,,,243206307
TLSI,"TriSalus Life Sciences, Inc.",NASDAQ,,,243200848
FRAF,Franklin Financial Services Corp. (Pennsylvania),NASDAQ,,,243058010
RWAY,Runway Growth Finance Corp.,NASDAQ,,,242820721
RDNW,"RideNow Group, Inc.",NASDAQ,,,242761970
VIH,VPC IMPACT ACQUISITION HLDGS,NASDAQ,,,242624988
FUNC,First United Corp.,NASDAQ,银行,,242501544
TPBA,TPB Acquisition Corp. I,NASDAQ,,,242362760
LODE,"Comstock, Inc.",NYSE,,,242304183
SRAC,Stable Road Acquisition Corp.,NASDAQ,,,242303589
STRS,"Stratus Properties, Inc.",NASDAQ,,,242270001
RICO,Agrico Acquisition Corp.,NASDAQ,,,241982994
ARCT,"Arcturus Therapeutics Holdings, Inc.",NASDAQ,,,241880009
POWW,Outdoor Holding Co.,NASDAQ,,,241614754
ZF,"Virtus Total Return Fund, Inc.",NYSE,股权,,241532968
CAMP,CAMP4 Therapeutics Corp.,NASDAQ,计算机硬件,,241424852
KROS,"Keros Therapeutics, Inc.",NASDAQ,,,241342599
JAKK,"JAKKS Pacific, Inc.",NASDAQ,,,241133736
ALXO,"ALX Oncology Holdings, Inc.",NASDAQ,,,240843006
INSU,"Shift Technologies, Inc.",NASDAQ,,,240817860
CNTX,"Context Therapeutics, Inc.",NASDAQ,,,240723433
ACAQ,Athena Consumer Acquisition Corp.,NYSE,,,240682539
BMRG,"Eos Energy Enterprises, Inc.",NYSE,,,240567007
LIVX,"LiveXLive Media, Inc.",NASDAQ,,,240518746
FBLA,"FB Bancorp, Inc.",NASDAQ,,,240060506
GFNCP,General Finance Corp.,NASDAQ,,,240014351
DAAQU,Digital Asset Acquisition Corp.,NASDAQ,,,239890007
ARL,"American Realty Investors, Inc.",NYSE,房地产,,239696321
MITT,"TPG Mortgage Investment Trust, Inc.",NYSE,,,239603152
UEVM,VictoryShares USAA MSCI Emerging Markets Value Momentum ETF,AMEX,,,239589689
DAVA,Endava Plc,NYSE,,,239584699
SHYD,VanEck Vectors Short High-Yield Municipal Index ETF,NYSE,股权,,239498954
GRRR,"Gorilla Technology Group, Inc.",NASDAQ,,,239158113
CFFI,C&F Financial Corp.,NASDAQ,银行,,239138574
PTNM,Pitanium Ltd.,NASDAQ,,,239099893
MCGA,Yorkville Acquisition Corp.,NASDAQ,,,238995984
RAAQ,Real Asset Acquisition Corp.,NASDAQ,,,238740003
ATLN,Atlantic International Corp.,NASDAQ,,,238659937
BRCB,Black Rock Coffee Bar  Inc.,NASDAQ,,,238581518
SOCA,Solarius Capital Acquisition Corp.,NASDAQ,,,238486502
ESCA,"Escalade, Inc.",NASDAQ,休闲,,238315806
GLO,Clough Global Opportunities Fund,AMEX,环球,,238207864
AREC,American Resources Corp. (Indiana),NASDAQ,,,237909937
CIAN,Cian Plc,NYSE,,,237563144
GNRSU,"The Greenrose Holding Co., Inc.",NASDAQ,,,237358485
SSAC,SPACSphere Acquisition Corp.,NASDAQ,,,237352910
PUI,Invesco Dorsey Wright Utilities Momentum ETF,NYSE,股权,,237348925
MFUS,PIMCO RAFI Dynamic Multi-Factor U.S. Equity ETF,AMEX,,,237256875
BZAI,"Blaize Holdings, Inc.",NASDAQ,,,236896994
AVAC,"Avalon Acquisition, Inc.",NASDAQ,,,236875285
EGHT,"8x8, Inc.",NASDAQ,电信,,236841006
NUAI,"New Era Energy & Digital, Inc.",NASDAQ,,,236752534
MAGH,Magnitude International Ltd.,NASDAQ,,,236600008
REFI,"Chicago Atlantic Real Estate Finance, Inc.",NASDAQ,,,236520657
MPTI,"M-tron Industries, Inc.",AMEX,,,236474283
HUHU,"HUHUTECH International Group, Inc.",NASDAQ,,,236457856
RFDA,ALPS Dynamic US Dividend Advantage ETF,AMEX,,,236358955
DAAQ,Digital Asset Acquisition Corp.,NASDAQ,,,235980005
LMNR,Limoneira Co.,NASDAQ,农业,,235932602
SNPE,Xtrackers S&P 500 ESG ETF,AMEX,,,235677062
FTF,Franklin Ltd. Duration Income Trust,AMEX,股权,,235562995
CVCY,Central Valley Community Bancorp,NASDAQ,银行,,235332386
BPRN,"Princeton Bancorp, Inc.",NASDAQ,,,234883854
AUDC,AudioCodes Ltd.,NASDAQ,电信,,234796025
PSF,"Cohen & Steers Select Preferred & Income Fund, Inc.",NYSE,股权,,234549646
RTIX,"RTI Surgical Holdings, Inc.",NASDAQ,,,234248237
USAU,U.S. Gold Corp.,NASDAQ,,,234151496
TDWD,Tailwind 2.0 Acquisition Corp.,NASDAQ,,,234037290
LATAU,Galata Acquisition Corp. II,NASDAQ,,,233910002
MRBK,Meridian Corp. (Pennsylvania),NASDAQ,,,233901001
ILTB,iShares Core 10+ Year USD Bond ETF,NASDAQ,股权,,233801472
NKSH,"National Bankshares, Inc.",NASDAQ,银行,,233560992
EVM,Eaton Vance California Municipal Bond Fund,AMEX,债务,,233406004
TPGE,TPG Pace Energy Holdings Corp.,NYSE,,,233281385
LCNB,LCNB Corp.,NASDAQ,银行,,233217871
CBNA,"Chain Bridge Bancorp, Inc.",NYSE,,,233206982
BKKT,"Bakkt, Inc.",NYSE,,,233188826
CENQ,CENAQ Energy Corp.,NASDAQ,,,233184126
ETHM,Dynamix Corp. (Cayman Islands),NASDAQ,,,233063991
MACI,Melar Acquisition Corp. I,NASDAQ,,,232864879
BUUU,BUUU Group Ltd.,NASDAQ,,,232772998
HLXB,Helix Acquisition Corp. II,NASDAQ,,,232738992
RFFC,ALPS Active Equity Opportunity ETF,AMEX,,,232724202
HCLP,Hi-Crush Partners LP,NYSE,采矿,,232543257
SLGL,Sol-Gel Technologies Ltd.,NASDAQ,,,232457952
CLW,Clearwater Paper Corp.,NYSE,林产品/造纸,,232397644
IKT,"Inhibikase Therapeutics, Inc.",NASDAQ,,,232376998
SMWB,SimilarWeb Ltd.,NYSE,,,232200433
PROF,Profound Medical Corp.,NASDAQ,,,231553006
GSC,Goldman Sachs Small Cap Core Equity ETF,NYSE,股权,,231458988
SVCO,"Silvaco Group, Inc.",NASDAQ,,,231405072
ELDN,"Eledon Pharmaceuticals, Inc.",NASDAQ,,,231347748
SPOK,"Spok Holdings, Inc.",NASDAQ,,,231143428
FBGX,UBS AG FI Enhanced Large Cap Growth ETN,NYSE,股权,,231106045
LAW,"CS Disco, Inc.",NYSE,,,230517629
LATA,Galata Acquisition Corp. II,NASDAQ,,,230115003
LWAC,LightWave Acquisition Corp.,NASDAQ,,,230073746
MSF,"Morgan Stanley Emerging Markets Fund, Inc.",NYSE,股权,,229749059
LABD,Direxion Daily S&P Biotech Bear 3X ETF,NYSE,,,229682001
LVNTB,Liberty Interactive Corp.,NASDAQ,媒体内容,,229314902
TWCBU,Bilander Acquisition Corp.,NASDAQ,,,229181725
DYOR,Insight Digital Partners II,NASDAQ,,,228854602
JFIN,"Jiayin Group, Inc.",NASDAQ,,,228421681
BLRK,Bluerock Acquisition Corp.,NASDAQ,,,227699991
TWIN,"Twin Disc, Inc.",NASDAQ,机械-多元,,227429553
HWBK,"Hawthorn Bancshares, Inc.",NASDAQ,银行,,227069560
NWY,"New York & Co., Inc.",NYSE,零售,,226908850
BIII,Black Spade Acquisition III Co.,NYSE,,,226550009
QEMM,State Street SPDR MSCI Emerging Markets StrategicFactors ETF,NYSE,股权,,226452383
SVCC,Stellar V Capital Corp.,NASDAQ,,,226308271
PUTW,WisdomTree CBOE S&P 500 PutWrite Strategy Fund,AMEX,,,226120505
MEAR,iShares Short Maturity Municipal Bond ETF,NYSE,,,225839985
TRONU,Corner Growth Acquisition Corp. 2,NASDAQ,,,225699996
LOVE,The Lovesac Co.,NASDAQ,,,225688111
BNDW,Vanguard Total World Bond ETF,NASDAQ,,,225658728
LSPR,Larkspur Health Acquisition Corp.,NASDAQ,,,225657472
GWAC,GOOD WORKS ACQUISITION CORP,NASDAQ,,,225519000
CURR,"Currenc Group, Inc.",NASDAQ,,,225237650
BRIVU,B. Riley Principal 250 Merger Corp.,NASDAQ,,,225170997
IRAB,Iris Acquisition Corp. II,NYSE,,,225153003
SNSR,Global X Internet of Things Thematic ETF,NASDAQ,,,225031565
ORIAU,Orion Biotech Opportunities Corp.,NASDAQ,,,224999991
MEAC,SEP Acquisition Corp.,NASDAQ,,,224842200
RGCO,"RGC Resources, Inc.",NASDAQ,,,224832745
CMRC,"Commerce.com, Inc.",NASDAQ,,,224723001
HLXC,Helix Acquisition Corp. III,NASDAQ,,,224129597
APN,Apeiron Capital Investment Corp.,NYSE,,,223603123
EVTL,Vertical Aerospace Ltd.,NYSE,,,223075008
CAF,"Morgan Stanley China A Share Fund, Inc.",NYSE,股权,,222880068
IYT,iShares Transportation Average ETF,NYSE,股权,,222521733
RXT,"Rackspace Technology, Inc.",NASDAQ,,,222371112
NVFY,"Nova Lifestyle, Inc.",NASDAQ,,,222092064
PLG,Platinum Group Metals Ltd.,NYSE,采矿,,221900350
EINC,VanEck Vectors High Income MLP ETF,AMEX,,,221760670
STRZ,Starz Entertainment Corp.,NASDAQ,,,221619615
NVUS,"Eledon Pharmaceuticals, Inc.",NASDAQ,,,221341802
DYNS,Dynamics Special Purpose Corp.,NASDAQ,,,221285912
RDIB,"Reading International, Inc.",NASDAQ,娱乐,,221266107
CFNB,California First Leasing Corp.,NASDAQ,多元化金融服务,,220893000
PEBK,"Peoples Bancorp of North Carolina, Inc.",NASDAQ,银行,,220888978
FINW,FinWise Bancorp,NASDAQ,,,220880993
JRS,Nuveen Real Estate Income Fund,AMEX,股权,,220737993
PKD,Parker Drilling Co.,NYSE,油气,,220554948
APF,"Morgan Stanley Asia-Pacific Fund, Inc.",NYSE,股权,,220321409
CVRX,"CVRx, Inc.",NASDAQ,,,220227997
SJT,San Juan Basin Royalty Trust,NYSE,油气,,219993507
GWRS,"Global Water Resources, Inc.",NASDAQ,,,219466531
CGEN,Compugen Ltd.,NASDAQ,生物技术,,219365568
RYJ,Invesco Raymond James SB-1 Equity ETF,NYSE,股权,,219084478
NVA,Nova Minerals Ltd.,NYSE,,,218842303
FDMO,Fidelity Momentum Factor ETF,AMEX,,,218650662
ONCH,1RT Acquisition Corp.,NASDAQ,,,218643768
OABI,"OmniAb, Inc.",NASDAQ,,,218621796
NPV,Nuveen Virginia Quality Municipal Income Fund,NYSE,债务,,218505744
SALT,"Eneti, Inc.",NYSE,,,218416902
TSI,"TCW Strategic Income Fund, Inc.",NYSE,股权,,218379478
NIU,Niu Technologies,NASDAQ,,,218299118
BSAQ,Black Spade Acquisition Co.,NYSE,,,218220992
MDWD,MediWound Ltd.,NASDAQ,,,218102759
GVAL,Cambria Global Value ETF,NYSE,环球,,218080863
CBD,Companhia Brasileira de Distribuicao,NYSE,,,218056747
BCTG,BCTG Acquisition Corp.,NASDAQ,,,218047946
SSC,"Seven Stars Cloud Group, Inc.",NASDAQ,,,217964052
FENC,"Fennec Pharmaceuticals, Inc.",NASDAQ,,,217883131
BLZE,"Backblaze, Inc.",NASDAQ,,,217561993
TCACU,Tuatara Capital Acquisition Corp.,NASDAQ,,,217499995
MFM,MFS Municipal Income Trust,NYSE,股权,,217470711
RTH,VanEck Retail ETF,NYSE,股权,,217310792
CNDT,"Conduent, Inc.",NYSE,,,217135536
RNA,"Atrium Therapeutics, Inc.",NASDAQ,生物技术和制药,,217054371
TKKS,TKK Symphony Acquisition Corp.,NASDAQ,,,217005003
NXDT,NexPoint Diversified Real Estate Trust,NYSE,,,216948689
DSAC,Daedalus Special Acquisition Corp.,NASDAQ,,,216781247
AOI,"Alliance One International, Inc.",NYSE,农业,,216606298
OMI,"Owens & Minor, Inc.",NYSE,销售/批发,,216570084
SYLD,Cambria Shareholder Yield ETF,AMEX,股权,,216411769
TTAC,TrimTabs Float Shrink ETF,AMEX,,,216396129
GENC,"Gencor Industries, Inc.",NASDAQ,,,216347685
MAMK,"MaxsMaking, Inc.",NASDAQ,,,216125000
CRAC,Crown Reserve Acquisition Corp. I,NASDAQ,,,216056260
XLG,Invesco S&P 500 Top 50 ETF,NYSE,股权,,216054677
FRI,First Trust S&P REIT Index Fund,NYSE,股权,,215782797
ULST,SPDR SSgA Ultra Short Term Bond ETF,NYSE,,,215661672
NPT,Texxon Holding Ltd.,NASDAQ,,,215416351
MRAM,"Everspin Technologies, Inc.",NASDAQ,,,215250012
BVX,Bovie Medical Corp.,NYSE,,,215158998
BSGM,"BioSig Technologies, Inc.",NASDAQ,,,215152755
GNPK,GENESIS PARK ACQUISITION CORP.,NYSE,,,214956294
FREY,"FREYR Battery, Inc.",NYSE,,,214949398
SNLN,Highland/iBoxx Senior Loan ETF,NASDAQ,股权,,214897434
LTRX,"Lantronix, Inc.",NASDAQ,电信,,214733855
OZ,Belpointe PREP LLC,AMEX,,,214675063
FMCIU,Forum Merger Ii Corp.,NASDAQ,,,214590644
PESI,"Perma-Fix Environmental Services, Inc.",NASDAQ,环境控制,,214409559
QARP,Xtrackers Russell 1000 US Quality at a Reasonable Price ETF,AMEX,,,214285145
SND,"Smart Sand, Inc.",NYSE,,,214207898
GIM,Templeton Global Income Fund,NYSE,环球,,214174998
ARYA,ARYA Sciences Acquisition Corp. III,NASDAQ,,,214121337
WRTC,"Wrap Technologies, Inc.",NASDAQ,,,213964498
TCAC,Tuatara Capital Acquisition Corp.,NASDAQ,,,213750005
EGAN,eGain Corp.,NASDAQ,软件,,213337796
MGNX,"MacroGenics, Inc.",NASDAQ,生物技术和制药,,212911988
EJFA,EJF Acquisition Corp.,NASDAQ,,,212390608
HRZN,Horizon Technology Finance Corp.,NASDAQ,多元化金融服务,,212252920
LIEN,"Chicago Atlantic BDC, Inc.",NASDAQ,,,212231491
LGI,"Lazard Global Total Return & Income Fund, Inc.",NYSE,环球,,211850705
GSHR,Gesher Acquisition Corp. II,NASDAQ,,,211802279
REV,"Revlon, Inc.",NYSE,化妆品/护理,,211772372
SBTX,"Silverback Therapeutics, Inc.",NASDAQ,,,211661184
BYRN,"Byrna Technologies, Inc.",NASDAQ,,,211657150
OSUR,"OraSure Technologies, Inc.",NASDAQ,医疗保健产品,,211526082
KINS,"Kingstone Cos., Inc.",NASDAQ,保险,,211506408
NVCT,"Nuvectis Pharma, Inc.",NASDAQ,,,210079176
EGHA,EGH Acquisition Corp.,NASDAQ,,,209919995
MINE,Mayfair Gold Corp.,NYSE,,,209744471
VABK,Virginia National Bankshares Corp.,NASDAQ,,,209455033
HAVAU,Harvard Ave Acquisition Corp.,NASDAQ,,,209415070
CMT,"Core Molding Technologies, Inc.",NYSE,多元化制造商,,209276991
DDT,Dillards Capital Trust I,NYSE,,,208960007
RDCM,RADCOM Ltd.,NASDAQ,电信,,208797621
IVCB,Investcorp Europe Acquisition Corp. I,NASDAQ,,,208743842
JACK,"Jack in the Box, Inc.",NASDAQ,,,208634999
OVBC,Ohio Valley Banc Corp.,NASDAQ,银行,,208508896
FXN,First Trust Energy AlphaDEX Fund,NYSE,股权,,208275514
MEI,"Methode Electronics, Inc.",NYSE,汽车制造,,207976561
DVP,Deep Value ETF,NYSE,,,207557044
AIRS,"AirSculpt Technologies, Inc.",NASDAQ,,,207404306
EDNC,Endurance Acquisition Corp.,NASDAQ,,,207249999
HAVA,Harvard Ave Acquisition Corp.,NASDAQ,,,207138937
AOMR,"Angel Oak Mortgage REIT, Inc.",NYSE,,,207040744
MDGN,Medgenics Inc,NYSE,医疗保健产品,,206635003
TPVG,TriplePoint Venture Growth BDC Corp.,NYSE,,,206099939
TVAC,THAYER VENTURES ACQ CORP,NASDAQ,,,205921879
DFPHU,DFP Healthcare Acquisitions Corp.,NASDAQ,,,205200005
SPMC,"Sound Point Meridian Capital, Inc.",NYSE,,,205158000
CDMOP,"Avid Bioservices, Inc.",NASDAQ,,,205042930
UCON,First Trust Smith Unconstrained Plus Bond ETF,AMEX,,,204830594
FLWS,"1-800-FLOWERS.COM, Inc.",NASDAQ,,,204369925
SMHI,"Seacor Marine Holdings, Inc.",NYSE,,,204294998
MPAA,"Motorcar Parts of America, Inc.",NASDAQ,汽车制造,,204212443
TBCH,Turtle Beach Corp.,NASDAQ,,,204036455
JMBS,Janus Henderson Mortgage-Backed Securities ETF,AMEX,,,204030046
OPBK,OP Bancorp,NASDAQ,,,203853704
FT,Franklin Universal Trust,NYSE,股权,,203317002
GIK,"GigCapital3, Inc.",NYSE,,,202487010
ETX,Eaton Vance Municipal Income 2028 Term Trust,NYSE,,,202415841
ROM,ProShares Ultra Technology,NYSE,股权,,202399846
UTMD,"Utah Medical Products, Inc.",NASDAQ,,,202153985
REDU,RISE Education Cayman Ltd.,NASDAQ,,,202042164
VALQ,American Century STOXX U.S. Quality Value ETF,AMEX,,,201879907
FNKO,"Funko, Inc.",NASDAQ,,,201818004
CUBN,"Commerce Union Bancshares, Inc. (Tennessee)",NASDAQ,,,201812435
GXGX,GX Acquisition Corp.,NASDAQ,,,201628537
CMTV,Community Bancorp (Vermont),NASDAQ,,,201405587
CRNT,Ceragon Networks Ltd.,NASDAQ,计算机硬件,,201353601
UOCT,Innovator S&#38;P 500 Power Buffer ETF,AMEX,,,201282539
KRRO,"Korro Bio, Inc.",NASDAQ,,,200617960
HITI,"High Tide, Inc.",NASDAQ,,,200406995
MFIN,Medallion Financial Corp.,NASDAQ,,,200241012
BIB,ProShares Ultra Nasdaq Biotechnology,NASDAQ,股权,,200098449
NHS,Neuberger High Yield Strategies Fund Inc,AMEX,环球,,200086396
WLII,Willow Lane Acquisition Corp. II,NASDAQ,,,200078583
FLYX,"flyExclusive, Inc.",NYSE,,,200026229
SPP,Sappi Ltd ADS,NYSE,林产品/造纸,,199948000
ANIK,"Anika Therapeutics, Inc.",NASDAQ,制药,,199939206
SRV,NXG Cushing Midstream Energy Fund,NYSE,股权,,199726993
DUOT,"Duos Technologies Group, Inc.",NASDAQ,,,199710004
BRCC,"BRC, Inc.",NYSE,,,199300055
GVIP,Goldman Sachs Hedge Industry VIP ETF,NYSE,,,199079080
CXDO,"Crexendo, Inc.",NASDAQ,,,199065129
LUCD,"Lucid Diagnostics, Inc.",NASDAQ,,,198179489
INSG,Inseego Corp.,NASDAQ,,,198150572
BDE,Black Diamond,NASDAQ,休闲,,198084205
BEBE,TGE Value Creative Solutions Corp.,NASDAQ,零售,,197999992
ENLV,Enlivex Ltd.,NASDAQ,,,197833743
SMB,VanEck Short Muni ETF,NYSE,股权,,197674246
ALGRU,Allegro Merger Corp.,NASDAQ,,,197567664
CAPN,Cayson Acquisition Corp.,NASDAQ,,,197291068
RTM,Invesco S&P 500 Equal Weight Materials ETF,NYSE,股权,,197253928
RPAY,Repay Holdings Corp.,NASDAQ,,,197208008
CZWI,"Citizens Community Bancorp, Inc. (Wisconsin)",NASDAQ,储蓄及贷款,,197193990
DIBS,"1stdibs.com, Inc.",NASDAQ,,,197190605
IIF,"Morgan Stanley India Investment Fund, Inc.",NYSE,股权,,197172985
GPIA,GP INVESTMENTS ACQUISITION CO,NASDAQ,,,197096321
NEN,New England Realty Associates LP,NYSE,,,197094543
TWM,ProShares UltraShort Russell2000,NYSE,股权,,196925928
ELMD,"Electromed, Inc.",NYSE,,,196786949
FSDC,"Gemini Therapeutics, Inc.",NASDAQ,,,196676263
KRMD,"KORU Medical Systems, Inc.",NASDAQ,,,196610621
LAQ,"Aberdeen Latin America Equity Fund, Inc.",AMEX,股权,,196491872
ARQQ,"Arqit Quantum, Inc.",NASDAQ,,,196430833
TCX,"Tucows, Inc.",NYSE,互联网,,196425999
INBK,First Internet Bancorp,NASDAQ,银行,,196385995
IMPP,"Imperial Petroleum, Inc.",NASDAQ,,,196262080
HLXA,Helix Acquisition Corp.,NASDAQ,,,196166250
FIGX,FIGX Capital Acquisition Corp.,NASDAQ,,,195988288
OCN,Ocwen Financial Corp.,NYSE,,,195865219
EFSI,"Eagle Financial Services, Inc.",NASDAQ,,,195765630
EPSN,Epsilon Energy Ltd.,NASDAQ,,,195652794
AMCIU,AMCI Acquisition Corp. II,NASDAQ,,,195562506
VUZI,Vuzix Corp.,NASDAQ,,,195421898
AMTX,"Aemetis, Inc.",NASDAQ,,,195231331
PGHY,Invesco Global Ex-US High Yield Corporate Bond ETF,AMEX,,,195190413
LEE,"Lee Enterprises, Inc.",NYSE,媒体内容,,195178990
VENU,Venu Holding Corp.,NYSE,,,194921838
GIX,GigCapital9 Corp.,NYSE,,,194755055
DINT,Davis Select International ETF,NASDAQ,,,194688675
GORO,Gold Resource Corp.,NYSE,,,194230627
BKEP,BlueKnight Energy Partners LP,NASDAQ,,,194010899
ARYB,"Cerevel Therapeutics Holdings, Inc.",NASDAQ,,,193784011
DHY,Credit Suisse High Yield Bond Fund,AMEX,股权,,193749997
ALPA,Alpha Healthcare Acquisition Corp. III,NASDAQ,,,193736312
AIIA,AI Infrastructure Acquisition Corp.,NYSE,,,193671599
SAII,"Software Acquisition Group, Inc. II",NASDAQ,,,193631240
DMB,"BNY Mellon Municipal Bond Infrastructure Fund, Inc.",NYSE,股权,,193630844
HERE,Here Group Ltd.,NASDAQ,,,193609226
PACI,PROOF Acquisition Corp. I,NYSE,,,193474921
APMIU,AxonPrime Infrastructure Acquisition Corp.,NASDAQ,,,193312508
FNDB,Schwab Fundamental U.S. Broad Market ETF,AMEX,股权,,193164861
FTXO,First Trust Nasdaq Bank ETF,NASDAQ,,,193073458
GLTA,Galata Acquisition Corp.,AMEX,,,192804679
OILU,Microsectors Oil & Gas Expl & Prod +3x Leveraged ETN,NASDAQ,,,192793457
VACC,Vaccitech Plc,NASDAQ,,,192732970
KWAC,Kingswood Acquisition Corp.,NYSE,,,192570694
CHCI,"Comstock Holding Cos., Inc.",NASDAQ,房屋建筑商,,192471699
MENS,Jyong Biotech Ltd.,NASDAQ,,,192349995
SWKH,SWK Holdings Corp.,NASDAQ,,,192324901
PALOU,Paloma Acquisition Corp. I,NASDAQ,,,192114991
YS,YS Biopharma Co. Ltd.,NASDAQ,,,192094515
XRLV,Invesco S&P 500 ex-Rate Sensitive Low Volatility ETF,NYSE,,,191787225
PAL,"Proficient Auto Logistics, Inc.",NYSE,采矿,,191581998
PROP,Prairie Operating Co.,NASDAQ,,,191435558
RCMT,"RCM Technologies, Inc.",NASDAQ,,,191414273
KGEI,"Kolibri Global Energy, Inc.",NASDAQ,,,191206499
SMOG,VanEck Vectors Global Alternative Energy ETF,AMEX,,,191146472
ACB,"Aurora Cannabis, Inc.",NYSE,,,191110746
OPP,RiverNorth/DoubleLine Strategic Opportunity Fund,NYSE,,,190924598
HYZD,WisdomTree Interest Rate Hedged High Yield Bond Fund,NASDAQ,股权,,190882006
SRVR,Pacer Benchmark Data & Infrastructure Real Estate SCTR ETF,AMEX,,,190809477
KF,"The Korea Fund, Inc.",NYSE,股权,,190702025
CURI,"CuriosityStream, Inc.",NASDAQ,,,190487000
CNCK,Coincheck Group NV,NASDAQ,,,190297997
ABOS,"Acumen Pharmaceuticals, Inc.",NASDAQ,,,189919562
DHXM,WildBrain Ltd.,NASDAQ,,,189742117
IDE,"Voya Infrastructure, Industrials & Materials Fund",NYSE,股权,,189605567
PPHM,"Avid Bioservices, Inc.",NASDAQ,生物技术,,189441475
ZNTL,"Zentalis Pharmaceuticals, Inc.",NASDAQ,,,189385818
INFU,"InfuSystem Holdings, Inc.",NYSE,卫生保健设施,,189213872
IHE,iShares U.S. Pharmaceuticals ETF,NYSE,股权,,189177995
IHF,iShares U.S. Healthcare Providers ETF,NYSE,股权,,189128218
SGHT,"Sight Sciences, Inc.",NASDAQ,,,189020944
EXOD,"Exodus Movement, Inc.",NYSE,,,189018007
AMHC,Amplitude Healthcare Acquisition Corp.,NASDAQ,,,188999999
GRO,Brazil Potash Corp.,NYSE,农业,,188794744
SAQN,"CuriosityStream, Inc.",NASDAQ,,,188744010
OMSE,"OMS Energy Technologies, Inc.",NASDAQ,,,188557139
VTIX,"Virtuix Holdings, Inc.",NASDAQ,,,188548729
OSS,"One Stop Systems, Inc.",NASDAQ,,,188497393
WIA,Western Asset Inflation-Linked Income Fund,NYSE,股权,,188443827
GRAF,Graf Global Corp.,NYSE,,,188292822
GLND,Greenland Energy Co.,NASDAQ,,,188255264
INSUU,Insurance Acquisition Corp.,NASDAQ,,,188215043
RYE,Invesco S&P 500 Equal Weight Energy ETF,NYSE,股权,,188055152
VPV,Invesco Pennsylvania Value Municipal Income Trust,NYSE,债务,,188015005
HGLB,Highland Global Allocation Fund,NYSE,,,187975866
ADME,Aptus Drawdown Managed Equity ETF,AMEX,,,187846182
III,"Information Services Group, Inc.",NASDAQ,,,187837001
TRIS,Tristar Acquisition I Corp.,NYSE,,,187635463
XTN,SPDR S&P Transportation ETF,NYSE,股权,,187373341
THAR,"Tharimmune, Inc.",NASDAQ,,,187370992
ZIOP,"ZIOPHARM Oncology, Inc.",NASDAQ,生物技术,,187117722
AIRJ,AirJoule Technologies Corp.,NASDAQ,,,186862332
FITBP,Fifth Third Bancorp,NASDAQ,,,186800003
OGI,"Organigram Global, Inc.",NASDAQ,,,186782158
GSIT,"GSI Technology, Inc.",NASDAQ,半导体,,186720802
MPV,Barings Participation Investors,NYSE,股权,,186108429
CFBK,"CF Bankshares, Inc.",NASDAQ,银行,,186010754
FF,FutureFuel Corp.,NYSE,能源-替代能源,,185980988
TNXP,Tonix Pharmaceuticals Holding Corp.,NASDAQ,生物技术和制药,,185664587
ELTX,"Elicio Therapeutics, Inc.",NASDAQ,,,185616389
WNNR,Andretti Acquisition Corp.,NYSE,,,185569299
INGN,"Inogen, Inc.",NASDAQ,,,185179992
SPMO,Invesco S&P 500 Momentum ETF,NYSE,,,185158897
FEU,SPDR STOXX Europe 50 ETF,NYSE,资产配置,,185070277
GHIVU,"Gores Holdings IV, Inc.",NASDAQ,,,184847951
ORM,"Owens Realty Mortgage, Inc.",AMEX,,,184502640
SEVN,Seven Hills Realty Trust,NASDAQ,,,184390994
