symbol,name,exchange,sector,list_date,mktcap
000001.SZ,平安银行,SZSE,银行,19910403,
000002.SZ,万科Ａ,SZSE,全国地产,19910129,
000006.SZ,深振业Ａ,SZSE,区域地产,19920427,
000007.SZ,全新好,SZSE,其他商业,19920413,
000008.SZ,神州高铁,SZSE,运输设备,19920507,
000009.SZ,中国宝安,SZSE,电气设备,19910625,
000010.SZ,美丽生态,SZSE,建筑工程,19951027,
000011.SZ,深物业A,SZSE,房产服务,19920330,
000012.SZ,南玻Ａ,SZSE,玻璃,19920228,
000014.SZ,沙河股份,SZSE,全国地产,19920602,
000016.SZ,深康佳Ａ,SZSE,家用电器,19920327,
000017.SZ,深中华A,SZSE,服饰,19920331,
000019.SZ,深粮控股,SZSE,农业综合,19921012,
000020.SZ,深华发Ａ,SZSE,元器件,19920428,
000021.SZ,深科技,SZSE,元器件,19940202,
000025.SZ,特力Ａ,SZSE,综合类,19930621,
000026.SZ,飞亚达,SZSE,服饰,19930603,
000027.SZ,深圳能源,SZSE,火力发电,19930903,
000028.SZ,国药一致,SZSE,医药商业,19930809,
000029.SZ,深深房Ａ,SZSE,区域地产,19930915,
000030.SZ,富奥股份,SZSE,汽车配件,19930929,
000031.SZ,大悦城,SZSE,全国地产,19931008,
000032.SZ,深桑达Ａ,SZSE,建筑工程,19931028,
000034.SZ,神州数码,SZSE,软件服务,19940509,
000035.SZ,中国天楹,SZSE,环境保护,19940408,
000036.SZ,华联控股,SZSE,全国地产,19940617,
000037.SZ,深南电A,SZSE,火力发电,19940701,
000039.SZ,中集集团,SZSE,运输设备,19940408,
000042.SZ,中洲控股,SZSE,全国地产,19940921,
000045.SZ,深纺织Ａ,SZSE,元器件,19940815,
000048.SZ,京基智农,SZSE,农业综合,19941101,
000049.SZ,德赛电池,SZSE,电气设备,19950320,
000050.SZ,深天马Ａ,SZSE,元器件,19950315,
000055.SZ,方大集团,SZSE,其他建材,19960415,
000056.SZ,皇庭国际,SZSE,其他商业,19960708,
000058.SZ,深赛格,SZSE,商品城,19961226,
000059.SZ,华锦股份,SZSE,石油加工,19970130,
000060.SZ,中金岭南,SZSE,铅锌,19970123,
000061.SZ,农产品,SZSE,农业综合,19970110,
000062.SZ,深圳华强,SZSE,元器件,19970130,
000063.SZ,中兴通讯,SZSE,通信设备,19971118,
000065.SZ,北方国际,SZSE,建筑工程,19980605,
000066.SZ,中国长城,SZSE,IT设备,19970626,
000068.SZ,华控赛格,SZSE,环境保护,19970611,
000069.SZ,华侨城Ａ,SZSE,全国地产,19970910,
000070.SZ,特发信息,SZSE,通信设备,20000511,
000078.SZ,海王生物,SZSE,医药商业,19981218,
000088.SZ,盐田港,SZSE,港口,19970728,
000089.SZ,深圳机场,SZSE,机场,19980420,
000090.SZ,天健集团,SZSE,建筑工程,19990721,
000096.SZ,广聚能源,SZSE,石油贸易,20000724,
000099.SZ,中信海直,SZSE,空运,20000731,
000100.SZ,TCL科技,SZSE,元器件,20040130,
000151.SZ,中成股份,SZSE,商贸代理,20000906,
000153.SZ,丰原药业,SZSE,化学制药,20000920,
000155.SZ,川能动力,SZSE,新型电力,20000926,
000156.SZ,华数传媒,SZSE,影视音像,20000906,
000157.SZ,中联重科,SZSE,工程机械,20001012,
000158.SZ,常山北明,SZSE,软件服务,20000724,
000159.SZ,国际实业,SZSE,石油贸易,20000926,
000166.SZ,申万宏源,SZSE,证券,20150126,
000301.SZ,东方盛虹,SZSE,化纤,20000529,
000333.SZ,美的集团,SZSE,家用电器,20130918,
000338.SZ,潍柴动力,SZSE,汽车配件,20070430,
000400.SZ,许继电气,SZSE,电气设备,19970418,
000401.SZ,金隅冀东,SZSE,水泥,19960614,
000402.SZ,金融街,SZSE,全国地产,19960626,
000403.SZ,派林生物,SZSE,生物制药,19960628,
000404.SZ,长虹华意,SZSE,家用电器,19960619,
000407.SZ,胜利股份,SZSE,供气供热,19960703,
000408.SZ,藏格矿业,SZSE,农药化肥,19960628,
000409.SZ,云鼎科技,SZSE,软件服务,19960627,
000410.SZ,沈阳机床,SZSE,机床制造,19960718,
000411.SZ,英特集团,SZSE,医药商业,19960716,
000415.SZ,渤海租赁,SZSE,多元金融,19960716,
000417.SZ,合百集团,SZSE,百货,19960812,
000419.SZ,通程控股,SZSE,百货,19960816,
000420.SZ,吉林化纤,SZSE,化纤,19960802,
000421.SZ,南京公用,SZSE,供气供热,19960806,
000422.SZ,湖北宜化,SZSE,农药化肥,19960815,
000423.SZ,东阿阿胶,SZSE,中成药,19960729,
000425.SZ,徐工机械,SZSE,工程机械,19960828,
000426.SZ,兴业银锡,SZSE,铅锌,19960828,
000428.SZ,华天酒店,SZSE,酒店餐饮,19960808,
000429.SZ,粤高速Ａ,SZSE,路桥,19980220,
000498.SZ,山东路桥,SZSE,建筑工程,19970609,
000501.SZ,武商集团,SZSE,百货,19921120,
000503.SZ,国新健康,SZSE,软件服务,19921130,
000505.SZ,京粮控股,SZSE,食品,19921221,
000506.SZ,招金黄金,SZSE,黄金,19930312,
000507.SZ,珠海港,SZSE,新型电力,19930326,
000509.SZ,华塑控股,SZSE,元器件,19930507,
000510.SZ,新金路,SZSE,化工原料,19930507,
000513.SZ,丽珠集团,SZSE,化学制药,19931028,
000514.SZ,渝开发,SZSE,区域地产,19930712,
000516.SZ,国际医学,SZSE,医疗保健,19930809,
000517.SZ,荣安地产,SZSE,区域地产,19930806,
000519.SZ,中兵红箭,SZSE,专用机械,19931008,
000520.SZ,凤凰航运,SZSE,水运,19931025,
000521.SZ,长虹美菱,SZSE,家用电器,19931018,
000523.SZ,红棉股份,SZSE,食品,19931108,
000524.SZ,岭南控股,SZSE,旅游服务,19931118,
000525.SZ,红太阳,SZSE,农药化肥,19931028,
000526.SZ,学大教育,SZSE,文教休闲,19931101,
000528.SZ,柳工,SZSE,工程机械,19931118,
000529.SZ,广弘控股,SZSE,食品,19931118,
000530.SZ,冰山冷热,SZSE,机械基件,19931208,
000531.SZ,穗恒运Ａ,SZSE,火力发电,19940106,
000532.SZ,华金资本,SZSE,多元金融,19940103,
000533.SZ,顺钠股份,SZSE,电气设备,19940103,
000534.SZ,万泽股份,SZSE,生物制药,19940110,
000536.SZ,华映科技,SZSE,元器件,19931126,
000537.SZ,绿发电力,SZSE,新型电力,19931210,
000538.SZ,云南白药,SZSE,中成药,19931215,
000539.SZ,粤电力Ａ,SZSE,火力发电,19931126,
000541.SZ,佛山照明,SZSE,家用电器,19931123,
000543.SZ,皖能电力,SZSE,火力发电,19931220,
000544.SZ,中原环保,SZSE,环境保护,19931208,
000545.SZ,金浦钛业,SZSE,化工原料,19931215,
000546.SZ,金圆股份,SZSE,环境保护,19931215,
000547.SZ,航天发展,SZSE,通信设备,19931130,
000548.SZ,湖南投资,SZSE,路桥,19931220,
000550.SZ,江铃汽车,SZSE,汽车整车,19931201,
000551.SZ,创元科技,SZSE,专用机械,19940106,
000552.SZ,甘肃能化,SZSE,煤炭开采,19940106,
000553.SZ,安道麦A,SZSE,农药化肥,19931203,
000554.SZ,泰山石油,SZSE,石油贸易,19931215,
000555.SZ,神州信息,SZSE,软件服务,19940408,
000557.SZ,西部创业,SZSE,铁路,19940617,
000558.SZ,天府文旅,SZSE,旅游景点,19940509,
000559.SZ,万向钱潮,SZSE,汽车配件,19940110,
000560.SZ,我爱我家,SZSE,房产服务,19940202,
000561.SZ,烽火电子,SZSE,通信设备,19940509,
000563.SZ,陕国投Ａ,SZSE,多元金融,19940110,
000564.SZ,供销大集,SZSE,百货,19940110,
000565.SZ,渝三峡Ａ,SZSE,染料涂料,19940408,
000566.SZ,海南海药,SZSE,化学制药,19940525,
000567.SZ,海德股份,SZSE,多元金融,19940525,
000568.SZ,泸州老窖,SZSE,白酒,19940509,
000570.SZ,苏常柴Ａ,SZSE,农用机械,19940701,
000571.SZ,新大洲A,SZSE,煤炭开采,19940525,
000572.SZ,海马汽车,SZSE,汽车整车,19940808,
000573.SZ,粤宏远Ａ,SZSE,区域地产,19940815,
000576.SZ,甘化科工,SZSE,电气设备,19940907,
000581.SZ,威孚高科,SZSE,汽车配件,19980924,
000582.SZ,北部湾港,SZSE,港口,19951102,
000586.SZ,汇源通信,SZSE,通信设备,19951220,
000589.SZ,贵州轮胎,SZSE,汽车配件,19960308,
000590.SZ,古汉医药,SZSE,中成药,19960119,
000591.SZ,太阳能,SZSE,新型电力,19960208,
000592.SZ,平潭发展,SZSE,林业,19960327,
000593.SZ,德龙汇能,SZSE,供气供热,19960312,
000596.SZ,古井贡酒,SZSE,白酒,19960927,
000597.SZ,东北制药,SZSE,化学制药,19960523,
000598.SZ,兴蓉环境,SZSE,水务,19960529,
000599.SZ,青岛双星,SZSE,汽车配件,19960430,
000600.SZ,建投能源,SZSE,火力发电,19960606,
000601.SZ,韶能股份,SZSE,水力发电,19960830,
000603.SZ,盛达资源,SZSE,铅锌,19960823,
000605.SZ,渤海股份,SZSE,水务,19960913,
000607.SZ,华媒控股,SZSE,广告包装,19960830,
000610.SZ,西安旅游,SZSE,旅游服务,19960926,
000612.SZ,焦作万方,SZSE,铝,19960926,
000617.SZ,中油资本,SZSE,多元金融,19961022,
000619.SZ,海螺新材,SZSE,其他建材,19961023,
000620.SZ,盈新发展,SZSE,全国地产,19961029,
000623.SZ,吉林敖东,SZSE,中成药,19961028,
000625.SZ,长安汽车,SZSE,汽车整车,19970610,
000626.SZ,远大控股,SZSE,商贸代理,19961128,
000628.SZ,高新发展,SZSE,建筑工程,19961118,
000629.SZ,钒钛股份,SZSE,小金属,19961115,
000630.SZ,铜陵有色,SZSE,铜,19961120,
000631.SZ,顺发恒能,SZSE,综合类,19961122,
000632.SZ,三木集团,SZSE,综合类,19961121,
000633.SZ,合金投资,SZSE,小金属,19961112,
000635.SZ,英力特,SZSE,化工原料,19961120,
000636.SZ,风华高科,SZSE,元器件,19961129,
000637.SZ,茂化实华,SZSE,石油加工,19961114,
000639.SZ,西王食品,SZSE,食品,19961126,
000650.SZ,仁和药业,SZSE,中成药,19961210,
000651.SZ,格力电器,SZSE,家用电器,19961118,
000652.SZ,泰达股份,SZSE,批发业,19961128,
000655.SZ,金岭矿业,SZSE,普钢,19961128,
000657.SZ,中钨高新,SZSE,小金属,19961205,
000659.SZ,珠海中富,SZSE,广告包装,19961203,
000661.SZ,长春高新,SZSE,生物制药,19961218,
000663.SZ,永安林业,SZSE,林业,19961206,
000665.SZ,湖北广电,SZSE,影视音像,19961210,
000670.SZ,盈方微,SZSE,元器件,19961217,
000672.SZ,上峰水泥,SZSE,水泥,19961218,
000676.SZ,智度股份,SZSE,互联网,19961224,
000677.SZ,恒天海龙,SZSE,化纤,19961226,
000678.SZ,襄阳轴承,SZSE,汽车配件,19970106,
000679.SZ,大连友谊,SZSE,百货,19970124,
000680.SZ,山推股份,SZSE,工程机械,19970122,
000681.SZ,视觉中国,SZSE,互联网,19970121,
000682.SZ,东方电子,SZSE,电气设备,19970121,
000683.SZ,博源化工,SZSE,化工原料,19970131,
000685.SZ,中山公用,SZSE,水务,19970123,
000686.SZ,东北证券,SZSE,证券,19970227,
000688.SZ,国城矿业,SZSE,铅锌,19970120,
000690.SZ,宝新能源,SZSE,火力发电,19970128,
000692.SZ,惠天热电,SZSE,供气供热,19970227,
000695.SZ,滨海能源,SZSE,化工原料,19970218,
000700.SZ,模塑科技,SZSE,汽车配件,19970228,
000701.SZ,厦门信达,SZSE,商贸代理,19970226,
000702.SZ,正虹科技,SZSE,饲料,19970318,
000703.SZ,恒逸石化,SZSE,化纤,19970328,
000705.SZ,浙江震元,SZSE,医药商业,19970410,
000707.SZ,双环科技,SZSE,化工原料,19970415,
000708.SZ,中信特钢,SZSE,特种钢,19970326,
000709.SZ,河钢股份,SZSE,普钢,19970416,
000710.SZ,贝瑞基因,SZSE,医疗保健,19970422,
000712.SZ,锦龙股份,SZSE,证券,19970415,
000713.SZ,国投丰乐,SZSE,种植业,19970422,
000715.SZ,中兴商业,SZSE,百货,19970508,
000716.SZ,黑芝麻,SZSE,食品,19970418,
000717.SZ,中南股份,SZSE,普钢,19970508,
000718.SZ,苏宁环球,SZSE,区域地产,19970408,
000719.SZ,中原传媒,SZSE,出版业,19970331,
000720.SZ,新能泰山,SZSE,电气设备,19970509,
000721.SZ,西安饮食,SZSE,酒店餐饮,19970430,
000722.SZ,湖南发展,SZSE,水力发电,19970522,
000723.SZ,美锦能源,SZSE,焦炭加工,19970515,
000725.SZ,京东方Ａ,SZSE,元器件,20010112,
000726.SZ,鲁泰Ａ,SZSE,纺织,20001225,
000727.SZ,冠捷科技,SZSE,元器件,19970520,
000728.SZ,国元证券,SZSE,证券,19970616,
000729.SZ,燕京啤酒,SZSE,啤酒,19970716,
000731.SZ,四川美丰,SZSE,农药化肥,19970617,
000733.SZ,振华科技,SZSE,元器件,19970703,
000735.SZ,罗牛山,SZSE,农业综合,19970611,
000737.SZ,北方铜业,SZSE,铜,19970428,
000738.SZ,航发控制,SZSE,航空,19970626,
000739.SZ,普洛药业,SZSE,化学制药,19970509,
000750.SZ,国海证券,SZSE,证券,19970709,
000751.SZ,锌业股份,SZSE,铅锌,19970626,
000753.SZ,漳州发展,SZSE,综合类,19970626,
000755.SZ,山西高速,SZSE,路桥,19970627,
000756.SZ,新华制药,SZSE,化学制药,19970806,
000757.SZ,浩物股份,SZSE,汽车服务,19970627,
000758.SZ,中色股份,SZSE,铅锌,19970416,
000759.SZ,中百集团,SZSE,超市连锁,19970519,
000761.SZ,本钢板材,SZSE,普钢,19980115,
000762.SZ,西藏矿业,SZSE,小金属,19970708,
000766.SZ,通化金马,SZSE,化学制药,19970430,
000767.SZ,晋控电力,SZSE,火力发电,19970609,
000768.SZ,中航西飞,SZSE,航空,19970626,
000776.SZ,广发证券,SZSE,证券,19970611,
000777.SZ,中核科技,SZSE,机械基件,19970710,
000778.SZ,新兴铸管,SZSE,钢加工,19970606,
000779.SZ,甘咨询,SZSE,建筑工程,19970528,
000782.SZ,恒申新材,SZSE,化纤,19970619,
000783.SZ,长江证券,SZSE,证券,19970731,
000785.SZ,居然智家,SZSE,百货,19970711,
000786.SZ,北新建材,SZSE,其他建材,19970606,
000788.SZ,北大医药,SZSE,化学制药,19970616,
000789.SZ,万年青,SZSE,水泥,19970923,
000790.SZ,华神科技,SZSE,中成药,19980327,
000791.SZ,甘肃能源,SZSE,水力发电,19971014,
000792.SZ,盐湖股份,SZSE,农药化肥,19970904,
000795.SZ,英洛华,SZSE,矿物制品,19970808,
000796.SZ,凯撒旅业,SZSE,旅游服务,19970703,
000797.SZ,中国武夷,SZSE,全国地产,19970715,
000798.SZ,中水渔业,SZSE,渔业,19980212,
000799.SZ,酒鬼酒,SZSE,白酒,19970718,
000800.SZ,一汽解放,SZSE,汽车整车,19970618,
000801.SZ,四川九洲,SZSE,家用电器,19980506,
000802.SZ,北京文化,SZSE,影视音像,19980108,
000803.SZ,山高环能,SZSE,环境保护,19980303,
000807.SZ,云铝股份,SZSE,铝,19980408,
000809.SZ,和展能源,SZSE,电气设备,19980616,
000810.SZ,创维数字,SZSE,家用电器,19980602,
000811.SZ,冰轮环境,SZSE,工程机械,19980528,
000812.SZ,陕西金叶,SZSE,广告包装,19980623,
000813.SZ,德展健康,SZSE,化学制药,19980519,
000815.SZ,美利云,SZSE,通信设备,19980609,
000816.SZ,智慧农业,SZSE,农用机械,19970818,
000818.SZ,航锦科技,SZSE,化工原料,19971017,
000819.SZ,岳阳兴长,SZSE,石油加工,19970625,
000822.SZ,山东海化,SZSE,化工原料,19980703,
000823.SZ,超声电子,SZSE,元器件,19971008,
000825.SZ,太钢不锈,SZSE,特种钢,19981021,
000826.SZ,启迪环境,SZSE,环境保护,19980225,
000828.SZ,东莞控股,SZSE,路桥,19970617,
000829.SZ,天音控股,SZSE,其他商业,19971202,
000830.SZ,鲁西化工,SZSE,化工原料,19980807,
000831.SZ,中国稀土,SZSE,小金属,19980911,
000833.SZ,粤桂股份,SZSE,综合类,19981111,
000837.SZ,秦川机床,SZSE,机床制造,19980928,
000838.SZ,财信发展,SZSE,区域地产,19970626,
000839.SZ,国安股份,SZSE,综合类,19971031,
000848.SZ,承德露露,SZSE,软饮料,19971113,
000850.SZ,华茂股份,SZSE,纺织,19981007,
000852.SZ,石化机械,SZSE,化工机械,19981126,
000856.SZ,冀东装备,SZSE,专用机械,19980813,
000858.SZ,五粮液,SZSE,白酒,19980427,
000859.SZ,国风新材,SZSE,塑料,19981119,
000860.SZ,顺鑫农业,SZSE,白酒,19981104,
000862.SZ,银星能源,SZSE,新型电力,19980915,
000863.SZ,三湘印象,SZSE,区域地产,19970925,
000868.SZ,安凯客车,SZSE,汽车整车,19970725,
000869.SZ,张裕Ａ,SZSE,红黄酒,20001026,
000875.SZ,电投绿能,SZSE,火力发电,20020926,
000876.SZ,新希望,SZSE,饲料,19980311,
000877.SZ,天山股份,SZSE,水泥,19990107,
000878.SZ,云南铜业,SZSE,铜,19980602,
000880.SZ,潍柴重机,SZSE,专用机械,19980402,
000881.SZ,中广核技,SZSE,化工原料,19980902,
000882.SZ,华联股份,SZSE,其他商业,19980616,
000883.SZ,湖北能源,SZSE,水力发电,19980519,
000885.SZ,城发环境,SZSE,环境保护,19990319,
000886.SZ,海南高速,SZSE,区域地产,19980123,
000887.SZ,中鼎股份,SZSE,汽车配件,19981203,
000888.SZ,峨眉山Ａ,SZSE,旅游景点,19971021,
000889.SZ,中嘉博创,SZSE,通信设备,19971218,
000890.SZ,法尔胜,SZSE,环境保护,19990119,
000892.SZ,欢瑞世纪,SZSE,影视音像,19990115,
000893.SZ,亚钾国际,SZSE,农药化肥,19981224,
000895.SZ,双汇发展,SZSE,食品,19981210,
000897.SZ,津滨发展,SZSE,区域地产,19990422,
000898.SZ,鞍钢股份,SZSE,普钢,19971225,
000899.SZ,赣能股份,SZSE,火力发电,19971126,
000900.SZ,现代投资,SZSE,路桥,19990128,
000901.SZ,航天科技,SZSE,汽车配件,19990401,
000902.SZ,新洋丰,SZSE,农药化肥,19990408,
000905.SZ,厦门港务,SZSE,港口,19990429,
000906.SZ,浙商中拓,SZSE,仓储物流,19990707,
000910.SZ,大亚圣象,SZSE,家居用品,19990630,
000911.SZ,广农糖业,SZSE,食品,19990527,
000912.SZ,泸天化,SZSE,农药化肥,19990603,
000913.SZ,钱江摩托,SZSE,摩托车,19990514,
000915.SZ,华特达因,SZSE,化学制药,19990609,
000917.SZ,电广传媒,SZSE,广告包装,19990325,
000919.SZ,金陵药业,SZSE,化学制药,19991118,
000920.SZ,沃顿科技,SZSE,塑料,19990616,
000921.SZ,海信家电,SZSE,家用电器,19990713,
000922.SZ,佳电股份,SZSE,电气设备,19990618,
000923.SZ,河钢资源,SZSE,普钢,19990714,
000925.SZ,众合科技,SZSE,运输设备,19990611,
000926.SZ,福星股份,SZSE,区域地产,19990618,
000927.SZ,中国铁物,SZSE,仓储物流,19990727,
000928.SZ,中钢国际,SZSE,建筑工程,19990312,
000930.SZ,中粮科技,SZSE,农业综合,19990712,
000931.SZ,中关村,SZSE,化学制药,19990712,
000932.SZ,华菱钢铁,SZSE,普钢,19990803,
000933.SZ,神火股份,SZSE,铝,19990831,
000935.SZ,四川双马,SZSE,水泥,19990824,
000936.SZ,华西股份,SZSE,化纤,19990810,
000937.SZ,冀中能源,SZSE,煤炭开采,19990909,
000938.SZ,紫光股份,SZSE,IT设备,19991104,
000948.SZ,南天信息,SZSE,软件服务,19991014,
000949.SZ,新乡化纤,SZSE,化纤,19991021,
000950.SZ,重药控股,SZSE,医药商业,19990916,
000951.SZ,中国重汽,SZSE,汽车整车,19991125,
000952.SZ,广济药业,SZSE,化学制药,19991112,
000953.SZ,河化股份,SZSE,化学制药,19991202,
000955.SZ,欣龙控股,SZSE,纺织,19991209,
000957.SZ,中通客车,SZSE,汽车整车,20000113,
000958.SZ,电投产融,SZSE,新型电力,19991223,
000959.SZ,首钢股份,SZSE,普钢,19991216,
000960.SZ,锡业股份,SZSE,小金属,20000221,
000962.SZ,东方钽业,SZSE,小金属,20000120,
000963.SZ,华东医药,SZSE,化学制药,20000127,
000965.SZ,天保基建,SZSE,区域地产,20000406,
000966.SZ,长源电力,SZSE,火力发电,20000316,
000967.SZ,盈峰环境,SZSE,环境保护,20000330,
000968.SZ,蓝焰控股,SZSE,石油开采,20000622,
000969.SZ,安泰科技,SZSE,小金属,20000529,
000970.SZ,中科三环,SZSE,矿物制品,20000420,
000973.SZ,佛塑科技,SZSE,塑料,20000525,
000975.SZ,山金国际,SZSE,黄金,20000608,
000977.SZ,浪潮信息,SZSE,IT设备,20000608,
000978.SZ,桂林旅游,SZSE,旅游景点,20000518,
000980.SZ,众泰汽车,SZSE,汽车配件,20000616,
000981.SZ,山子高科,SZSE,汽车配件,20000622,
000983.SZ,山西焦煤,SZSE,煤炭开采,20000726,
000985.SZ,大庆华科,SZSE,化工原料,20000726,
000987.SZ,越秀资本,SZSE,多元金融,20000718,
000988.SZ,华工科技,SZSE,专用机械,20000608,
000989.SZ,九芝堂,SZSE,中成药,20000628,
000990.SZ,诚志股份,SZSE,化工原料,20000706,
000993.SZ,闽东电力,SZSE,水力发电,20000731,
000995.SZ,皇台酒业,SZSE,白酒,20000807,
000997.SZ,新大陆,SZSE,IT设备,20000807,
000998.SZ,隆平高科,SZSE,种植业,20001211,
000999.SZ,华润三九,SZSE,中成药,20000309,
001201.SZ,东瑞股份,SZSE,农业综合,20210428,
001202.SZ,炬申股份,SZSE,仓储物流,20210429,
001203.SZ,大中矿业,SZSE,普钢,20210510,
001205.SZ,盛航股份,SZSE,水运,20210513,
001206.SZ,依依股份,SZSE,造纸,20210518,
001207.SZ,联科科技,SZSE,化工原料,20210623,
001208.SZ,华菱线缆,SZSE,电气设备,20210624,
001209.SZ,洪兴股份,SZSE,服饰,20210723,
001210.SZ,金房能源,SZSE,供气供热,20210729,
001211.SZ,双枪科技,SZSE,家居用品,20210805,
001212.SZ,中旗新材,SZSE,其他建材,20210823,
001213.SZ,中铁特货,SZSE,铁路,20210908,
001215.SZ,千味央厨,SZSE,食品,20210906,
001216.SZ,华瓷股份,SZSE,家居用品,20211019,
001217.SZ,华尔泰,SZSE,化工原料,20210929,
001218.SZ,丽臣实业,SZSE,化工原料,20211015,
001219.SZ,青岛食品,SZSE,食品,20211021,
001220.SZ,世盟股份,SZSE,仓储物流,20260203,
001221.SZ,悍高集团,SZSE,家居用品,20250730,
001222.SZ,源飞宠物,SZSE,文教休闲,20220818,
001223.SZ,欧克科技,SZSE,专用机械,20221212,
001225.SZ,和泰机电,SZSE,专用机械,20230222,
001226.SZ,拓山重工,SZSE,工程机械,20220622,
001227.SZ,兰州银行,SZSE,银行,20220117,
001228.SZ,永泰运,SZSE,仓储物流,20220429,
001229.SZ,魅视科技,SZSE,IT设备,20220808,
001230.SZ,劲旅环境,SZSE,环境保护,20220715,
001231.SZ,农心科技,SZSE,农药化肥,20220819,
001233.SZ,海安集团,SZSE,汽车配件,20251125,
001234.SZ,泰慕士,SZSE,服饰,20220111,
001236.SZ,弘业期货,SZSE,多元金融,20220805,
001238.SZ,浙江正特,SZSE,家居用品,20220919,
001239.SZ,永达股份,SZSE,工程机械,20231212,
001255.SZ,博菲电气,SZSE,电气设备,20220930,
001256.SZ,炜冈科技,SZSE,轻工机械,20221205,
001257.SZ,盛龙股份,SZSE,小金属,20260331,
001258.SZ,立新能源,SZSE,新型电力,20220727,
001259.SZ,利仁科技,SZSE,家用电器,20220831,
001260.SZ,坤泰股份,SZSE,汽车配件,20230216,
001266.SZ,宏英智能,SZSE,电器仪表,20220228,
001267.SZ,汇绿生态,SZSE,通信设备,20211117,
001268.SZ,联合精密,SZSE,机械基件,20220630,
001269.SZ,欧晶科技,SZSE,矿物制品,20220930,
001277.SZ,速达股份,SZSE,专用机械,20240903,
001278.SZ,一彬科技,SZSE,汽车配件,20230308,
001279.SZ,强邦新材,SZSE,广告包装,20241011,
001280.SZ,中国铀业,SZSE,小金属,20251203,
001282.SZ,三联锻造,SZSE,汽车配件,20230524,
001283.SZ,豪鹏科技,SZSE,电气设备,20220905,
001285.SZ,瑞立科密,SZSE,汽车配件,20250930,
001286.SZ,陕西能源,SZSE,火力发电,20230410,
001287.SZ,中电港,SZSE,元器件,20230410,
001288.SZ,运机集团,SZSE,专用机械,20211101,
001289.SZ,龙源电力,SZSE,新型电力,20220124,
001296.SZ,长江材料,SZSE,其他建材,20211224,
001298.SZ,好上好,SZSE,元器件,20221031,
001299.SZ,美能能源,SZSE,供气供热,20221031,
001300.SZ,三柏硕,SZSE,文教休闲,20221019,
001301.SZ,尚太科技,SZSE,电气设备,20221228,
001306.SZ,夏厦精密,SZSE,机械基件,20231116,
001308.SZ,康冠科技,SZSE,元器件,20220318,
001309.SZ,德明利,SZSE,半导体,20220701,
001311.SZ,多利科技,SZSE,汽车配件,20230227,
001313.SZ,粤海饲料,SZSE,饲料,20220216,
001314.SZ,亿道信息,SZSE,元器件,20230214,
001316.SZ,润贝航科,SZSE,批发业,20220624,
001317.SZ,三羊马,SZSE,铁路,20211130,
001318.SZ,阳光乳业,SZSE,乳制品,20220520,
001319.SZ,铭科精技,SZSE,汽车配件,20220512,
001322.SZ,箭牌家居,SZSE,家居用品,20221026,
001323.SZ,慕思股份,SZSE,家居用品,20220623,
001324.SZ,长青科技,SZSE,运输设备,20230522,
001325.SZ,元创股份,SZSE,橡胶,20251218,
001326.SZ,联域股份,SZSE,电气设备,20231109,
001328.SZ,登康口腔,SZSE,日用化工,20230410,
001330.SZ,博纳影业,SZSE,影视音像,20220818,
001331.SZ,胜通能源,SZSE,供气供热,20220908,
001332.SZ,锡装股份,SZSE,专用机械,20220920,
001333.SZ,光华股份,SZSE,化工原料,20221208,
001335.SZ,信凯科技,SZSE,化工原料,20250415,
001336.SZ,楚环科技,SZSE,专用机械,20220725,
001337.SZ,四川黄金,SZSE,黄金,20230303,
001338.SZ,永顺泰,SZSE,啤酒,20221116,
001339.SZ,智微智能,SZSE,IT设备,20220815,
001356.SZ,富岭股份,SZSE,塑料,20250123,
001358.SZ,兴欣新材,SZSE,化工原料,20231221,
001359.SZ,平安电工,SZSE,矿物制品,20240328,
001360.SZ,南矿集团,SZSE,工程机械,20230410,
001366.SZ,播恩集团,SZSE,饲料,20230307,
001367.SZ,海森药业,SZSE,化学制药,20230410,
001368.SZ,通达创智,SZSE,文教休闲,20230313,
001369.SZ,双欣材料,SZSE,化纤,20251230,
001373.SZ,翔腾新材,SZSE,元器件,20230601,
001376.SZ,百通能源,SZSE,供气供热,20231103,
001378.SZ,德冠新材,SZSE,塑料,20231030,
001379.SZ,腾达科技,SZSE,机械基件,20240119,
001380.SZ,华纬科技,SZSE,汽车配件,20230516,
001382.SZ,新亚电缆,SZSE,电气设备,20250321,
001386.SZ,马可波罗,SZSE,家居用品,20251022,
001387.SZ,雪祺电气,SZSE,家用电器,20240111,
001388.SZ,信通电子,SZSE,电气设备,20250701,
001389.SZ,广合科技,SZSE,元器件,20240402,
001390.SZ,古麒绒材,SZSE,纺织,20250529,
001391.SZ,国货航,SZSE,仓储物流,20241230,
001395.SZ,亚联机械,SZSE,专用机械,20250127,
001396.SZ,誉帆科技,SZSE,建筑工程,20251230,
001400.SZ,江顺科技,SZSE,专用机械,20250424,
001696.SZ,宗申动力,SZSE,摩托车,19970306,
001872.SZ,招商港口,SZSE,港口,19930505,
001896.SZ,豫能控股,SZSE,火力发电,19980122,
001914.SZ,招商积余,SZSE,房产服务,19940928,
001965.SZ,招商公路,SZSE,路桥,20171225,
001979.SZ,招商蛇口,SZSE,全国地产,20151230,
002001.SZ,新和成,SZSE,化学制药,20040625,
002003.SZ,伟星股份,SZSE,服饰,20040625,
002004.SZ,华邦健康,SZSE,农药化肥,20040625,
002006.SZ,精工科技,SZSE,专用机械,20040625,
002007.SZ,华兰生物,SZSE,生物制药,20040625,
002008.SZ,大族激光,SZSE,专用机械,20040625,
002009.SZ,天奇股份,SZSE,工程机械,20040629,
002010.SZ,传化智联,SZSE,仓储物流,20040629,
002011.SZ,盾安环境,SZSE,家用电器,20040705,
002012.SZ,凯恩股份,SZSE,造纸,20040705,
002014.SZ,永新股份,SZSE,塑料,20040708,
002015.SZ,协鑫能科,SZSE,新型电力,20040708,
002016.SZ,世荣兆业,SZSE,区域地产,20040708,
002017.SZ,东信和平,SZSE,通信设备,20040713,
002019.SZ,亿帆医药,SZSE,化学制药,20040713,
002020.SZ,京新药业,SZSE,化学制药,20040715,
002021.SZ,中捷资源,SZSE,纺织机械,20040715,
002022.SZ,科华生物,SZSE,医疗保健,20040721,
002023.SZ,海特高新,SZSE,航空,20040721,
002025.SZ,航天电器,SZSE,元器件,20040726,
002026.SZ,山东威达,SZSE,机械基件,20040727,
002027.SZ,分众传媒,SZSE,广告包装,20040804,
002028.SZ,思源电气,SZSE,电气设备,20040805,
002029.SZ,七匹狼,SZSE,服饰,20040806,
002030.SZ,达安基因,SZSE,医疗保健,20040809,
002031.SZ,巨轮智能,SZSE,汽车配件,20040816,
002032.SZ,苏泊尔,SZSE,家用电器,20040817,
002033.SZ,丽江股份,SZSE,旅游景点,20040825,
002034.SZ,旺能环境,SZSE,环境保护,20040826,
002035.SZ,华帝股份,SZSE,家用电器,20040901,
002036.SZ,联创电子,SZSE,元器件,20040903,
002037.SZ,保利联合,SZSE,化工原料,20040908,
002038.SZ,双鹭药业,SZSE,生物制药,20040909,
002039.SZ,黔源电力,SZSE,水力发电,20050303,
002040.SZ,南京港,SZSE,港口,20050325,
002041.SZ,登海种业,SZSE,种植业,20050418,
002042.SZ,华孚时尚,SZSE,纺织,20050427,
002043.SZ,兔宝宝,SZSE,其他建材,20050510,
002044.SZ,美年健康,SZSE,医疗保健,20050518,
002045.SZ,国光电器,SZSE,元器件,20050523,
002046.SZ,国机精工,SZSE,机械基件,20050526,
002048.SZ,宁波华翔,SZSE,汽车配件,20050603,
002049.SZ,紫光国微,SZSE,半导体,20050606,
002050.SZ,三花智控,SZSE,家用电器,20050607,
002051.SZ,中工国际,SZSE,建筑工程,20060619,
002052.SZ,同洲电子,SZSE,家用电器,20060627,
002053.SZ,云南能投,SZSE,新型电力,20060627,
002054.SZ,德美化工,SZSE,染料涂料,20060725,
002056.SZ,横店东磁,SZSE,电气设备,20060802,
002057.SZ,中钢天源,SZSE,矿物制品,20060802,
002059.SZ,云南旅游,SZSE,旅游景点,20060810,
002060.SZ,广东建工,SZSE,建筑工程,20060810,
002061.SZ,浙江交科,SZSE,建筑工程,20060816,
002062.SZ,宏润建设,SZSE,建筑工程,20060816,
002063.SZ,远光软件,SZSE,软件服务,20060823,
002064.SZ,华峰化学,SZSE,化纤,20060823,
002065.SZ,东华软件,SZSE,软件服务,20060823,
002066.SZ,瑞泰科技,SZSE,其他建材,20060823,
002067.SZ,景兴纸业,SZSE,造纸,20060915,
002068.SZ,黑猫股份,SZSE,化工原料,20060915,
002069.SZ,獐子岛,SZSE,渔业,20060928,
002072.SZ,凯瑞德,SZSE,商贸代理,20061018,
002073.SZ,软控股份,SZSE,专用机械,20061018,
002074.SZ,国轩高科,SZSE,电气设备,20061018,
002075.SZ,沙钢股份,SZSE,特种钢,20061025,
002077.SZ,大港股份,SZSE,半导体,20061116,
002078.SZ,太阳纸业,SZSE,造纸,20061116,
002079.SZ,苏州固锝,SZSE,电气设备,20061116,
002080.SZ,中材科技,SZSE,玻璃,20061120,
002081.SZ,金螳螂,SZSE,装修装饰,20061120,
002082.SZ,万邦德,SZSE,中成药,20061120,
002083.SZ,孚日股份,SZSE,纺织,20061124,
002084.SZ,海鸥住工,SZSE,家居用品,20061124,
002085.SZ,万丰奥威,SZSE,汽车配件,20061128,
002086.SZ,东方海洋,SZSE,渔业,20061128,
002088.SZ,鲁阳节能,SZSE,矿物制品,20061130,
002090.SZ,金智科技,SZSE,电气设备,20061208,
002091.SZ,江苏国泰,SZSE,商贸代理,20061208,
002092.SZ,中泰化学,SZSE,化工原料,20061208,
002093.SZ,国脉科技,SZSE,文教休闲,20061215,
002094.SZ,青岛金王,SZSE,日用化工,20061215,
002095.SZ,生意宝,SZSE,互联网,20061215,
002096.SZ,易普力,SZSE,化工原料,20061222,
002097.SZ,山河智能,SZSE,工程机械,20061222,
002098.SZ,浔兴股份,SZSE,服饰,20061222,
002099.SZ,海翔药业,SZSE,化学制药,20061226,
002100.SZ,天康生物,SZSE,饲料,20061226,
002101.SZ,广东鸿图,SZSE,汽车配件,20061229,
002102.SZ,能特科技,SZSE,化学制药,20061229,
002103.SZ,广博股份,SZSE,文教休闲,20070110,
002104.SZ,恒宝股份,SZSE,通信设备,20070110,
002105.SZ,信隆健康,SZSE,摩托车,20070112,
002106.SZ,莱宝高科,SZSE,元器件,20070112,
002107.SZ,沃华医药,SZSE,中成药,20070124,
002108.SZ,沧州明珠,SZSE,塑料,20070124,
002109.SZ,兴化股份,SZSE,化工原料,20070126,
002110.SZ,三钢闽光,SZSE,普钢,20070126,
002111.SZ,威海广泰,SZSE,航空,20070126,
002112.SZ,三变科技,SZSE,电气设备,20070208,
002114.SZ,罗平锌电,SZSE,铅锌,20070215,
002115.SZ,三维通信,SZSE,互联网,20070215,
002116.SZ,中国海诚,SZSE,建筑工程,20070215,
002117.SZ,东港股份,SZSE,广告包装,20070302,
002119.SZ,康强电子,SZSE,半导体,20070302,
002120.SZ,韵达股份,SZSE,仓储物流,20070306,
002121.SZ,科陆电子,SZSE,电器仪表,20070306,
002123.SZ,梦网科技,SZSE,互联网,20070328,
002124.SZ,天邦食品,SZSE,农业综合,20070403,
002125.SZ,湘潭电化,SZSE,化工原料,20070403,
002126.SZ,银轮股份,SZSE,汽车配件,20070418,
002127.SZ,南极电商,SZSE,互联网,20070418,
002128.SZ,电投能源,SZSE,煤炭开采,20070418,
002129.SZ,TCL中环,SZSE,电气设备,20070420,
002130.SZ,沃尔核材,SZSE,电气设备,20070420,
002131.SZ,利欧股份,SZSE,互联网,20070427,
002132.SZ,恒星科技,SZSE,钢加工,20070427,
002133.SZ,广宇集团,SZSE,全国地产,20070427,
002134.SZ,天津普林,SZSE,元器件,20070516,
002135.SZ,东南网架,SZSE,钢加工,20070530,
002136.SZ,安纳达,SZSE,化工原料,20070530,
002137.SZ,实益达,SZSE,元器件,20070613,
002138.SZ,顺络电子,SZSE,元器件,20070613,
002139.SZ,拓邦股份,SZSE,元器件,20070629,
002140.SZ,东华科技,SZSE,建筑工程,20070712,
002141.SZ,贤丰控股,SZSE,农业综合,20070720,
002142.SZ,宁波银行,SZSE,银行,20070719,
002144.SZ,宏达高科,SZSE,纺织,20070803,
002145.SZ,钛能化学,SZSE,化工原料,20070803,
002146.SZ,荣盛发展,SZSE,全国地产,20070808,
002148.SZ,北纬科技,SZSE,互联网,20070810,
002149.SZ,西部材料,SZSE,小金属,20070810,
002150.SZ,正泰电源,SZSE,机械基件,20070810,
002151.SZ,北斗星通,SZSE,通信设备,20070813,
002152.SZ,广电运通,SZSE,IT设备,20070813,
002153.SZ,石基信息,SZSE,软件服务,20070813,
002154.SZ,报喜鸟,SZSE,服饰,20070816,
002155.SZ,湖南黄金,SZSE,黄金,20070816,
002156.SZ,通富微电,SZSE,半导体,20070816,
002157.SZ,正邦科技,SZSE,农业综合,20070817,
002158.SZ,汉钟精机,SZSE,工程机械,20070817,
002159.SZ,三特索道,SZSE,旅游服务,20070817,
002160.SZ,常铝股份,SZSE,铝,20070821,
002161.SZ,远望谷,SZSE,通信设备,20070821,
002162.SZ,悦心健康,SZSE,陶瓷,20070823,
002163.SZ,海南发展,SZSE,装修装饰,20070823,
002164.SZ,宁波东力,SZSE,机械基件,20070823,
002165.SZ,红宝丽,SZSE,化工原料,20070913,
002166.SZ,莱茵生物,SZSE,中成药,20070913,
002167.SZ,东方锆业,SZSE,小金属,20070913,
002169.SZ,智光电气,SZSE,电气设备,20070919,
002170.SZ,芭田股份,SZSE,农药化肥,20070919,
002171.SZ,楚江新材,SZSE,铜,20070921,
002172.SZ,澳洋健康,SZSE,医疗保健,20070921,
002173.SZ,创新医疗,SZSE,医疗保健,20070925,
002174.SZ,游族网络,SZSE,互联网,20070925,
002175.SZ,东方智造,SZSE,电器仪表,20071012,
002176.SZ,江特电机,SZSE,小金属,20071012,
002177.SZ,御银股份,SZSE,其他商业,20071101,
002178.SZ,延华智能,SZSE,软件服务,20071101,
002179.SZ,中航光电,SZSE,元器件,20071101,
002180.SZ,纳思达,SZSE,IT设备,20071113,
002181.SZ,粤传媒,SZSE,出版业,20071116,
002182.SZ,宝武镁业,SZSE,小金属,20071113,
002183.SZ,怡亚通,SZSE,仓储物流,20071113,
002184.SZ,海得控制,SZSE,机械基件,20071116,
002185.SZ,华天科技,SZSE,半导体,20071120,
002186.SZ,全聚德,SZSE,酒店餐饮,20071120,
002187.SZ,广百股份,SZSE,百货,20071122,
002188.SZ,中天服务,SZSE,房产服务,20071122,
002189.SZ,中光学,SZSE,元器件,20071203,
002190.SZ,成飞集成,SZSE,汽车配件,20071203,
002191.SZ,劲嘉股份,SZSE,广告包装,20071205,
002192.SZ,融捷股份,SZSE,小金属,20071205,
002193.SZ,如意集团,SZSE,纺织,20071207,
002194.SZ,武汉凡谷,SZSE,通信设备,20071207,
002195.SZ,岩山科技,SZSE,软件服务,20071212,
002196.SZ,方正电机,SZSE,纺织机械,20071212,
002197.SZ,证通电子,SZSE,IT设备,20071218,
002198.SZ,嘉应制药,SZSE,中成药,20071218,
002201.SZ,九鼎新材,SZSE,玻璃,20071226,
002202.SZ,金风科技,SZSE,电气设备,20071226,
002203.SZ,海亮股份,SZSE,铜,20080116,
002204.SZ,大连重工,SZSE,专用机械,20080116,
002205.SZ,国统股份,SZSE,水泥,20080123,
002206.SZ,海利得,SZSE,化纤,20080123,
002207.SZ,准油股份,SZSE,石油开采,20080128,
002208.SZ,合肥城建,SZSE,区域地产,20080128,
002209.SZ,达意隆,SZSE,轻工机械,20080130,
002210.SZ,飞马国际,SZSE,环境保护,20080130,
002212.SZ,天融信,SZSE,软件服务,20080201,
002213.SZ,大为股份,SZSE,半导体,20080201,
002215.SZ,诺普信,SZSE,农药化肥,20080218,
002216.SZ,三全食品,SZSE,食品,20080220,
002217.SZ,合力泰,SZSE,元器件,20080220,
002218.SZ,拓日新能,SZSE,新型电力,20080228,
002219.SZ,新里程,SZSE,医疗保健,20080306,
002221.SZ,东华能源,SZSE,石油加工,20080306,
002222.SZ,福晶科技,SZSE,元器件,20080319,
002223.SZ,鱼跃医疗,SZSE,医疗保健,20080418,
002224.SZ,三力士,SZSE,橡胶,20080425,
002225.SZ,濮耐股份,SZSE,其他建材,20080425,
002226.SZ,江南化工,SZSE,化工原料,20080506,
002227.SZ,奥特迅,SZSE,电气设备,20080506,
002228.SZ,合兴包装,SZSE,广告包装,20080508,
002229.SZ,鸿博股份,SZSE,广告包装,20080508,
002230.SZ,科大讯飞,SZSE,软件服务,20080512,
002232.SZ,启明信息,SZSE,软件服务,20080509,
002233.SZ,塔牌集团,SZSE,水泥,20080516,
002234.SZ,民和股份,SZSE,农业综合,20080516,
002235.SZ,安妮股份,SZSE,造纸,20080516,
002236.SZ,大华股份,SZSE,IT设备,20080520,
002237.SZ,恒邦股份,SZSE,黄金,20080520,
002238.SZ,天威视讯,SZSE,影视音像,20080526,
002239.SZ,奥特佳,SZSE,汽车配件,20080522,
002240.SZ,盛新锂能,SZSE,小金属,20080523,
002241.SZ,歌尔股份,SZSE,元器件,20080522,
002242.SZ,九阳股份,SZSE,家用电器,20080528,
002243.SZ,力合科创,SZSE,广告包装,20080528,
002244.SZ,滨江集团,SZSE,区域地产,20080529,
002245.SZ,蔚蓝锂芯,SZSE,电气设备,20080605,
002246.SZ,北化股份,SZSE,化工原料,20080605,
002247.SZ,聚力文化,SZSE,其他建材,20080612,
002248.SZ,华东数控,SZSE,机床制造,20080612,
002249.SZ,大洋电机,SZSE,电气设备,20080619,
002250.SZ,联化科技,SZSE,化工原料,20080619,
002251.SZ,步步高,SZSE,超市连锁,20080619,
002252.SZ,上海莱士,SZSE,生物制药,20080623,
002254.SZ,泰和新材,SZSE,化纤,20080625,
002255.SZ,海陆重工,SZSE,专用机械,20080625,
002256.SZ,兆新股份,SZSE,新型电力,20080625,
002258.SZ,利尔化学,SZSE,农药化肥,20080708,
002259.SZ,升达林业,SZSE,供气供热,20080716,
002261.SZ,拓维信息,SZSE,软件服务,20080723,
002262.SZ,恩华药业,SZSE,化学制药,20080723,
002263.SZ,大东南,SZSE,塑料,20080728,
002264.SZ,新华都,SZSE,互联网,20080731,
002265.SZ,建设工业,SZSE,专用机械,20080806,
002266.SZ,浙富控股,SZSE,环境保护,20080806,
002267.SZ,陕天然气,SZSE,供气供热,20080813,
002268.SZ,电科网安,SZSE,IT设备,20080811,
002269.SZ,美邦服饰,SZSE,服饰,20080828,
002270.SZ,华明装备,SZSE,电气设备,20080905,
002271.SZ,东方雨虹,SZSE,其他建材,20080910,
002272.SZ,川润股份,SZSE,机械基件,20080919,
002273.SZ,水晶光电,SZSE,元器件,20080919,
002274.SZ,华昌化工,SZSE,农药化肥,20080925,
002275.SZ,桂林三金,SZSE,中成药,20090710,
002276.SZ,万马股份,SZSE,电气设备,20090710,
002277.SZ,友阿股份,SZSE,百货,20090717,
002278.SZ,神开股份,SZSE,化工机械,20090811,
002279.SZ,久其软件,SZSE,软件服务,20090811,
002281.SZ,光迅科技,SZSE,通信设备,20090821,
002282.SZ,博深股份,SZSE,机械基件,20090821,
002283.SZ,天润工业,SZSE,汽车配件,20090821,
002284.SZ,亚太股份,SZSE,汽车配件,20090828,
002285.SZ,世联行,SZSE,房产服务,20090828,
002286.SZ,保龄宝,SZSE,食品,20090828,
002287.SZ,奇正藏药,SZSE,中成药,20090828,
002290.SZ,禾盛新材,SZSE,家用电器,20090903,
002291.SZ,遥望科技,SZSE,广告包装,20090903,
002292.SZ,奥飞娱乐,SZSE,影视音像,20090910,
002293.SZ,罗莱生活,SZSE,纺织,20090910,
002294.SZ,信立泰,SZSE,化学制药,20090910,
002295.SZ,精艺股份,SZSE,铜,20090929,
002296.SZ,辉煌科技,SZSE,通信设备,20090929,
002297.SZ,博云新材,SZSE,航空,20090929,
002298.SZ,中电鑫龙,SZSE,电气设备,20090929,
002299.SZ,圣农发展,SZSE,农业综合,20091021,
002300.SZ,太阳电缆,SZSE,电气设备,20091021,
002301.SZ,齐心集团,SZSE,文教休闲,20091021,
002302.SZ,西部建设,SZSE,水泥,20091103,
002303.SZ,美盈森,SZSE,造纸,20091103,
002304.SZ,洋河股份,SZSE,白酒,20091106,
002307.SZ,北新路桥,SZSE,建筑工程,20091111,
002309.SZ,中利集团,SZSE,电气设备,20091127,
002310.SZ,东方新能,SZSE,新型电力,20091127,
002311.SZ,海大集团,SZSE,饲料,20091127,
002312.SZ,川发龙蟒,SZSE,化工原料,20091203,
002313.SZ,日海智能,SZSE,通信设备,20091203,
002314.SZ,南山控股,SZSE,区域地产,20091203,
002315.SZ,焦点科技,SZSE,互联网,20091209,
002316.SZ,亚联发展,SZSE,软件服务,20091209,
002317.SZ,众生药业,SZSE,中成药,20091211,
002318.SZ,久立特材,SZSE,特种钢,20091211,
002319.SZ,乐通股份,SZSE,染料涂料,20091211,
002320.SZ,海峡股份,SZSE,水运,20091216,
002321.SZ,华英农业,SZSE,农业综合,20091216,
002322.SZ,理工能科,SZSE,软件服务,20091218,
002323.SZ,雅博股份,SZSE,建筑工程,20091218,
002324.SZ,普利特,SZSE,塑料,20091218,
002326.SZ,永太科技,SZSE,化工原料,20091222,
002327.SZ,富安娜,SZSE,纺织,20091230,
002328.SZ,新朋股份,SZSE,汽车配件,20091230,
002329.SZ,皇氏集团,SZSE,乳制品,20100106,
002330.SZ,得利斯,SZSE,食品,20100106,
002331.SZ,皖通科技,SZSE,软件服务,20100106,
002332.SZ,仙琚制药,SZSE,化学制药,20100112,
002333.SZ,罗普斯金,SZSE,其他建材,20100112,
002334.SZ,英威腾,SZSE,电气设备,20100113,
002335.SZ,科华数据,SZSE,电气设备,20100113,
002337.SZ,赛象科技,SZSE,化工机械,20100115,
002338.SZ,奥普光电,SZSE,电器仪表,20100115,
002339.SZ,积成电子,SZSE,电气设备,20100122,
002340.SZ,格林美,SZSE,小金属,20100122,
002342.SZ,巨力索具,SZSE,机械基件,20100126,
002343.SZ,慈文传媒,SZSE,影视音像,20100126,
002344.SZ,海宁皮城,SZSE,商品城,20100126,
002345.SZ,潮宏基,SZSE,服饰,20100128,
002346.SZ,柘中股份,SZSE,电气设备,20100128,
002347.SZ,泰尔股份,SZSE,机械基件,20100128,
002348.SZ,高乐股份,SZSE,文教休闲,20100203,
002349.SZ,精华制药,SZSE,中成药,20100203,
002350.SZ,北京科锐,SZSE,电气设备,20100203,
002351.SZ,漫步者,SZSE,IT设备,20100205,
002352.SZ,顺丰控股,SZSE,仓储物流,20100205,
002353.SZ,杰瑞股份,SZSE,化工机械,20100205,
002354.SZ,天娱数科,SZSE,互联网,20100209,
002355.SZ,兴民智通,SZSE,汽车配件,20100209,
002356.SZ,赫美集团,SZSE,其他商业,20100209,
002357.SZ,富临运业,SZSE,公共交通,20100210,
002358.SZ,森源电气,SZSE,电气设备,20100210,
002360.SZ,同德化工,SZSE,化工原料,20100303,
002361.SZ,神剑股份,SZSE,化工原料,20100303,
002362.SZ,汉王科技,SZSE,软件服务,20100303,
002363.SZ,隆基机械,SZSE,汽车配件,20100305,
002364.SZ,中恒电气,SZSE,电气设备,20100305,
002365.SZ,永安药业,SZSE,化学制药,20100305,
002366.SZ,融发核电,SZSE,专用机械,20100312,
002367.SZ,康力电梯,SZSE,运输设备,20100312,
002368.SZ,太极股份,SZSE,软件服务,20100312,
002369.SZ,卓翼科技,SZSE,通信设备,20100316,
002370.SZ,亚太药业,SZSE,化学制药,20100316,
002371.SZ,北方华创,SZSE,半导体,20100316,
002372.SZ,伟星新材,SZSE,其他建材,20100318,
002373.SZ,千方科技,SZSE,软件服务,20100318,
002374.SZ,中锐股份,SZSE,广告包装,20100318,
002375.SZ,亚厦股份,SZSE,装修装饰,20100323,
002376.SZ,新北洋,SZSE,IT设备,20100323,
002377.SZ,国创高新,SZSE,其他建材,20100323,
002378.SZ,章源钨业,SZSE,小金属,20100331,
002379.SZ,宏桥控股,SZSE,铝,20100331,
002380.SZ,科远智慧,SZSE,软件服务,20100331,
002381.SZ,双箭股份,SZSE,橡胶,20100402,
002382.SZ,蓝帆医疗,SZSE,医疗保健,20100402,
002383.SZ,合众思壮,SZSE,通信设备,20100402,
002384.SZ,东山精密,SZSE,元器件,20100409,
002385.SZ,大北农,SZSE,饲料,20100409,
002386.SZ,天原股份,SZSE,化工原料,20100409,
002387.SZ,维信诺,SZSE,元器件,20100413,
002388.SZ,新亚制程,SZSE,元器件,20100413,
002389.SZ,航天彩虹,SZSE,航空,20100413,
002390.SZ,信邦制药,SZSE,医药商业,20100416,
002391.SZ,长青股份,SZSE,农药化肥,20100416,
002392.SZ,北京利尔,SZSE,其他建材,20100423,
002393.SZ,力生制药,SZSE,化学制药,20100423,
002394.SZ,联发股份,SZSE,纺织,20100423,
002395.SZ,双象股份,SZSE,塑料,20100429,
002396.SZ,星网锐捷,SZSE,通信设备,20100623,
002397.SZ,梦洁股份,SZSE,纺织,20100429,
002398.SZ,垒知集团,SZSE,其他建材,20100506,
002399.SZ,海普瑞,SZSE,化学制药,20100506,
002400.SZ,省广集团,SZSE,广告包装,20100506,
002401.SZ,中远海科,SZSE,软件服务,20100506,
002402.SZ,和而泰,SZSE,元器件,20100511,
002403.SZ,爱仕达,SZSE,家用电器,20100511,
002404.SZ,嘉欣丝绸,SZSE,纺织,20100511,
002405.SZ,四维图新,SZSE,软件服务,20100518,
002406.SZ,远东传动,SZSE,汽车配件,20100518,
002407.SZ,多氟多,SZSE,化工原料,20100518,
002408.SZ,齐翔腾达,SZSE,化工原料,20100518,
002409.SZ,雅克科技,SZSE,半导体,20100525,
002410.SZ,广联达,SZSE,软件服务,20100525,
002412.SZ,汉森制药,SZSE,中成药,20100525,
002413.SZ,雷科防务,SZSE,通信设备,20100528,
002414.SZ,高德红外,SZSE,电器仪表,20100716,
002415.SZ,海康威视,SZSE,IT设备,20100528,
002416.SZ,爱施德,SZSE,电器连锁,20100528,
002418.SZ,康盛股份,SZSE,家用电器,20100601,
002419.SZ,天虹股份,SZSE,百货,20100601,
002420.SZ,毅昌科技,SZSE,家用电器,20100601,
002421.SZ,达实智能,SZSE,软件服务,20100603,
002422.SZ,科伦药业,SZSE,化学制药,20100603,
002423.SZ,中粮资本,SZSE,多元金融,20100603,
002425.SZ,凯撒文化,SZSE,互联网,20100608,
002426.SZ,胜利精密,SZSE,元器件,20100608,
002427.SZ,尤夫股份,SZSE,化纤,20100608,
002428.SZ,云南锗业,SZSE,小金属,20100608,
002429.SZ,兆驰股份,SZSE,家用电器,20100610,
002430.SZ,杭氧股份,SZSE,化工机械,20100610,
002431.SZ,棕榈股份,SZSE,建筑工程,20100610,
002432.SZ,九安医疗,SZSE,医疗保健,20100610,
002434.SZ,万里扬,SZSE,汽车配件,20100618,
002436.SZ,兴森科技,SZSE,元器件,20100618,
002437.SZ,誉衡药业,SZSE,化学制药,20100623,
002438.SZ,江苏神通,SZSE,机械基件,20100623,
002439.SZ,启明星辰,SZSE,软件服务,20100623,
002440.SZ,闰土股份,SZSE,染料涂料,20100706,
002441.SZ,众业达,SZSE,电气设备,20100706,
002442.SZ,龙星科技,SZSE,化工原料,20100706,
002443.SZ,金洲管道,SZSE,钢加工,20100706,
002444.SZ,巨星科技,SZSE,轻工机械,20100713,
002445.SZ,中南文化,SZSE,钢加工,20100713,
002446.SZ,盛路通信,SZSE,通信设备,20100713,
002448.SZ,中原内配,SZSE,汽车配件,20100716,
002449.SZ,国星光电,SZSE,半导体,20100716,
002451.SZ,摩恩电气,SZSE,电气设备,20100720,
002452.SZ,长高电新,SZSE,电气设备,20100720,
002453.SZ,华软科技,SZSE,化工原料,20100720,
002454.SZ,松芝股份,SZSE,汽车配件,20100720,
002455.SZ,百川股份,SZSE,化工原料,20100803,
002456.SZ,欧菲光,SZSE,元器件,20100803,
002457.SZ,青龙管业,SZSE,塑料,20100803,
002458.SZ,益生股份,SZSE,农业综合,20100810,
002459.SZ,晶澳科技,SZSE,电气设备,20100810,
002460.SZ,赣锋锂业,SZSE,小金属,20100810,
002461.SZ,珠江啤酒,SZSE,啤酒,20100818,
002462.SZ,嘉事堂,SZSE,医药商业,20100818,
002463.SZ,沪电股份,SZSE,元器件,20100818,
002465.SZ,海格通信,SZSE,通信设备,20100831,
002466.SZ,天齐锂业,SZSE,小金属,20100831,
002467.SZ,二六三,SZSE,互联网,20100908,
002468.SZ,申通快递,SZSE,仓储物流,20100908,
002469.SZ,三维化学,SZSE,化工原料,20100908,
002470.SZ,金正大,SZSE,农药化肥,20100908,
002471.SZ,中超控股,SZSE,电气设备,20100910,
002472.SZ,双环传动,SZSE,汽车配件,20100910,
002474.SZ,榕基软件,SZSE,软件服务,20100915,
002475.SZ,立讯精密,SZSE,元器件,20100915,
002476.SZ,宝莫股份,SZSE,化工原料,20100915,
002478.SZ,常宝股份,SZSE,钢加工,20100921,
002479.SZ,富春环保,SZSE,新型电力,20100921,
002480.SZ,新筑股份,SZSE,运输设备,20100921,
002481.SZ,双塔食品,SZSE,食品,20100921,
002482.SZ,广田集团,SZSE,装修装饰,20100929,
002483.SZ,润邦股份,SZSE,专用机械,20100929,
002484.SZ,江海股份,SZSE,元器件,20100929,
002486.SZ,嘉麟杰,SZSE,服饰,20101015,
002487.SZ,大金重工,SZSE,电气设备,20101015,
002488.SZ,金固股份,SZSE,汽车配件,20101021,
002489.SZ,浙江永强,SZSE,家居用品,20101021,
002490.SZ,山东墨龙,SZSE,化工机械,20101021,
002491.SZ,通鼎互联,SZSE,通信设备,20101021,
002492.SZ,恒基达鑫,SZSE,仓储物流,20101102,
002493.SZ,荣盛石化,SZSE,化纤,20101102,
002494.SZ,华斯股份,SZSE,服饰,20101102,
002495.SZ,佳隆股份,SZSE,食品,20101102,
002497.SZ,雅化集团,SZSE,小金属,20101109,
002498.SZ,汉缆股份,SZSE,电气设备,20101109,
002500.SZ,山西证券,SZSE,证券,20101115,
002501.SZ,利源股份,SZSE,铝,20101117,
002506.SZ,协鑫集成,SZSE,电气设备,20101118,
002507.SZ,涪陵榨菜,SZSE,食品,20101123,
002508.SZ,老板电器,SZSE,家用电器,20101123,
002510.SZ,天汽模,SZSE,汽车配件,20101125,
002511.SZ,中顺洁柔,SZSE,造纸,20101125,
002513.SZ,蓝丰生化,SZSE,新型电力,20101203,
002514.SZ,宝馨科技,SZSE,机械基件,20101203,
002515.SZ,金字火腿,SZSE,食品,20101203,
002516.SZ,旷达科技,SZSE,汽车配件,20101207,
002517.SZ,恺英网络,SZSE,互联网,20101207,
002518.SZ,科士达,SZSE,电气设备,20101207,
002519.SZ,银河电子,SZSE,通信设备,20101207,
002520.SZ,日发精机,SZSE,机床制造,20101210,
002521.SZ,齐峰新材,SZSE,造纸,20101210,
002522.SZ,浙江众成,SZSE,塑料,20101210,
002523.SZ,天桥起重,SZSE,专用机械,20101210,
002524.SZ,光正眼科,SZSE,医疗保健,20101217,
002526.SZ,山东矿机,SZSE,工程机械,20101217,
002527.SZ,新时达,SZSE,电器仪表,20101224,
002530.SZ,金财互联,SZSE,专用机械,20101231,
002531.SZ,天顺风能,SZSE,电气设备,20101231,
002532.SZ,天山铝业,SZSE,铝,20101231,
002533.SZ,金杯电工,SZSE,电气设备,20101231,
002534.SZ,西子洁能,SZSE,专用机械,20110110,
002535.SZ,林州重机,SZSE,工程机械,20110111,
002536.SZ,飞龙股份,SZSE,汽车配件,20110111,
002537.SZ,海联金汇,SZSE,汽车配件,20110110,
002539.SZ,云图控股,SZSE,农药化肥,20110118,
002540.SZ,亚太科技,SZSE,铝,20110118,
002541.SZ,鸿路钢构,SZSE,钢加工,20110118,
002542.SZ,中化岩土,SZSE,建筑工程,20110128,
002543.SZ,万和电气,SZSE,家用电器,20110128,
002544.SZ,普天科技,SZSE,通信设备,20110128,
002545.SZ,东方铁塔,SZSE,农药化肥,20110211,
002546.SZ,新联电子,SZSE,电气设备,20110211,
002547.SZ,春兴精工,SZSE,汽车配件,20110218,
002548.SZ,金新农,SZSE,饲料,20110218,
002549.SZ,凯美特气,SZSE,环境保护,20110218,
002550.SZ,千红制药,SZSE,生物制药,20110218,
002551.SZ,尚荣医疗,SZSE,医疗保健,20110225,
002552.SZ,宝鼎科技,SZSE,元器件,20110225,
002553.SZ,南方精工,SZSE,汽车配件,20110225,
002554.SZ,惠博普,SZSE,石油开采,20110225,
002555.SZ,三七互娱,SZSE,互联网,20110302,
002556.SZ,辉隆股份,SZSE,农药化肥,20110302,
002557.SZ,洽洽食品,SZSE,食品,20110302,
002558.SZ,巨人网络,SZSE,互联网,20110302,
002559.SZ,亚威股份,SZSE,机床制造,20110303,
002560.SZ,通达股份,SZSE,电气设备,20110303,
002561.SZ,徐家汇,SZSE,百货,20110303,
002562.SZ,兄弟科技,SZSE,化学制药,20110310,
002563.SZ,森马服饰,SZSE,服饰,20110311,
002564.SZ,天沃科技,SZSE,化工机械,20110310,
002565.SZ,顺灏股份,SZSE,造纸,20110318,
002566.SZ,益盛药业,SZSE,中成药,20110318,
002567.SZ,唐人神,SZSE,饲料,20110325,
002568.SZ,百润股份,SZSE,红黄酒,20110325,
002570.SZ,贝因美,SZSE,乳制品,20110412,
002571.SZ,德力股份,SZSE,家居用品,20110412,
002572.SZ,索菲亚,SZSE,家居用品,20110412,
002573.SZ,清新环境,SZSE,环境保护,20110422,
002574.SZ,明牌珠宝,SZSE,服饰,20110422,
002575.SZ,群兴玩具,SZSE,文教休闲,20110422,
002576.SZ,通达动力,SZSE,电气设备,20110428,
002577.SZ,雷柏科技,SZSE,IT设备,20110428,
002578.SZ,闽发铝业,SZSE,铝,20110428,
002579.SZ,中京电子,SZSE,元器件,20110506,
002580.SZ,圣阳股份,SZSE,电气设备,20110506,
002582.SZ,好想你,SZSE,食品,20110520,
002583.SZ,海能达,SZSE,通信设备,20110527,
002584.SZ,西陇科学,SZSE,化工原料,20110602,
002585.SZ,双星新材,SZSE,塑料,20110602,
002587.SZ,奥拓电子,SZSE,元器件,20110610,
002588.SZ,史丹利,SZSE,农药化肥,20110610,
002589.SZ,瑞康医药,SZSE,医药商业,20110610,
002590.SZ,万安科技,SZSE,汽车配件,20110610,
002591.SZ,恒大高新,SZSE,环境保护,20110621,
002593.SZ,日上集团,SZSE,钢加工,20110628,
002594.SZ,比亚迪,SZSE,汽车整车,20110630,
002595.SZ,豪迈科技,SZSE,专用机械,20110628,
002596.SZ,海南瑞泽,SZSE,水泥,20110707,
002597.SZ,金禾实业,SZSE,食品,20110707,
002599.SZ,盛通股份,SZSE,广告包装,20110715,
002600.SZ,领益智造,SZSE,元器件,20110715,
002601.SZ,龙佰集团,SZSE,化工原料,20110715,
002602.SZ,世纪华通,SZSE,互联网,20110728,
002603.SZ,以岭药业,SZSE,中成药,20110728,
002605.SZ,姚记科技,SZSE,互联网,20110805,
002606.SZ,大连电瓷,SZSE,电气设备,20110805,
002607.SZ,中公教育,SZSE,文教休闲,20110810,
002608.SZ,江苏国信,SZSE,火力发电,20110810,
002609.SZ,捷顺科技,SZSE,软件服务,20110815,
002611.SZ,东方精工,SZSE,轻工机械,20110830,
002612.SZ,朗姿股份,SZSE,服饰,20110830,
002613.SZ,北玻股份,SZSE,专用机械,20110830,
002614.SZ,奥佳华,SZSE,家用电器,20110909,
002615.SZ,哈尔斯,SZSE,家居用品,20110909,
002616.SZ,长青集团,SZSE,环境保护,20110920,
002617.SZ,露笑科技,SZSE,电气设备,20110920,
002622.SZ,皓宸医疗,SZSE,医疗保健,20111018,
002623.SZ,亚玛顿,SZSE,玻璃,20111013,
002624.SZ,完美世界,SZSE,互联网,20111028,
002625.SZ,光启技术,SZSE,航空,20111103,
002626.SZ,金达威,SZSE,医疗保健,20111028,
002627.SZ,三峡旅游,SZSE,旅游景点,20111103,
002628.SZ,成都路桥,SZSE,建筑工程,20111103,
002629.SZ,仁智股份,SZSE,石油开采,20111103,
002631.SZ,德尔未来,SZSE,家居用品,20111111,
002632.SZ,道明光学,SZSE,塑料,20111122,
002633.SZ,申科股份,SZSE,机械基件,20111122,
002634.SZ,棒杰股份,SZSE,服饰,20111205,
002635.SZ,安洁科技,SZSE,元器件,20111125,
002636.SZ,金安国纪,SZSE,元器件,20111125,
002637.SZ,赞宇科技,SZSE,日用化工,20111125,
002638.SZ,勤上股份,SZSE,家用电器,20111125,
002639.SZ,雪人集团,SZSE,专用机械,20111205,
002640.SZ,跨境通,SZSE,互联网,20111208,
002641.SZ,公元股份,SZSE,塑料,20111208,
002642.SZ,荣联科技,SZSE,软件服务,20111220,
002643.SZ,万润股份,SZSE,化工原料,20111220,
002644.SZ,佛慈制药,SZSE,中成药,20111222,
002645.SZ,华宏科技,SZSE,专用机械,20111220,
002646.SZ,天佑德酒,SZSE,白酒,20111222,
002648.SZ,卫星化学,SZSE,化工原料,20111228,
002649.SZ,博彦科技,SZSE,软件服务,20120106,
002651.SZ,利君股份,SZSE,航空,20120106,
002652.SZ,扬子新材,SZSE,其他建材,20120119,
002653.SZ,海思科,SZSE,化学制药,20120117,
002654.SZ,万润科技,SZSE,互联网,20120217,
002655.SZ,共达电声,SZSE,元器件,20120217,
002657.SZ,中科金财,SZSE,软件服务,20120228,
002658.SZ,雪迪龙,SZSE,环境保护,20120309,
002659.SZ,凯文教育,SZSE,文教休闲,20120309,
002660.SZ,茂硕电源,SZSE,电气设备,20120316,
002661.SZ,克明食品,SZSE,食品,20120316,
002662.SZ,峰璟股份,SZSE,汽车配件,20120309,
002663.SZ,普邦股份,SZSE,建筑工程,20120316,
002664.SZ,信质集团,SZSE,汽车配件,20120316,
002666.SZ,德联集团,SZSE,化工原料,20120327,
002667.SZ,威领股份,SZSE,小金属,20120329,
002668.SZ,TCL智家,SZSE,家用电器,20120416,
002669.SZ,康达新材,SZSE,化工原料,20120416,
002670.SZ,国盛证券,SZSE,证券,20120416,
002671.SZ,龙泉股份,SZSE,水泥,20120426,
002672.SZ,东江环保,SZSE,环境保护,20120426,
002673.SZ,西部证券,SZSE,证券,20120503,
002674.SZ,兴业科技,SZSE,纺织,20120507,
002675.SZ,东诚药业,SZSE,化学制药,20120525,
002676.SZ,顺威股份,SZSE,家用电器,20120525,
002677.SZ,浙江美大,SZSE,家用电器,20120525,
002678.SZ,珠江钢琴,SZSE,文教休闲,20120530,
002679.SZ,福建金森,SZSE,林业,20120605,
002681.SZ,奋达科技,SZSE,元器件,20120605,
002682.SZ,龙洲股份,SZSE,仓储物流,20120612,
002683.SZ,广东宏大,SZSE,化工原料,20120612,
002685.SZ,华东重机,SZSE,机床制造,20120612,
002686.SZ,亿利达,SZSE,专用机械,20120703,
002687.SZ,乔治白,SZSE,服饰,20120713,
002688.SZ,金河生物,SZSE,农业综合,20120713,
002690.SZ,美亚光电,SZSE,专用机械,20120731,
002691.SZ,冀凯股份,SZSE,专用机械,20120731,
002692.SZ,远程股份,SZSE,电气设备,20120808,
002694.SZ,顾地科技,SZSE,塑料,20120816,
002695.SZ,煌上煌,SZSE,食品,20120905,
002696.SZ,百洋股份,SZSE,饲料,20120905,
002697.SZ,红旗连锁,SZSE,超市连锁,20120905,
002698.SZ,博实股份,SZSE,化工机械,20120911,
002700.SZ,万憬能源,SZSE,供气供热,20120921,
002701.SZ,奥瑞金,SZSE,广告包装,20121011,
002702.SZ,海欣食品,SZSE,食品,20121011,
002703.SZ,浙江世宝,SZSE,汽车配件,20121102,
002705.SZ,新宝股份,SZSE,家用电器,20140121,
002706.SZ,良信股份,SZSE,电气设备,20140121,
002707.SZ,众信旅游,SZSE,旅游服务,20140123,
002708.SZ,光洋股份,SZSE,汽车配件,20140121,
002709.SZ,天赐材料,SZSE,化工原料,20140123,
002712.SZ,思美传媒,SZSE,广告包装,20140123,
002714.SZ,牧原股份,SZSE,农业综合,20140128,
002715.SZ,登云股份,SZSE,汽车配件,20140219,
002716.SZ,湖南白银,SZSE,小金属,20140128,
002718.SZ,友邦吊顶,SZSE,其他建材,20140128,
002719.SZ,麦趣尔,SZSE,乳制品,20140128,
002721.SZ,金一文化,SZSE,服饰,20140127,
002722.SZ,物产金轮,SZSE,钢加工,20140128,
002723.SZ,小崧股份,SZSE,家用电器,20140129,
002724.SZ,海洋王,SZSE,元器件,20141104,
002725.SZ,跃岭股份,SZSE,汽车配件,20140129,
002726.SZ,龙大美食,SZSE,食品,20140626,
002727.SZ,一心堂,SZSE,医药商业,20140702,
002728.SZ,特一药业,SZSE,中成药,20140731,
002729.SZ,好利科技,SZSE,元器件,20140912,
002730.SZ,电光科技,SZSE,专用机械,20141009,
002732.SZ,燕塘乳业,SZSE,乳制品,20141205,
002733.SZ,雄韬股份,SZSE,电气设备,20141203,
002734.SZ,利民股份,SZSE,农药化肥,20150127,
002735.SZ,王子新材,SZSE,塑料,20141203,
002736.SZ,国信证券,SZSE,证券,20141229,
002737.SZ,葵花药业,SZSE,中成药,20141230,
002738.SZ,中矿资源,SZSE,小金属,20141230,
002739.SZ,万达电影,SZSE,影视音像,20150122,
002741.SZ,光华科技,SZSE,化工原料,20150216,
002743.SZ,富煌钢构,SZSE,钢加工,20150217,
002745.SZ,木林森,SZSE,元器件,20150217,
002746.SZ,仙坛股份,SZSE,农业综合,20150216,
002747.SZ,埃斯顿,SZSE,机械基件,20150320,
002748.SZ,世龙实业,SZSE,化工原料,20150319,
002749.SZ,国光股份,SZSE,农药化肥,20150320,
002752.SZ,昇兴股份,SZSE,广告包装,20150422,
002753.SZ,永东股份,SZSE,化工原料,20150519,
002755.SZ,奥赛康,SZSE,化学制药,20150515,
002756.SZ,永兴材料,SZSE,小金属,20150515,
002757.SZ,南兴股份,SZSE,专用机械,20150527,
002758.SZ,浙农股份,SZSE,批发业,20150527,
002759.SZ,天际股份,SZSE,电气设备,20150528,
002760.SZ,凤形股份,SZSE,机械基件,20150611,
002761.SZ,浙江建投,SZSE,建筑工程,20150610,
002763.SZ,汇洁股份,SZSE,服饰,20150610,
002765.SZ,蓝黛科技,SZSE,元器件,20150612,
002766.SZ,索菱股份,SZSE,汽车配件,20150611,
002767.SZ,先锋电子,SZSE,电器仪表,20150612,
002768.SZ,国恩股份,SZSE,塑料,20150630,
002769.SZ,普路通,SZSE,仓储物流,20150629,
002771.SZ,真视通,SZSE,软件服务,20150629,
002772.SZ,众兴菌业,SZSE,种植业,20150626,
002773.SZ,康弘药业,SZSE,化学制药,20150626,
002774.SZ,快意电梯,SZSE,运输设备,20170324,
002775.SZ,文科股份,SZSE,建筑工程,20150629,
002777.SZ,久远银海,SZSE,软件服务,20151231,
002778.SZ,中晟高科,SZSE,环境保护,20160106,
002779.SZ,中坚科技,SZSE,农用机械,20151209,
002780.SZ,三夫户外,SZSE,服饰,20151209,
002782.SZ,可立克,SZSE,元器件,20151222,
002783.SZ,凯龙股份,SZSE,化工原料,20151209,
002785.SZ,万里石,SZSE,其他建材,20151223,
002786.SZ,银宝山新,SZSE,专用机械,20151223,
002787.SZ,华源控股,SZSE,广告包装,20151231,
002788.SZ,鹭燕医药,SZSE,医药商业,20160218,
002790.SZ,瑞尔特,SZSE,家居用品,20160308,
002791.SZ,坚朗五金,SZSE,其他建材,20160329,
002792.SZ,通宇通讯,SZSE,通信设备,20160328,
002793.SZ,罗欣药业,SZSE,化学制药,20160415,
002795.SZ,永和智控,SZSE,机械基件,20160428,
002796.SZ,世嘉科技,SZSE,通信设备,20160510,
002797.SZ,第一创业,SZSE,证券,20160511,
002798.SZ,帝欧水华,SZSE,家居用品,20160525,
002799.SZ,环球印务,SZSE,广告包装,20160608,
002800.SZ,天顺股份,SZSE,仓储物流,20160530,
002801.SZ,微光股份,SZSE,电气设备,20160622,
002802.SZ,洪汇新材,SZSE,化工原料,20160629,
002803.SZ,吉宏股份,SZSE,互联网,20160712,
002805.SZ,丰元股份,SZSE,电气设备,20160707,
002806.SZ,华锋股份,SZSE,汽车配件,20160726,
002807.SZ,江阴银行,SZSE,银行,20160902,
002809.SZ,红墙股份,SZSE,化工原料,20160823,
002810.SZ,山东赫达,SZSE,化工原料,20160826,
002811.SZ,郑中设计,SZSE,装修装饰,20160908,
002812.SZ,恩捷股份,SZSE,电气设备,20160914,
002813.SZ,路畅科技,SZSE,汽车配件,20161012,
002815.SZ,崇达技术,SZSE,元器件,20161012,
002817.SZ,黄山胶囊,SZSE,化学制药,20161025,
002818.SZ,富森美,SZSE,其他商业,20161109,
002819.SZ,东方中科,SZSE,电器仪表,20161111,
002820.SZ,桂发祥,SZSE,食品,20161118,
002821.SZ,凯莱英,SZSE,生物制药,20161118,
002823.SZ,凯中精密,SZSE,机械基件,20161124,
002824.SZ,和胜股份,SZSE,铝,20170112,
002825.SZ,纳尔股份,SZSE,化工原料,20161129,
002826.SZ,易明医药,SZSE,化学制药,20161209,
002827.SZ,高争民爆,SZSE,化工原料,20161209,
002828.SZ,贝肯能源,SZSE,石油开采,20161208,
002829.SZ,星网宇达,SZSE,航空,20161213,
002830.SZ,名雕股份,SZSE,装修装饰,20161213,
002831.SZ,裕同科技,SZSE,广告包装,20161216,
002832.SZ,比音勒芬,SZSE,服饰,20161223,
002833.SZ,弘亚数控,SZSE,专用机械,20161228,
002835.SZ,同为股份,SZSE,IT设备,20161228,
002836.SZ,新宏泽,SZSE,广告包装,20161229,
002837.SZ,英维克,SZSE,专用机械,20161229,
002838.SZ,道恩股份,SZSE,塑料,20170106,
002839.SZ,张家港行,SZSE,银行,20170124,
002840.SZ,华统股份,SZSE,食品,20170110,
002841.SZ,视源股份,SZSE,元器件,20170119,
002842.SZ,翔鹭钨业,SZSE,小金属,20170119,
002843.SZ,泰嘉股份,SZSE,钢加工,20170120,
002845.SZ,同兴达,SZSE,元器件,20170125,
002846.SZ,英联股份,SZSE,广告包装,20170207,
002847.SZ,盐津铺子,SZSE,食品,20170208,
002849.SZ,威星智能,SZSE,电器仪表,20170217,
002850.SZ,科达利,SZSE,电气设备,20170302,
002851.SZ,麦格米特,SZSE,电气设备,20170306,
002852.SZ,道道全,SZSE,食品,20170310,
002853.SZ,皮阿诺,SZSE,家居用品,20170310,
002855.SZ,捷荣技术,SZSE,元器件,20170321,
002856.SZ,美芝股份,SZSE,装修装饰,20170320,
002857.SZ,三晖电气,SZSE,电器仪表,20170323,
002858.SZ,力盛体育,SZSE,文教休闲,20170324,
002859.SZ,洁美科技,SZSE,元器件,20170407,
002860.SZ,星帅尔,SZSE,家用电器,20170412,
002861.SZ,瀛通通讯,SZSE,元器件,20170413,
002862.SZ,实丰文化,SZSE,文教休闲,20170411,
002863.SZ,今飞凯达,SZSE,汽车配件,20170418,
002864.SZ,盘龙药业,SZSE,中成药,20171116,
002865.SZ,钧达股份,SZSE,电气设备,20170425,
002866.SZ,传艺科技,SZSE,IT设备,20170426,
002867.SZ,周大生,SZSE,服饰,20170427,
002869.SZ,金溢科技,SZSE,通信设备,20170515,
002870.SZ,香山股份,SZSE,汽车配件,20170515,
002871.SZ,伟隆股份,SZSE,机械基件,20170511,
002873.SZ,新天药业,SZSE,中成药,20170519,
002875.SZ,安奈儿,SZSE,服饰,20170601,
002876.SZ,三利谱,SZSE,元器件,20170525,
002877.SZ,智能自控,SZSE,机械基件,20170605,
002878.SZ,元隆雅图,SZSE,广告包装,20170606,
002879.SZ,长缆科技,SZSE,电气设备,20170707,
002880.SZ,卫光生物,SZSE,生物制药,20170616,
002881.SZ,美格智能,SZSE,元器件,20170622,
002882.SZ,金龙羽,SZSE,电气设备,20170717,
002883.SZ,中设股份,SZSE,建筑工程,20170620,
002884.SZ,凌霄泵业,SZSE,机械基件,20170711,
002885.SZ,京泉华,SZSE,元器件,20170627,
002886.SZ,沃特股份,SZSE,塑料,20170627,
002887.SZ,绿茵生态,SZSE,环境保护,20170801,
002888.SZ,惠威科技,SZSE,元器件,20170721,
002889.SZ,东方嘉盛,SZSE,仓储物流,20170731,
002890.SZ,弘宇股份,SZSE,农用机械,20170802,
002891.SZ,中宠股份,SZSE,饲料,20170821,
002892.SZ,科力尔,SZSE,电气设备,20170817,
002893.SZ,京能热力,SZSE,供气供热,20170915,
002895.SZ,川恒股份,SZSE,化工原料,20170825,
002896.SZ,中大力德,SZSE,机械基件,20170829,
002897.SZ,意华股份,SZSE,元器件,20170907,
002899.SZ,英派斯,SZSE,文教休闲,20170915,
002900.SZ,哈三联,SZSE,化学制药,20170922,
002901.SZ,大博医疗,SZSE,医疗保健,20170922,
002902.SZ,铭普光磁,SZSE,通信设备,20170929,
002903.SZ,宇环数控,SZSE,机床制造,20171013,
002905.SZ,金逸影视,SZSE,影视音像,20171016,
002906.SZ,华阳集团,SZSE,汽车配件,20171013,
002907.SZ,华森制药,SZSE,中成药,20171020,
002908.SZ,德生科技,SZSE,软件服务,20171020,
002909.SZ,集泰股份,SZSE,化工原料,20171026,
002910.SZ,庄园牧场,SZSE,乳制品,20171031,
002911.SZ,佛燃能源,SZSE,供气供热,20171122,
002912.SZ,中新赛克,SZSE,IT设备,20171121,
002913.SZ,奥士康,SZSE,元器件,20171201,
002915.SZ,中欣氟材,SZSE,化工原料,20171205,
002916.SZ,深南电路,SZSE,元器件,20171213,
002917.SZ,金奥博,SZSE,化工原料,20171208,
002918.SZ,蒙娜丽莎,SZSE,陶瓷,20171219,
002919.SZ,名臣健康,SZSE,互联网,20171218,
002920.SZ,德赛西威,SZSE,汽车配件,20171226,
002921.SZ,联诚精密,SZSE,汽车配件,20171227,
002922.SZ,伊戈尔,SZSE,电气设备,20171229,
002923.SZ,润都股份,SZSE,化学制药,20180105,
002925.SZ,盈趣科技,SZSE,元器件,20180115,
002926.SZ,华西证券,SZSE,证券,20180205,
002927.SZ,泰永长征,SZSE,电气设备,20180223,
002928.SZ,华夏航空,SZSE,空运,20180302,
002929.SZ,润建股份,SZSE,通信设备,20180301,
002930.SZ,宏川智慧,SZSE,仓储物流,20180328,
002931.SZ,锋龙股份,SZSE,机械基件,20180403,
002932.SZ,明德生物,SZSE,医疗保健,20180710,
002933.SZ,新兴装备,SZSE,航空,20180828,
002935.SZ,天奥电子,SZSE,航空,20180903,
002936.SZ,郑州银行,SZSE,银行,20180919,
002937.SZ,兴瑞科技,SZSE,元器件,20180926,
002938.SZ,鹏鼎控股,SZSE,元器件,20180918,
002939.SZ,长城证券,SZSE,证券,20181026,
002940.SZ,昂利康,SZSE,化学制药,20181023,
002941.SZ,新疆交建,SZSE,建筑工程,20181128,
002942.SZ,新农股份,SZSE,农药化肥,20181205,
002943.SZ,宇晶股份,SZSE,机床制造,20181129,
002945.SZ,华林证券,SZSE,证券,20190117,
002946.SZ,新乳业,SZSE,乳制品,20190125,
002947.SZ,恒铭达,SZSE,元器件,20190201,
002948.SZ,青岛银行,SZSE,银行,20190116,
002949.SZ,华阳国际,SZSE,建筑工程,20190226,
002950.SZ,奥美医疗,SZSE,医疗保健,20190311,
002951.SZ,金时科技,SZSE,广告包装,20190315,
002952.SZ,亚世光电,SZSE,元器件,20190328,
002953.SZ,日丰股份,SZSE,电气设备,20190509,
002955.SZ,鸿合科技,SZSE,IT设备,20190523,
002956.SZ,西麦食品,SZSE,食品,20190619,
002957.SZ,科瑞技术,SZSE,专用机械,20190726,
002958.SZ,青农商行,SZSE,银行,20190326,
002959.SZ,小熊电器,SZSE,家用电器,20190823,
002960.SZ,青鸟消防,SZSE,专用机械,20190809,
002961.SZ,瑞达期货,SZSE,多元金融,20190905,
002962.SZ,五方光电,SZSE,元器件,20190917,
002963.SZ,豪尔赛,SZSE,装修装饰,20191028,
002965.SZ,祥鑫科技,SZSE,汽车配件,20191025,
002966.SZ,苏州银行,SZSE,银行,20190802,
002967.SZ,广电计量,SZSE,电器仪表,20191108,
002968.SZ,新大正,SZSE,房产服务,20191203,
002969.SZ,嘉美包装,SZSE,广告包装,20191202,
002970.SZ,锐明技术,SZSE,IT设备,20191217,
002971.SZ,和远气体,SZSE,化工原料,20200113,
002972.SZ,科安达,SZSE,运输设备,20191227,
002973.SZ,侨银股份,SZSE,环境保护,20200106,
002975.SZ,博杰股份,SZSE,专用机械,20200205,
002976.SZ,瑞玛精密,SZSE,汽车配件,20200306,
002977.SZ,天箭科技,SZSE,通信设备,20200317,
002978.SZ,安宁股份,SZSE,小金属,20200417,
002979.SZ,雷赛智能,SZSE,专用机械,20200408,
002980.SZ,华盛昌,SZSE,电器仪表,20200415,
002981.SZ,朝阳科技,SZSE,元器件,20200417,
002982.SZ,湘佳股份,SZSE,农业综合,20200424,
002983.SZ,芯瑞达,SZSE,元器件,20200428,
002984.SZ,森麒麟,SZSE,汽车配件,20200911,
002985.SZ,北摩高科,SZSE,航空,20200429,
002986.SZ,宇新股份,SZSE,化工原料,20200602,
002987.SZ,京北方,SZSE,软件服务,20200507,
002988.SZ,豪美新材,SZSE,铝,20200518,
002989.SZ,中天精装,SZSE,装修装饰,20200610,
002990.SZ,盛视科技,SZSE,软件服务,20200525,
002991.SZ,甘源食品,SZSE,食品,20200731,
002992.SZ,宝明科技,SZSE,元器件,20200803,
002993.SZ,奥海科技,SZSE,元器件,20200817,
002995.SZ,天地在线,SZSE,互联网,20200805,
002996.SZ,顺博合金,SZSE,铝,20200828,
002997.SZ,瑞鹄模具,SZSE,汽车配件,20200903,
002998.SZ,优彩资源,SZSE,化纤,20200925,
002999.SZ,天禾股份,SZSE,批发业,20200903,
003000.SZ,劲仔食品,SZSE,食品,20200914,
003001.SZ,中岩大地,SZSE,建筑工程,20201013,
003002.SZ,壶化股份,SZSE,化工原料,20200922,
003003.SZ,天元股份,SZSE,广告包装,20200921,
003005.SZ,竞业达,SZSE,软件服务,20200922,
003006.SZ,百亚股份,SZSE,造纸,20200921,
003007.SZ,直真科技,SZSE,软件服务,20200923,
003008.SZ,开普检测,SZSE,电气设备,20200923,
003009.SZ,中天火箭,SZSE,航空,20200925,
003010.SZ,若羽臣,SZSE,互联网,20200925,
003011.SZ,海象新材,SZSE,家居用品,20200930,
003012.SZ,东鹏控股,SZSE,陶瓷,20201019,
003013.SZ,地铁设计,SZSE,建筑工程,20201022,
003015.SZ,日久光电,SZSE,元器件,20201021,
003016.SZ,欣贺股份,SZSE,服饰,20201026,
003017.SZ,大洋生物,SZSE,化工原料,20201026,
003018.SZ,金富科技,SZSE,塑料,20201106,
003019.SZ,宸展光电,SZSE,元器件,20201117,
003020.SZ,立方制药,SZSE,化学制药,20201215,
003021.SZ,兆威机电,SZSE,元器件,20201204,
003022.SZ,联泓新科,SZSE,化工原料,20201208,
003023.SZ,彩虹集团,SZSE,家用电器,20201211,
003025.SZ,思进智能,SZSE,机床制造,20201211,
003026.SZ,中晶科技,SZSE,半导体,20201218,
003027.SZ,同兴科技,SZSE,环境保护,20201218,
003028.SZ,振邦智能,SZSE,元器件,20201228,
003029.SZ,吉大正元,SZSE,软件服务,20201224,
003030.SZ,祖名股份,SZSE,食品,20210106,
003031.SZ,中瓷电子,SZSE,元器件,20210104,
003033.SZ,征和工业,SZSE,汽车配件,20210111,
003035.SZ,南网能源,SZSE,新型电力,20210119,
003036.SZ,泰坦股份,SZSE,纺织机械,20210128,
003037.SZ,三和管桩,SZSE,水泥,20210204,
003038.SZ,鑫铂股份,SZSE,铝,20210210,
003039.SZ,顺控发展,SZSE,水务,20210308,
003040.SZ,楚天龙,SZSE,通信设备,20210322,
003041.SZ,真爱美家,SZSE,纺织,20210406,
003042.SZ,中农联合,SZSE,农药化肥,20210406,
003043.SZ,华亚智能,SZSE,半导体,20210406,
003816.SZ,中国广核,SZSE,新型电力,20190826,
300001.SZ,特锐德,SZSE,电气设备,20091030,
300002.SZ,神州泰岳,SZSE,互联网,20091030,
300003.SZ,乐普医疗,SZSE,医疗保健,20091030,
300004.SZ,南风股份,SZSE,电气设备,20091030,
300005.SZ,探路者,SZSE,服饰,20091030,
300006.SZ,莱美药业,SZSE,化学制药,20091030,
300007.SZ,汉威科技,SZSE,电器仪表,20091030,
300008.SZ,天海防务,SZSE,船舶,20091030,
300009.SZ,安科生物,SZSE,生物制药,20091030,
300010.SZ,豆神教育,SZSE,软件服务,20091030,
300011.SZ,鼎汉技术,SZSE,运输设备,20091030,
300012.SZ,华测检测,SZSE,电器仪表,20091030,
300013.SZ,新宁物流,SZSE,仓储物流,20091030,
300014.SZ,亿纬锂能,SZSE,电气设备,20091030,
300015.SZ,爱尔眼科,SZSE,医疗保健,20091030,
300016.SZ,北陆药业,SZSE,化学制药,20091030,
300017.SZ,网宿科技,SZSE,软件服务,20091030,
300018.SZ,中元股份,SZSE,电气设备,20091030,
300019.SZ,硅宝科技,SZSE,化工原料,20091030,
300021.SZ,大禹节水,SZSE,建筑工程,20091030,
300022.SZ,吉峰科技,SZSE,农用机械,20091030,
300024.SZ,机器人,SZSE,专用机械,20091030,
300025.SZ,华星创业,SZSE,通信设备,20091030,
300026.SZ,红日药业,SZSE,中成药,20091030,
300027.SZ,华谊兄弟,SZSE,影视音像,20091030,
300030.SZ,阳普医疗,SZSE,医疗保健,20091225,
300031.SZ,宝通科技,SZSE,互联网,20091225,
300032.SZ,金龙机电,SZSE,元器件,20091225,
300033.SZ,同花顺,SZSE,软件服务,20091225,
300034.SZ,钢研高纳,SZSE,航空,20091225,
300035.SZ,中科电气,SZSE,电气设备,20091225,
300036.SZ,超图软件,SZSE,软件服务,20091225,
300037.SZ,新宙邦,SZSE,化工原料,20100108,
300039.SZ,上海凯宝,SZSE,中成药,20100108,
300040.SZ,九洲集团,SZSE,新型电力,20100108,
300041.SZ,回天新材,SZSE,化工原料,20100108,
300042.SZ,朗科科技,SZSE,IT设备,20100108,
300043.SZ,星辉娱乐,SZSE,互联网,20100120,
300045.SZ,华力创通,SZSE,IT设备,20100120,
300046.SZ,台基股份,SZSE,半导体,20100120,
300047.SZ,天源迪科,SZSE,软件服务,20100120,
300048.SZ,合康新能,SZSE,电气设备,20100120,
300049.SZ,福瑞医科,SZSE,医疗保健,20100120,
300050.SZ,世纪鼎利,SZSE,通信设备,20100120,
300051.SZ,琏升科技,SZSE,综合类,20100211,
300053.SZ,航宇微,SZSE,半导体,20100211,
300054.SZ,鼎龙股份,SZSE,化工原料,20100211,
300055.SZ,万邦达,SZSE,石油加工,20100226,
300056.SZ,中创环保,SZSE,环境保护,20100226,
300057.SZ,万顺新材,SZSE,铝,20100226,
300058.SZ,蓝色光标,SZSE,广告包装,20100226,
300059.SZ,东方财富,SZSE,证券,20100319,
300061.SZ,旗天科技,SZSE,互联网,20100319,
300062.SZ,中能电气,SZSE,电气设备,20100319,
300063.SZ,天龙集团,SZSE,互联网,20100326,
300065.SZ,海兰信,SZSE,船舶,20100326,
300066.SZ,三川智慧,SZSE,电器仪表,20100326,
300067.SZ,安诺其,SZSE,染料涂料,20100421,
300068.SZ,南都电源,SZSE,电气设备,20100421,
300069.SZ,金利华电,SZSE,电气设备,20100421,
300070.SZ,碧水源,SZSE,环境保护,20100421,
300071.SZ,福石控股,SZSE,广告包装,20100421,
300072.SZ,海新能科,SZSE,化工原料,20100427,
300073.SZ,当升科技,SZSE,电气设备,20100427,
300074.SZ,华平股份,SZSE,软件服务,20100427,
300075.SZ,数字政通,SZSE,软件服务,20100427,
300076.SZ,GQY视讯,SZSE,IT设备,20100430,
300077.SZ,国民技术,SZSE,半导体,20100430,
300078.SZ,思创智联,SZSE,软件服务,20100430,
300079.SZ,数码视讯,SZSE,IT设备,20100430,
300080.SZ,易成新能,SZSE,电气设备,20100625,
300082.SZ,奥克股份,SZSE,化工原料,20100520,
300083.SZ,创世纪,SZSE,机床制造,20100520,
300084.SZ,海默科技,SZSE,专用机械,20100520,
300085.SZ,银之杰,SZSE,软件服务,20100526,
300086.SZ,康芝药业,SZSE,化学制药,20100526,
300087.SZ,荃银高科,SZSE,种植业,20100526,
300088.SZ,长信科技,SZSE,元器件,20100526,
300092.SZ,科新机电,SZSE,专用机械,20100708,
300094.SZ,国联水产,SZSE,渔业,20100708,
300095.SZ,华伍股份,SZSE,专用机械,20100728,
300097.SZ,智云股份,SZSE,专用机械,20100728,
300098.SZ,高新兴,SZSE,软件服务,20100728,
300099.SZ,尤洛卡,SZSE,电器仪表,20100806,
300100.SZ,双林股份,SZSE,汽车配件,20100806,
300101.SZ,振芯科技,SZSE,通信设备,20100806,
300102.SZ,乾照光电,SZSE,半导体,20100812,
300103.SZ,达刚控股,SZSE,专用机械,20100812,
300105.SZ,龙源技术,SZSE,环境保护,20100820,
300106.SZ,西部牧业,SZSE,乳制品,20100820,
300107.SZ,建新股份,SZSE,化工原料,20100820,
300109.SZ,新开源,SZSE,化工原料,20100825,
300110.SZ,华仁药业,SZSE,化学制药,20100825,
300111.SZ,向日葵,SZSE,化学制药,20100827,
300112.SZ,万讯自控,SZSE,电器仪表,20100827,
300113.SZ,顺网科技,SZSE,互联网,20100827,
300115.SZ,长盈精密,SZSE,元器件,20100902,
300118.SZ,东方日升,SZSE,电气设备,20100902,
300119.SZ,瑞普生物,SZSE,农业综合,20100917,
300120.SZ,经纬辉开,SZSE,元器件,20100917,
300121.SZ,阳谷华泰,SZSE,化工原料,20100917,
300122.SZ,智飞生物,SZSE,生物制药,20100928,
300123.SZ,亚光科技,SZSE,半导体,20100928,
300124.SZ,汇川技术,SZSE,电器仪表,20100928,
300126.SZ,锐奇股份,SZSE,轻工机械,20101013,
300127.SZ,银河磁体,SZSE,矿物制品,20101013,
300128.SZ,锦富技术,SZSE,元器件,20101013,
300129.SZ,泰胜风能,SZSE,电气设备,20101019,
300130.SZ,新国都,SZSE,IT设备,20101019,
300131.SZ,英唐智控,SZSE,元器件,20101019,
300132.SZ,青松股份,SZSE,化工原料,20101026,
300133.SZ,华策影视,SZSE,影视音像,20101026,
300134.SZ,大富科技,SZSE,通信设备,20101026,
300135.SZ,宝利国际,SZSE,石油加工,20101026,
300136.SZ,信维通信,SZSE,元器件,20101105,
300137.SZ,先河环保,SZSE,环境保护,20101105,
300138.SZ,晨光生物,SZSE,食品,20101105,
300139.SZ,晓程科技,SZSE,黄金,20101112,
300140.SZ,节能环境,SZSE,环境保护,20101112,
300141.SZ,和顺电气,SZSE,电气设备,20101112,
300142.SZ,沃森生物,SZSE,生物制药,20101112,
300143.SZ,盈康生命,SZSE,医疗保健,20101209,
300144.SZ,宋城演艺,SZSE,旅游景点,20101209,
300145.SZ,南方泵业,SZSE,机械基件,20101209,
300146.SZ,汤臣倍健,SZSE,食品,20101215,
300148.SZ,天舟文化,SZSE,出版业,20101215,
300149.SZ,睿智医药,SZSE,生物制药,20101222,
300150.SZ,世纪瑞尔,SZSE,软件服务,20101222,
300151.SZ,昌红科技,SZSE,专用机械,20101222,
300153.SZ,科泰电源,SZSE,电气设备,20101229,
300154.SZ,瑞凌股份,SZSE,机械基件,20101229,
300155.SZ,安居宝,SZSE,IT设备,20110107,
300157.SZ,新锦动力,SZSE,专用机械,20110107,
300158.SZ,振东制药,SZSE,化学制药,20110107,
300160.SZ,秀强股份,SZSE,家用电器,20110113,
300161.SZ,华中数控,SZSE,机床制造,20110113,
300162.SZ,雷曼光电,SZSE,元器件,20110113,
300163.SZ,先锋新材,SZSE,家居用品,20110113,
300164.SZ,通源石油,SZSE,石油开采,20110113,
300165.SZ,天瑞仪器,SZSE,电器仪表,20110125,
300166.SZ,东方国信,SZSE,软件服务,20110125,
300168.SZ,万达信息,SZSE,软件服务,20110125,
300169.SZ,天晟新材,SZSE,塑料,20110125,
300170.SZ,汉得信息,SZSE,软件服务,20110201,
300171.SZ,东富龙,SZSE,医疗保健,20110201,
300172.SZ,中电环保,SZSE,环境保护,20110201,
300174.SZ,元力股份,SZSE,化工原料,20110201,
300176.SZ,鸿特科技,SZSE,汽车配件,20110215,
300177.SZ,中海达,SZSE,通信设备,20110215,
300179.SZ,四方达,SZSE,矿物制品,20110215,
300180.SZ,华峰超纤,SZSE,化纤,20110222,
300181.SZ,佐力药业,SZSE,中成药,20110222,
300182.SZ,捷成股份,SZSE,影视音像,20110222,
300183.SZ,东软载波,SZSE,通信设备,20110222,
300184.SZ,力源信息,SZSE,元器件,20110222,
300185.SZ,通裕重工,SZSE,工程机械,20110308,
300187.SZ,永清环保,SZSE,环境保护,20110308,
300188.SZ,国投智能,SZSE,软件服务,20110316,
300189.SZ,神农种业,SZSE,种植业,20110316,
300190.SZ,维尔利,SZSE,环境保护,20110316,
300191.SZ,潜能恒信,SZSE,石油开采,20110316,
300192.SZ,科德教育,SZSE,文教休闲,20110322,
300193.SZ,佳士科技,SZSE,专用机械,20110322,
300194.SZ,福安药业,SZSE,化学制药,20110322,
300195.SZ,长荣股份,SZSE,轻工机械,20110329,
300196.SZ,长海股份,SZSE,玻璃,20110329,
300197.SZ,节能铁汉,SZSE,环境保护,20110329,
300199.SZ,翰宇药业,SZSE,化学制药,20110407,
300200.SZ,高盟新材,SZSE,化工原料,20110407,
300201.SZ,海伦哲,SZSE,工程机械,20110407,
300203.SZ,聚光科技,SZSE,电器仪表,20110415,
300204.SZ,舒泰神,SZSE,生物制药,20110415,
300206.SZ,理邦仪器,SZSE,医疗保健,20110421,
300207.SZ,欣旺达,SZSE,电气设备,20110421,
300209.SZ,行云科技,SZSE,互联网,20110426,
300210.SZ,森远股份,SZSE,专用机械,20110426,
300212.SZ,易华录,SZSE,软件服务,20110505,
300213.SZ,佳讯飞鸿,SZSE,通信设备,20110505,
300214.SZ,日科化学,SZSE,化工原料,20110511,
300215.SZ,电科院,SZSE,电气设备,20110511,
300217.SZ,东方电热,SZSE,家用电器,20110518,
300218.SZ,安利股份,SZSE,塑料,20110518,
300219.SZ,鸿利智汇,SZSE,元器件,20110518,
300220.SZ,金运激光,SZSE,专用机械,20110525,
300221.SZ,银禧科技,SZSE,塑料,20110525,
300222.SZ,科大智能,SZSE,电气设备,20110525,
300223.SZ,北京君正,SZSE,半导体,20110531,
300224.SZ,正海磁材,SZSE,矿物制品,20110531,
300226.SZ,上海钢联,SZSE,互联网,20110608,
300227.SZ,光韵达,SZSE,专用机械,20110608,
300228.SZ,富瑞特装,SZSE,化工机械,20110608,
300229.SZ,拓尔思,SZSE,软件服务,20110615,
300230.SZ,永利股份,SZSE,塑料,20110615,
300231.SZ,银信科技,SZSE,软件服务,20110615,
300232.SZ,洲明科技,SZSE,元器件,20110622,
300233.SZ,金城医药,SZSE,化学制药,20110622,
300234.SZ,开尔新材,SZSE,陶瓷,20110622,
300235.SZ,方直科技,SZSE,软件服务,20110629,
300236.SZ,上海新阳,SZSE,半导体,20110629,
300238.SZ,冠昊生物,SZSE,医疗保健,20110706,
300239.SZ,东宝生物,SZSE,生物制药,20110706,
300240.SZ,飞力达,SZSE,仓储物流,20110706,
300241.SZ,瑞丰光电,SZSE,半导体,20110712,
300242.SZ,佳云科技,SZSE,互联网,20110712,
300243.SZ,瑞丰高材,SZSE,化工原料,20110712,
300244.SZ,迪安诊断,SZSE,医疗保健,20110719,
300245.SZ,天玑科技,SZSE,软件服务,20110719,
300246.SZ,宝莱特,SZSE,医疗保健,20110719,
300247.SZ,融捷健康,SZSE,医疗保健,20110729,
300248.SZ,新开普,SZSE,软件服务,20110729,
300249.SZ,依米康,SZSE,IT设备,20110803,
300250.SZ,初灵信息,SZSE,软件服务,20110803,
300251.SZ,光线传媒,SZSE,影视音像,20110803,
300252.SZ,金信诺,SZSE,通信设备,20110818,
300253.SZ,卫宁健康,SZSE,软件服务,20110818,
300254.SZ,仟源医药,SZSE,化学制药,20110819,
300255.SZ,常山药业,SZSE,生物制药,20110819,
300256.SZ,星星科技,SZSE,元器件,20110819,
300257.SZ,开山股份,SZSE,机械基件,20110819,
300258.SZ,精锻科技,SZSE,汽车配件,20110826,
300259.SZ,新天科技,SZSE,电器仪表,20110831,
300260.SZ,新莱应材,SZSE,机械基件,20110906,
300261.SZ,雅本化学,SZSE,农药化肥,20110906,
300263.SZ,隆华科技,SZSE,专用机械,20110916,
300264.SZ,佳创视讯,SZSE,软件服务,20110916,
300265.SZ,通光线缆,SZSE,电气设备,20110916,
300266.SZ,兴源环境,SZSE,环境保护,20110927,
300267.SZ,尔康制药,SZSE,化学制药,20110927,
300269.SZ,联建光电,SZSE,元器件,20111012,
300270.SZ,中威电子,SZSE,IT设备,20111012,
300271.SZ,华宇软件,SZSE,软件服务,20111026,
300272.SZ,开能健康,SZSE,家用电器,20111102,
300274.SZ,阳光电源,SZSE,电气设备,20111102,
300275.SZ,梅安森,SZSE,工程机械,20111102,
300276.SZ,三丰智能,SZSE,专用机械,20111115,
300277.SZ,汽轮科技,SZSE,机械基件,20111123,
300278.SZ,华昌达,SZSE,专用机械,20111216,
300279.SZ,和晶科技,SZSE,元器件,20111229,
300281.SZ,金明精机,SZSE,专用机械,20111229,
300283.SZ,温州宏丰,SZSE,电气设备,20120110,
300284.SZ,苏交科,SZSE,建筑工程,20120110,
300285.SZ,国瓷材料,SZSE,陶瓷,20120113,
300286.SZ,安科瑞,SZSE,电器仪表,20120113,
300287.SZ,飞利信,SZSE,软件服务,20120201,
300288.SZ,朗玛信息,SZSE,软件服务,20120216,
300289.SZ,利德曼,SZSE,医疗保健,20120216,
300290.SZ,荣科科技,SZSE,软件服务,20120216,
300291.SZ,百纳千成,SZSE,影视音像,20120209,
300292.SZ,吴通控股,SZSE,互联网,20120229,
300293.SZ,蓝英装备,SZSE,专用机械,20120308,
300294.SZ,博雅生物,SZSE,生物制药,20120308,
300295.SZ,三六五网,SZSE,互联网,20120315,
300296.SZ,利亚德,SZSE,元器件,20120315,
300298.SZ,三诺生物,SZSE,医疗保健,20120319,
300299.SZ,富春股份,SZSE,互联网,20120319,
300300.SZ,海峡创新,SZSE,软件服务,20120319,
300302.SZ,同有科技,SZSE,IT设备,20120321,
300303.SZ,聚飞光电,SZSE,半导体,20120319,
300304.SZ,云意电气,SZSE,汽车配件,20120321,
300305.SZ,裕兴股份,SZSE,塑料,20120329,
300306.SZ,远方信息,SZSE,电器仪表,20120329,
300307.SZ,慈星股份,SZSE,纺织机械,20120329,
300308.SZ,中际旭创,SZSE,通信设备,20120410,
300310.SZ,宜通世纪,SZSE,通信设备,20120425,
300314.SZ,戴维医疗,SZSE,医疗保健,20120508,
300315.SZ,掌趣科技,SZSE,互联网,20120511,
300316.SZ,晶盛机电,SZSE,专用机械,20120511,
300317.SZ,珈伟新能,SZSE,电气设备,20120511,
300318.SZ,博晖创新,SZSE,医疗保健,20120523,
300319.SZ,麦捷科技,SZSE,元器件,20120523,
300320.SZ,海达股份,SZSE,橡胶,20120601,
300321.SZ,同大股份,SZSE,塑料,20120523,
300322.SZ,硕贝德,SZSE,元器件,20120608,
300323.SZ,华灿光电,SZSE,半导体,20120601,
300324.SZ,旋极信息,SZSE,软件服务,20120608,
300327.SZ,中颖电子,SZSE,半导体,20120613,
300328.SZ,宜安科技,SZSE,小金属,20120619,
300329.SZ,海伦钢琴,SZSE,文教休闲,20120619,
300331.SZ,苏大维格,SZSE,元器件,20120628,
300332.SZ,天壕能源,SZSE,供气供热,20120628,
300333.SZ,兆日科技,SZSE,IT设备,20120628,
300334.SZ,津膜科技,SZSE,专用机械,20120705,
300335.SZ,迪森股份,SZSE,供气供热,20120710,
300337.SZ,银邦股份,SZSE,铝,20120718,
300339.SZ,润和软件,SZSE,软件服务,20120718,
300340.SZ,科恒股份,SZSE,电气设备,20120726,
300341.SZ,麦克奥迪,SZSE,电气设备,20120726,
300342.SZ,天银机电,SZSE,家用电器,20120726,
300344.SZ,立方退,SZSE,,20120801,
300345.SZ,华民股份,SZSE,电气设备,20120801,
300346.SZ,南大光电,SZSE,半导体,20120807,
300347.SZ,泰格医药,SZSE,医疗保健,20120817,
300348.SZ,长亮科技,SZSE,软件服务,20120817,
300349.SZ,金卡智能,SZSE,电器仪表,20120817,
300350.SZ,华鹏飞,SZSE,仓储物流,20120821,
300351.SZ,永贵电器,SZSE,运输设备,20120920,
300352.SZ,北信源,SZSE,软件服务,20120912,
300353.SZ,东土科技,SZSE,通信设备,20120927,
300354.SZ,东华测试,SZSE,电器仪表,20120920,
300355.SZ,蒙草生态,SZSE,环境保护,20120927,
300357.SZ,我武生物,SZSE,生物制药,20140121,
300358.SZ,楚天科技,SZSE,医疗保健,20140121,
300359.SZ,全通教育,SZSE,文教休闲,20140121,
300360.SZ,炬华科技,SZSE,电器仪表,20140121,
300363.SZ,博腾股份,SZSE,化学制药,20140129,
300364.SZ,中文在线,SZSE,出版业,20150121,
300365.SZ,恒华科技,SZSE,软件服务,20140123,
300368.SZ,汇金股份,SZSE,IT设备,20140123,
300369.SZ,绿盟科技,SZSE,软件服务,20140129,
300370.SZ,安控科技,SZSE,电器仪表,20140123,
300371.SZ,汇中股份,SZSE,电器仪表,20140123,
300373.SZ,扬杰科技,SZSE,半导体,20140123,
300374.SZ,中铁装配,SZSE,其他建材,20150319,
300375.SZ,鹏翎股份,SZSE,汽车配件,20140127,
300376.SZ,易事特,SZSE,电气设备,20140127,
300377.SZ,赢时胜,SZSE,软件服务,20140127,
300378.SZ,鼎捷数智,SZSE,软件服务,20140127,
300380.SZ,安硕信息,SZSE,软件服务,20140128,
300381.SZ,溢多利,SZSE,化学制药,20140128,
300382.SZ,斯莱克,SZSE,专用机械,20140129,
300383.SZ,光环新网,SZSE,软件服务,20140129,
300384.SZ,三联虹普,SZSE,建筑工程,20140801,
300385.SZ,雪浪环境,SZSE,环境保护,20140626,
300386.SZ,飞天诚信,SZSE,IT设备,20140626,
300387.SZ,富邦科技,SZSE,农药化肥,20140702,
300388.SZ,节能国祯,SZSE,环境保护,20140801,
300389.SZ,艾比森,SZSE,元器件,20140801,
300390.SZ,天华新能,SZSE,电气设备,20140731,
300391.SZ,长药退,SZSE,,20140801,
300393.SZ,中来股份,SZSE,塑料,20140912,
300394.SZ,天孚通信,SZSE,通信设备,20150217,
300395.SZ,菲利华,SZSE,玻璃,20140910,
300396.SZ,迪瑞医疗,SZSE,医疗保健,20140910,
300397.SZ,天和防务,SZSE,通信设备,20140910,
300398.SZ,飞凯材料,SZSE,化工原料,20141009,
300399.SZ,天利科技,SZSE,互联网,20141009,
300400.SZ,劲拓股份,SZSE,专用机械,20141010,
300401.SZ,花园生物,SZSE,化学制药,20141009,
300402.SZ,宝色股份,SZSE,专用机械,20141010,
300403.SZ,汉宇集团,SZSE,家用电器,20141030,
300404.SZ,博济医药,SZSE,医疗保健,20150424,
300405.SZ,科隆股份,SZSE,化工原料,20141030,
300406.SZ,九强生物,SZSE,医疗保健,20141030,
300407.SZ,凯发电气,SZSE,电气设备,20141203,
300408.SZ,三环集团,SZSE,元器件,20141203,
300409.SZ,道氏技术,SZSE,电气设备,20141203,
300410.SZ,正业科技,SZSE,专用机械,20141231,
300411.SZ,金盾股份,SZSE,专用机械,20141231,
300412.SZ,迦南科技,SZSE,医疗保健,20141231,
300413.SZ,芒果超媒,SZSE,影视音像,20150121,
300414.SZ,中光防雷,SZSE,通信设备,20150513,
300415.SZ,伊之密,SZSE,专用机械,20150123,
300416.SZ,苏试试验,SZSE,电器仪表,20150122,
300417.SZ,南华仪器,SZSE,电器仪表,20150123,
300418.SZ,昆仑万维,SZSE,互联网,20150121,
300420.SZ,五洋自控,SZSE,机械基件,20150217,
300421.SZ,力星股份,SZSE,机械基件,20150217,
300422.SZ,博世科,SZSE,环境保护,20150217,
300423.SZ,昇辉科技,SZSE,电气设备,20150217,
300424.SZ,航新科技,SZSE,航空,20150422,
300425.SZ,中建环能,SZSE,环境保护,20150216,
300426.SZ,华智数媒,SZSE,影视音像,20150217,
300427.SZ,红相股份,SZSE,电气设备,20150217,
300428.SZ,立中集团,SZSE,汽车配件,20150319,
300429.SZ,强力新材,SZSE,化工原料,20150324,
300430.SZ,诚益通,SZSE,电器仪表,20150319,
300432.SZ,富临精工,SZSE,汽车配件,20150319,
300433.SZ,蓝思科技,SZSE,元器件,20150318,
300434.SZ,金石亚药,SZSE,化学制药,20150424,
300435.SZ,中泰股份,SZSE,供气供热,20150326,
300436.SZ,广生堂,SZSE,化学制药,20150422,
300437.SZ,清水源,SZSE,化工原料,20150423,
300438.SZ,鹏辉能源,SZSE,电气设备,20150424,
300439.SZ,美康生物,SZSE,医疗保健,20150422,
300440.SZ,运达科技,SZSE,软件服务,20150423,
300441.SZ,鲍斯股份,SZSE,机床制造,20150423,
300442.SZ,润泽科技,SZSE,软件服务,20150424,
300443.SZ,金雷股份,SZSE,电气设备,20150422,
300444.SZ,双杰电气,SZSE,电气设备,20150423,
300445.SZ,康斯特,SZSE,电器仪表,20150424,
300446.SZ,航天智造,SZSE,汽车配件,20150423,
300447.SZ,全信股份,SZSE,电气设备,20150422,
300448.SZ,浩云科技,SZSE,软件服务,20150424,
300449.SZ,汉邦高科,SZSE,IT设备,20150422,
300450.SZ,先导智能,SZSE,专用机械,20150518,
300451.SZ,创业慧康,SZSE,软件服务,20150514,
300452.SZ,山河药辅,SZSE,化学制药,20150515,
300453.SZ,三鑫医疗,SZSE,医疗保健,20150515,
300454.SZ,深信服,SZSE,软件服务,20180516,
300455.SZ,航天智装,SZSE,IT设备,20150515,
300456.SZ,赛微电子,SZSE,半导体,20150514,
300457.SZ,赢合科技,SZSE,专用机械,20150514,
300458.SZ,全志科技,SZSE,半导体,20150515,
300459.SZ,汤姆猫,SZSE,互联网,20150515,
300461.SZ,田中精机,SZSE,专用机械,20150519,
300463.SZ,迈克生物,SZSE,医疗保健,20150528,
300464.SZ,星徽股份,SZSE,机械基件,20150610,
300465.SZ,高伟达,SZSE,软件服务,20150528,
300466.SZ,赛摩智能,SZSE,电器仪表,20150528,
300467.SZ,迅游科技,SZSE,互联网,20150527,
300468.SZ,四方精创,SZSE,软件服务,20150527,
300469.SZ,信息发展,SZSE,软件服务,20150611,
300470.SZ,中密控股,SZSE,机械基件,20150612,
300471.SZ,厚普股份,SZSE,专用机械,20150611,
300473.SZ,德尔股份,SZSE,汽车配件,20150612,
300474.SZ,景嘉微,SZSE,元器件,20160331,
300475.SZ,香农芯创,SZSE,元器件,20150610,
300476.SZ,胜宏科技,SZSE,元器件,20150611,
300478.SZ,杭州高新,SZSE,塑料,20150610,
300479.SZ,神思电子,SZSE,软件服务,20150612,
300480.SZ,光力科技,SZSE,专用机械,20150702,
300481.SZ,濮阳惠成,SZSE,化工原料,20150630,
300482.SZ,万孚生物,SZSE,医疗保健,20150630,
300483.SZ,首华燃气,SZSE,石油开采,20150630,
300484.SZ,蓝海华腾,SZSE,电气设备,20160322,
300485.SZ,赛升药业,SZSE,生物制药,20150626,
300486.SZ,东杰智能,SZSE,专用机械,20150630,
300487.SZ,蓝晓科技,SZSE,化工原料,20150702,
300488.SZ,恒锋工具,SZSE,机械基件,20150701,
300489.SZ,光智科技,SZSE,专用机械,20150701,
300490.SZ,华自科技,SZSE,专用机械,20151231,
300491.SZ,通合科技,SZSE,电气设备,20151231,
300492.SZ,华图山鼎,SZSE,文教休闲,20151223,
300493.SZ,润欣科技,SZSE,元器件,20151210,
300494.SZ,盛天网络,SZSE,互联网,20151231,
300496.SZ,中科创达,SZSE,软件服务,20151210,
300497.SZ,富祥药业,SZSE,化学制药,20151222,
300498.SZ,温氏股份,SZSE,农业综合,20151102,
300499.SZ,高澜股份,SZSE,专用机械,20160202,
300500.SZ,启迪设计,SZSE,建筑工程,20160204,
300501.SZ,海顺新材,SZSE,广告包装,20160204,
300502.SZ,新易盛,SZSE,通信设备,20160303,
300503.SZ,昊志机电,SZSE,机械基件,20160309,
300504.SZ,天邑股份,SZSE,通信设备,20180330,
300505.SZ,川金诺,SZSE,农药化肥,20160315,
300507.SZ,苏奥传感,SZSE,汽车配件,20160429,
300508.SZ,维宏股份,SZSE,软件服务,20160419,
300509.SZ,新美星,SZSE,专用机械,20160425,
300510.SZ,金冠股份,SZSE,电气设备,20160506,
300511.SZ,雪榕生物,SZSE,种植业,20160504,
300512.SZ,中亚股份,SZSE,专用机械,20160526,
300513.SZ,恒实科技,SZSE,软件服务,20160530,
300514.SZ,友讯达,SZSE,电器仪表,20170426,
300515.SZ,三德科技,SZSE,电器仪表,20160608,
300516.SZ,久之洋,SZSE,电器仪表,20160602,
300517.SZ,海波重科,SZSE,建筑工程,20160719,
300518.SZ,新迅达,SZSE,互联网,20160624,
300519.SZ,新光药业,SZSE,中成药,20160624,
300520.SZ,科大国创,SZSE,软件服务,20160708,
300521.SZ,爱司凯,SZSE,专用机械,20160705,
300522.SZ,世名科技,SZSE,染料涂料,20160705,
300523.SZ,辰安科技,SZSE,软件服务,20160726,
300525.SZ,博思软件,SZSE,软件服务,20160726,
300528.SZ,幸福蓝海,SZSE,影视音像,20160808,
300529.SZ,健帆生物,SZSE,医疗保健,20160802,
300530.SZ,领湃科技,SZSE,电气设备,20160809,
300531.SZ,优博讯,SZSE,IT设备,20160809,
300532.SZ,今天国际,SZSE,软件服务,20160818,
300533.SZ,冰川网络,SZSE,互联网,20160818,
300534.SZ,陇神戎发,SZSE,中成药,20160913,
300535.SZ,达威股份,SZSE,化工原料,20160812,
300536.SZ,农尚环境,SZSE,建筑工程,20160920,
300537.SZ,广信材料,SZSE,染料涂料,20160830,
300538.SZ,同益股份,SZSE,塑料,20160826,
300539.SZ,横河精密,SZSE,塑料,20160830,
300540.SZ,蜀道装备,SZSE,专用机械,20160823,
300541.SZ,先进数通,SZSE,软件服务,20160913,
300542.SZ,新晨科技,SZSE,软件服务,20160920,
300543.SZ,朗科智能,SZSE,元器件,20160908,
300545.SZ,联得装备,SZSE,专用机械,20160928,
300546.SZ,雄帝科技,SZSE,IT设备,20160928,
300547.SZ,川环科技,SZSE,汽车配件,20160930,
300548.SZ,长芯博创,SZSE,通信设备,20161012,
300549.SZ,优德精密,SZSE,专用机械,20160930,
300550.SZ,和仁科技,SZSE,软件服务,20161018,
300551.SZ,古鳌科技,SZSE,软件服务,20161018,
300552.SZ,万集科技,SZSE,IT设备,20161021,
300553.SZ,集智股份,SZSE,电器仪表,20161021,
300554.SZ,三超新材,SZSE,矿物制品,20170421,
300556.SZ,丝路视觉,SZSE,软件服务,20161104,
300557.SZ,理工光科,SZSE,电器仪表,20161101,
300558.SZ,贝达药业,SZSE,化学制药,20161107,
300559.SZ,佳发教育,SZSE,软件服务,20161101,
300560.SZ,中富通,SZSE,通信设备,20161101,
300562.SZ,乐心医疗,SZSE,医疗保健,20161116,
300563.SZ,神宇股份,SZSE,通信设备,20161114,
300564.SZ,筑博设计,SZSE,建筑工程,20191108,
300565.SZ,科信技术,SZSE,通信设备,20161122,
300566.SZ,激智科技,SZSE,元器件,20161115,
300567.SZ,精测电子,SZSE,电器仪表,20161122,
300568.SZ,星源材质,SZSE,化工原料,20161201,
300569.SZ,天能重工,SZSE,电气设备,20161125,
300570.SZ,太辰光,SZSE,通信设备,20161206,
300571.SZ,平治信息,SZSE,互联网,20161213,
300572.SZ,安车检测,SZSE,电器仪表,20161206,
300573.SZ,兴齐眼药,SZSE,化学制药,20161208,
300575.SZ,中旗股份,SZSE,农药化肥,20161220,
300576.SZ,容大感光,SZSE,染料涂料,20161220,
300577.SZ,开润股份,SZSE,纺织,20161221,
300578.SZ,会畅科技,SZSE,通信设备,20170125,
300579.SZ,数字认证,SZSE,软件服务,20161223,
300580.SZ,贝斯特,SZSE,汽车配件,20170111,
300581.SZ,晨曦航空,SZSE,航空,20161220,
300582.SZ,英飞特,SZSE,元器件,20161228,
300583.SZ,赛托生物,SZSE,化学制药,20170106,
300584.SZ,海辰药业,SZSE,化学制药,20170112,
300585.SZ,奥联电子,SZSE,汽车配件,20161229,
300586.SZ,美联新材,SZSE,化工原料,20170104,
300587.SZ,天铁科技,SZSE,橡胶,20170105,
300588.SZ,熙菱信息,SZSE,IT设备,20170105,
300589.SZ,江龙船艇,SZSE,船舶,20170113,
300590.SZ,移为通信,SZSE,通信设备,20170111,
300591.SZ,万里马,SZSE,服饰,20170110,
300592.SZ,华凯易佰,SZSE,互联网,20170120,
300593.SZ,新雷能,SZSE,电气设备,20170113,
300594.SZ,朗进科技,SZSE,运输设备,20190621,
300595.SZ,欧普康视,SZSE,医疗保健,20170117,
300596.SZ,利安隆,SZSE,化工原料,20170119,
300597.SZ,吉大通信,SZSE,通信设备,20170123,
300598.SZ,诚迈科技,SZSE,软件服务,20170120,
300599.SZ,雄塑科技,SZSE,塑料,20170123,
300600.SZ,国瑞科技,SZSE,船舶,20170125,
300601.SZ,康泰生物,SZSE,生物制药,20170207,
300602.SZ,飞荣达,SZSE,元器件,20170126,
300603.SZ,立昂技术,SZSE,通信设备,20170126,
300604.SZ,长川科技,SZSE,半导体,20170417,
300605.SZ,恒锋信息,SZSE,软件服务,20170208,
300606.SZ,金太阳,SZSE,机械基件,20170208,
300607.SZ,拓斯达,SZSE,专用机械,20170209,
300608.SZ,思特奇,SZSE,软件服务,20170213,
300609.SZ,汇纳科技,SZSE,软件服务,20170215,
300610.SZ,晨化股份,SZSE,化工原料,20170213,
300611.SZ,美力科技,SZSE,汽车配件,20170220,
300612.SZ,宣亚国际,SZSE,广告包装,20170215,
300613.SZ,富瀚微,SZSE,半导体,20170220,
300614.SZ,百川畅银,SZSE,环境保护,20210525,
300615.SZ,欣天科技,SZSE,通信设备,20170215,
300616.SZ,尚品宅配,SZSE,家居用品,20170307,
300617.SZ,安靠智电,SZSE,电气设备,20170228,
300618.SZ,寒锐钴业,SZSE,小金属,20170306,
300619.SZ,金银河,SZSE,专用机械,20170301,
300620.SZ,光库科技,SZSE,通信设备,20170310,
300621.SZ,维业股份,SZSE,装修装饰,20170316,
300622.SZ,博士眼镜,SZSE,其他商业,20170315,
300623.SZ,捷捷微电,SZSE,半导体,20170314,
300624.SZ,万兴科技,SZSE,软件服务,20180118,
300625.SZ,三雄极光,SZSE,家用电器,20170317,
300626.SZ,华瑞股份,SZSE,电气设备,20170320,
300627.SZ,华测导航,SZSE,通信设备,20170321,
300628.SZ,亿联网络,SZSE,通信设备,20170317,
300629.SZ,新劲刚,SZSE,元器件,20170324,
300631.SZ,久吾高科,SZSE,环境保护,20170323,
300632.SZ,光莆股份,SZSE,半导体,20170406,
300633.SZ,开立医疗,SZSE,医疗保健,20170406,
300634.SZ,彩讯股份,SZSE,软件服务,20180323,
300635.SZ,中达安,SZSE,建筑工程,20170331,
300636.SZ,同和药业,SZSE,化学制药,20170331,
300637.SZ,扬帆新材,SZSE,化工原料,20170412,
300638.SZ,广和通,SZSE,通信设备,20170413,
300639.SZ,凯普生物,SZSE,医疗保健,20170412,
300640.SZ,德艺文创,SZSE,家居用品,20170417,
300641.SZ,正丹股份,SZSE,化工原料,20170418,
300642.SZ,透景生命,SZSE,医疗保健,20170421,
300643.SZ,万通智控,SZSE,汽车配件,20170505,
300644.SZ,南京聚隆,SZSE,塑料,20180206,
300645.SZ,正元智慧,SZSE,软件服务,20170421,
300647.SZ,超频三,SZSE,化工原料,20170503,
300648.SZ,星云股份,SZSE,电气设备,20170425,
300649.SZ,杭州园林,SZSE,建筑工程,20170505,
300650.SZ,太龙股份,SZSE,元器件,20170503,
300651.SZ,金陵体育,SZSE,文教休闲,20170509,
300652.SZ,雷迪克,SZSE,汽车配件,20170516,
300653.SZ,正海生物,SZSE,医疗保健,20170516,
300654.SZ,世纪天鸿,SZSE,出版业,20170926,
300655.SZ,晶瑞电材,SZSE,半导体,20170523,
300656.SZ,民德电子,SZSE,IT设备,20170519,
300657.SZ,弘信电子,SZSE,元器件,20170523,
300658.SZ,延江股份,SZSE,纺织,20170602,
300659.SZ,中孚信息,SZSE,IT设备,20170526,
300660.SZ,江苏雷利,SZSE,电气设备,20170602,
300661.SZ,圣邦股份,SZSE,半导体,20170606,
300662.SZ,科锐国际,SZSE,文教休闲,20170608,
300663.SZ,科蓝软件,SZSE,软件服务,20170608,
300664.SZ,鹏鹞环保,SZSE,环境保护,20180105,
300665.SZ,飞鹿股份,SZSE,染料涂料,20170613,
300666.SZ,江丰电子,SZSE,半导体,20170615,
300667.SZ,必创科技,SZSE,电器仪表,20170619,
300668.SZ,杰恩设计,SZSE,装修装饰,20170619,
300669.SZ,沪宁股份,SZSE,运输设备,20170629,
300670.SZ,大烨智能,SZSE,电气设备,20170703,
300671.SZ,富满微,SZSE,半导体,20170705,
300672.SZ,国科微,SZSE,半导体,20170712,
300673.SZ,佩蒂股份,SZSE,饲料,20170711,
300674.SZ,宇信科技,SZSE,软件服务,20181107,
300675.SZ,建科院,SZSE,建筑工程,20170719,
300676.SZ,华大基因,SZSE,医疗保健,20170714,
300677.SZ,英科医疗,SZSE,医疗保健,20170721,
300678.SZ,中科信息,SZSE,软件服务,20170728,
300679.SZ,电连技术,SZSE,元器件,20170731,
300680.SZ,隆盛科技,SZSE,汽车配件,20170725,
300681.SZ,英搏尔,SZSE,汽车配件,20170725,
300682.SZ,朗新科技,SZSE,软件服务,20170801,
300683.SZ,海特生物,SZSE,生物制药,20170808,
300684.SZ,中石科技,SZSE,元器件,20171227,
300685.SZ,艾德生物,SZSE,医疗保健,20170802,
300686.SZ,智动力,SZSE,元器件,20170804,
300687.SZ,赛意信息,SZSE,软件服务,20170803,
300688.SZ,创业黑马,SZSE,文教休闲,20170810,
300689.SZ,澄天伟业,SZSE,通信设备,20170809,
300690.SZ,双一科技,SZSE,电气设备,20170808,
300691.SZ,联合光电,SZSE,元器件,20170811,
300692.SZ,中赋科技,SZSE,环境保护,20170821,
300693.SZ,盛弘股份,SZSE,电气设备,20170822,
300694.SZ,蠡湖股份,SZSE,汽车配件,20181015,
300695.SZ,兆丰股份,SZSE,汽车配件,20170908,
300696.SZ,爱乐达,SZSE,航空,20170822,
300697.SZ,电工合金,SZSE,铜,20170907,
300698.SZ,万马科技,SZSE,通信设备,20170831,
300699.SZ,光威复材,SZSE,化纤,20170901,
300700.SZ,岱勒新材,SZSE,矿物制品,20170912,
300701.SZ,森霸传感,SZSE,元器件,20170915,
300702.SZ,天宇股份,SZSE,化学制药,20170919,
300703.SZ,创源股份,SZSE,文教休闲,20170919,
300705.SZ,九典制药,SZSE,化学制药,20171010,
300706.SZ,阿石创,SZSE,元器件,20170926,
300707.SZ,威唐工业,SZSE,汽车配件,20171010,
300708.SZ,聚灿光电,SZSE,半导体,20171016,
300709.SZ,精研科技,SZSE,元器件,20171019,
300710.SZ,万隆光电,SZSE,通信设备,20171019,
300711.SZ,广哈通信,SZSE,通信设备,20171101,
300712.SZ,永福股份,SZSE,建筑工程,20171031,
300713.SZ,英可瑞,SZSE,电气设备,20171101,
300715.SZ,凯伦股份,SZSE,其他建材,20171026,
300717.SZ,华信新材,SZSE,塑料,20171106,
300718.SZ,长盛轴承,SZSE,机械基件,20171106,
300719.SZ,安达维尔,SZSE,航空,20171109,
300720.SZ,海川智能,SZSE,电器仪表,20171106,
300721.SZ,怡达股份,SZSE,化工原料,20171115,
300722.SZ,新余国科,SZSE,航空,20171110,
300723.SZ,一品红,SZSE,化学制药,20171116,
300724.SZ,捷佳伟创,SZSE,专用机械,20180810,
300725.SZ,药石科技,SZSE,化学制药,20171110,
300726.SZ,宏达电子,SZSE,元器件,20171121,
300727.SZ,润禾材料,SZSE,化工原料,20171127,
300729.SZ,乐歌股份,SZSE,家居用品,20171201,
300730.SZ,科创信息,SZSE,软件服务,20171205,
300731.SZ,科创新源,SZSE,橡胶,20171208,
300732.SZ,设研院,SZSE,建筑工程,20171212,
300733.SZ,西菱动力,SZSE,汽车配件,20180116,
300735.SZ,光弘科技,SZSE,元器件,20171229,
300736.SZ,百邦科技,SZSE,通信设备,20180109,
300737.SZ,科顺股份,SZSE,其他建材,20180125,
300738.SZ,奥飞数据,SZSE,软件服务,20180119,
300739.SZ,明阳电路,SZSE,元器件,20180201,
300740.SZ,水羊股份,SZSE,日用化工,20180208,
300741.SZ,华宝股份,SZSE,食品,20180301,
300743.SZ,天地数码,SZSE,IT设备,20180427,
300745.SZ,欣锐科技,SZSE,汽车配件,20180523,
300746.SZ,汉嘉数智,SZSE,建筑工程,20180525,
300747.SZ,锐科激光,SZSE,专用机械,20180625,
300748.SZ,金力永磁,SZSE,矿物制品,20180921,
300749.SZ,顶固集创,SZSE,家居用品,20180925,
300750.SZ,宁德时代,SZSE,电气设备,20180611,
300751.SZ,迈为股份,SZSE,专用机械,20181109,
300752.SZ,隆利科技,SZSE,元器件,20181130,
300753.SZ,爱朋医疗,SZSE,医疗保健,20181213,
300755.SZ,华致酒行,SZSE,其他商业,20190129,
300756.SZ,金马游乐,SZSE,专用机械,20181228,
300757.SZ,罗博特科,SZSE,专用机械,20190108,
300758.SZ,七彩化学,SZSE,染料涂料,20190222,
300759.SZ,康龙化成,SZSE,化学制药,20190128,
300760.SZ,迈瑞医疗,SZSE,医疗保健,20181016,
300761.SZ,立华股份,SZSE,农业综合,20190218,
300762.SZ,上海瀚讯,SZSE,通信设备,20190314,
300763.SZ,锦浪科技,SZSE,电气设备,20190319,
300765.SZ,新诺威,SZSE,食品,20190322,
300766.SZ,每日互动,SZSE,互联网,20190325,
300767.SZ,震安科技,SZSE,橡胶,20190329,
300768.SZ,迪普科技,SZSE,软件服务,20190412,
300769.SZ,德方纳米,SZSE,化工原料,20190415,
300770.SZ,新媒股份,SZSE,影视音像,20190419,
300771.SZ,智莱科技,SZSE,IT设备,20190422,
300772.SZ,运达股份,SZSE,电气设备,20190426,
300773.SZ,拉卡拉,SZSE,软件服务,20190425,
300774.SZ,倍杰特,SZSE,环境保护,20210804,
300775.SZ,三角防务,SZSE,航空,20190521,
300776.SZ,帝尔激光,SZSE,专用机械,20190517,
300777.SZ,中简科技,SZSE,化纤,20190516,
300778.SZ,新城市,SZSE,建筑工程,20190510,
300779.SZ,惠城环保,SZSE,环境保护,20190522,
300780.SZ,德恩精工,SZSE,机械基件,20190531,
300781.SZ,因赛集团,SZSE,广告包装,20190606,
300782.SZ,卓胜微,SZSE,半导体,20190618,
300783.SZ,三只松鼠,SZSE,食品,20190712,
300784.SZ,利安科技,SZSE,塑料,20240607,
300785.SZ,值得买,SZSE,互联网,20190715,
300786.SZ,国林科技,SZSE,环境保护,20190723,
300787.SZ,海能实业,SZSE,元器件,20190815,
300788.SZ,中信出版,SZSE,出版业,20190705,
300789.SZ,唐源电气,SZSE,运输设备,20190828,
300790.SZ,宇瞳光学,SZSE,元器件,20190920,
300791.SZ,仙乐健康,SZSE,医疗保健,20190925,
300792.SZ,壹网壹创,SZSE,互联网,20190927,
300793.SZ,佳禾智能,SZSE,IT设备,20191018,
300795.SZ,米奥会展,SZSE,文教休闲,20191022,
300796.SZ,贝斯美,SZSE,农药化肥,20191115,
300797.SZ,钢研纳克,SZSE,电器仪表,20191101,
300798.SZ,锦鸡股份,SZSE,染料涂料,20191122,
300800.SZ,力合科技,SZSE,环境保护,20191106,
300801.SZ,泰和科技,SZSE,化工原料,20191128,
300802.SZ,矩子科技,SZSE,专用机械,20191114,
300803.SZ,指南针,SZSE,软件服务,20191118,
300804.SZ,广康生化,SZSE,农药化肥,20230627,
300805.SZ,电声股份,SZSE,广告包装,20191121,
300806.SZ,斯迪克,SZSE,塑料,20191125,
300807.SZ,天迈科技,SZSE,软件服务,20191219,
300808.SZ,久量股份,SZSE,家用电器,20191129,
300809.SZ,华辰装备,SZSE,机床制造,20191204,
300810.SZ,中科海讯,SZSE,船舶,20191206,
300811.SZ,铂科新材,SZSE,矿物制品,20191230,
300812.SZ,易天股份,SZSE,专用机械,20200109,
300813.SZ,泰林生物,SZSE,医疗保健,20200114,
300814.SZ,中富电路,SZSE,元器件,20210812,
300815.SZ,玉禾田,SZSE,环境保护,20200123,
300816.SZ,艾可蓝,SZSE,汽车配件,20200210,
300817.SZ,双飞集团,SZSE,机械基件,20200218,
300818.SZ,耐普矿机,SZSE,专用机械,20200212,
300819.SZ,聚杰微纤,SZSE,纺织,20200312,
300820.SZ,英杰电气,SZSE,电气设备,20200213,
300821.SZ,东岳硅材,SZSE,化工原料,20200312,
300822.SZ,贝仕达克,SZSE,元器件,20200313,
300823.SZ,建科智能,SZSE,专用机械,20200319,
300824.SZ,北鼎股份,SZSE,家用电器,20200619,
300825.SZ,阿尔特,SZSE,汽车服务,20200327,
300826.SZ,测绘股份,SZSE,建筑工程,20200403,
300827.SZ,上能电气,SZSE,电气设备,20200410,
300828.SZ,锐新科技,SZSE,机械基件,20200421,
300829.SZ,金丹科技,SZSE,食品,20200422,
300830.SZ,金现代,SZSE,软件服务,20200506,
300831.SZ,派瑞股份,SZSE,半导体,20200507,
300832.SZ,新产业,SZSE,医疗保健,20200512,
300833.SZ,浩洋股份,SZSE,专用机械,20200520,
300834.SZ,星辉环材,SZSE,化工原料,20220113,
300835.SZ,龙磁科技,SZSE,矿物制品,20200525,
300836.SZ,佰奥智能,SZSE,专用机械,20200528,
300837.SZ,浙矿股份,SZSE,专用机械,20200605,
300838.SZ,浙江力诺,SZSE,机械基件,20200608,
300839.SZ,博汇股份,SZSE,石油加工,20200630,
300840.SZ,酷特智能,SZSE,服饰,20200708,
300841.SZ,康华生物,SZSE,生物制药,20200616,
300842.SZ,帝科股份,SZSE,电气设备,20200618,
300843.SZ,胜蓝股份,SZSE,元器件,20200702,
300844.SZ,山水比德,SZSE,建筑工程,20210813,
300845.SZ,捷安高科,SZSE,软件服务,20200703,
300846.SZ,首都在线,SZSE,软件服务,20200701,
300847.SZ,中船汉光,SZSE,化工原料,20200709,
300848.SZ,美瑞新材,SZSE,化工原料,20200720,
300849.SZ,锦盛新材,SZSE,塑料,20200710,
300850.SZ,新强联,SZSE,机械基件,20200713,
300851.SZ,交大思诺,SZSE,运输设备,20200717,
300852.SZ,四会富仕,SZSE,元器件,20200713,
300853.SZ,申昊科技,SZSE,专用机械,20200724,
300854.SZ,中兰环保,SZSE,环境保护,20210916,
300855.SZ,图南股份,SZSE,小金属,20200723,
300856.SZ,科思股份,SZSE,日用化工,20200722,
300857.SZ,协创数据,SZSE,IT设备,20200727,
300858.SZ,科拓生物,SZSE,食品,20200727,
300859.SZ,西域旅游,SZSE,旅游服务,20200806,
300860.SZ,锋尚文化,SZSE,文教休闲,20200824,
300861.SZ,美畅股份,SZSE,矿物制品,20200824,
300862.SZ,蓝盾光电,SZSE,电器仪表,20200824,
300863.SZ,卡倍亿,SZSE,汽车配件,20200824,
300864.SZ,南大环境,SZSE,环境保护,20200824,
300865.SZ,大宏立,SZSE,专用机械,20200824,
300866.SZ,安克创新,SZSE,元器件,20200824,
300867.SZ,圣元环保,SZSE,环境保护,20200824,
300868.SZ,杰美特,SZSE,元器件,20200824,
300869.SZ,康泰医学,SZSE,医疗保健,20200824,
300870.SZ,欧陆通,SZSE,电气设备,20200824,
300871.SZ,回盛生物,SZSE,农业综合,20200824,
300872.SZ,天阳科技,SZSE,软件服务,20200824,
300873.SZ,海晨股份,SZSE,仓储物流,20200824,
300875.SZ,捷强装备,SZSE,专用机械,20200824,
300876.SZ,蒙泰高新,SZSE,化纤,20200824,
300877.SZ,金春股份,SZSE,纺织,20200824,
300878.SZ,维康药业,SZSE,中成药,20200824,
300879.SZ,大叶股份,SZSE,农用机械,20200901,
300880.SZ,迦南智能,SZSE,电器仪表,20200901,
300881.SZ,盛德鑫泰,SZSE,钢加工,20200901,
300882.SZ,万胜智能,SZSE,电器仪表,20200910,
300883.SZ,龙利得,SZSE,造纸,20200910,
300884.SZ,狄耐克,SZSE,IT设备,20201112,
300885.SZ,海昌新材,SZSE,机械基件,20200910,
300886.SZ,华业香料,SZSE,化工原料,20200916,
300887.SZ,谱尼测试,SZSE,电器仪表,20200916,
300888.SZ,稳健医疗,SZSE,医疗保健,20200917,
300889.SZ,爱克股份,SZSE,电气设备,20200916,
300890.SZ,翔丰华,SZSE,电气设备,20200917,
300891.SZ,惠云钛业,SZSE,化工原料,20200917,
300892.SZ,品渥食品,SZSE,乳制品,20200924,
300893.SZ,松原安全,SZSE,汽车配件,20200924,
300894.SZ,火星人,SZSE,家用电器,20201231,
300895.SZ,铜牛信息,SZSE,软件服务,20200924,
300896.SZ,爱美客,SZSE,医疗保健,20200928,
300897.SZ,山科智能,SZSE,电器仪表,20200928,
300898.SZ,熊猫乳品,SZSE,乳制品,20201016,
300900.SZ,广联航空,SZSE,航空,20201029,
300901.SZ,中胤时尚,SZSE,服饰,20201029,
300902.SZ,国安达,SZSE,专用机械,20201029,
300903.SZ,科翔股份,SZSE,元器件,20201105,
300904.SZ,威力传动,SZSE,电气设备,20230809,
300905.SZ,宝丽迪,SZSE,染料涂料,20201105,
300906.SZ,日月明,SZSE,运输设备,20201105,
300907.SZ,康平科技,SZSE,电气设备,20201118,
300908.SZ,仲景食品,SZSE,食品,20201123,
300909.SZ,汇创达,SZSE,元器件,20201118,
300910.SZ,瑞丰新材,SZSE,化工原料,20201127,
300911.SZ,亿田智能,SZSE,家用电器,20201203,
300912.SZ,凯龙高科,SZSE,汽车配件,20201207,
300913.SZ,兆龙互连,SZSE,通信设备,20201207,
300915.SZ,海融科技,SZSE,乳制品,20201202,
300916.SZ,朗特智能,SZSE,元器件,20201202,
300917.SZ,特发服务,SZSE,房产服务,20201221,
300918.SZ,南山智尚,SZSE,纺织,20201222,
300919.SZ,中伟新材,SZSE,电气设备,20201223,
300920.SZ,润阳科技,SZSE,塑料,20201225,
300921.SZ,南凌科技,SZSE,互联网,20201222,
300922.SZ,天秦装备,SZSE,专用机械,20201225,
300923.SZ,研奥股份,SZSE,运输设备,20201224,
300925.SZ,法本信息,SZSE,软件服务,20201230,
300926.SZ,博俊科技,SZSE,汽车配件,20210107,
300927.SZ,江天化学,SZSE,化工原料,20210107,
300928.SZ,华安鑫创,SZSE,汽车配件,20210106,
300929.SZ,华骐环保,SZSE,环境保护,20210120,
300930.SZ,屹通新材,SZSE,小金属,20210121,
300931.SZ,通用电梯,SZSE,运输设备,20210121,
300932.SZ,三友联众,SZSE,电气设备,20210122,
300933.SZ,中辰股份,SZSE,电气设备,20210122,
300935.SZ,盈建科,SZSE,软件服务,20210120,
300936.SZ,中英科技,SZSE,元器件,20210126,
300937.SZ,药易购,SZSE,医药商业,20210127,
300938.SZ,信测标准,SZSE,电器仪表,20210127,
300939.SZ,秋田微,SZSE,元器件,20210128,
300940.SZ,南极光,SZSE,元器件,20210203,
300941.SZ,创识科技,SZSE,IT设备,20210209,
300942.SZ,易瑞生物,SZSE,医疗保健,20210209,
300943.SZ,春晖智控,SZSE,机械基件,20210210,
300945.SZ,曼卡龙,SZSE,服饰,20210210,
300946.SZ,恒而达,SZSE,机械基件,20210208,
300947.SZ,德必集团,SZSE,房产服务,20210210,
300948.SZ,冠中生态,SZSE,环境保护,20210225,
300949.SZ,奥雅股份,SZSE,建筑工程,20210226,
300950.SZ,德固特,SZSE,专用机械,20210303,
300951.SZ,博硕科技,SZSE,元器件,20210226,
300952.SZ,恒辉安防,SZSE,纺织,20210311,
300953.SZ,震裕科技,SZSE,电气设备,20210318,
300955.SZ,嘉亨家化,SZSE,日用化工,20210324,
300956.SZ,英力股份,SZSE,元器件,20210326,
300957.SZ,贝泰妮,SZSE,日用化工,20210325,
300958.SZ,建工修复,SZSE,环境保护,20210329,
300959.SZ,线上线下,SZSE,电信运营,20210322,
300960.SZ,通业科技,SZSE,运输设备,20210329,
300961.SZ,深水海纳,SZSE,环境保护,20210330,
300962.SZ,中金辐照,SZSE,医疗保健,20210409,
300963.SZ,中洲特材,SZSE,小金属,20210409,
300964.SZ,本川智能,SZSE,元器件,20210805,
300965.SZ,恒宇信通,SZSE,航空,20210402,
300966.SZ,共同药业,SZSE,化学制药,20210409,
300967.SZ,晓鸣股份,SZSE,农业综合,20210413,
300968.SZ,格林精密,SZSE,元器件,20210415,
300969.SZ,恒帅股份,SZSE,汽车配件,20210412,
300970.SZ,华绿生物,SZSE,种植业,20210412,
300971.SZ,博亚精工,SZSE,机械基件,20210415,
300972.SZ,万辰集团,SZSE,食品,20210419,
300973.SZ,立高食品,SZSE,食品,20210415,
300975.SZ,商络电子,SZSE,元器件,20210421,
300976.SZ,达瑞电子,SZSE,元器件,20210419,
300977.SZ,深圳瑞捷,SZSE,建筑工程,20210420,
300978.SZ,东箭科技,SZSE,汽车配件,20210426,
300979.SZ,华利集团,SZSE,服饰,20210426,
300980.SZ,祥源新材,SZSE,塑料,20210421,
300981.SZ,中红医疗,SZSE,医疗保健,20210427,
300982.SZ,苏文电能,SZSE,建筑工程,20210427,
300983.SZ,尤安设计,SZSE,建筑工程,20210420,
300984.SZ,金沃股份,SZSE,机械基件,20210618,
300985.SZ,致远新能,SZSE,汽车配件,20210429,
300986.SZ,志特新材,SZSE,建筑工程,20210430,
300987.SZ,川网传媒,SZSE,互联网,20210511,
300988.SZ,津荣天宇,SZSE,机械基件,20210512,
300989.SZ,蕾奥规划,SZSE,建筑工程,20210507,
300990.SZ,同飞股份,SZSE,专用机械,20210512,
300991.SZ,创益通,SZSE,元器件,20210520,
300992.SZ,泰福泵业,SZSE,机械基件,20210525,
300993.SZ,玉马科技,SZSE,家居用品,20210524,
300994.SZ,久祺股份,SZSE,文教休闲,20210812,
300995.SZ,奇德新材,SZSE,塑料,20210526,
300996.SZ,普联软件,SZSE,软件服务,20210603,
300997.SZ,欢乐家,SZSE,软饮料,20210602,
300998.SZ,宁波方正,SZSE,专用机械,20210602,
300999.SZ,金龙鱼,SZSE,食品,20201015,
301000.SZ,肇民科技,SZSE,汽车配件,20210528,
301001.SZ,凯淳股份,SZSE,互联网,20210528,
301002.SZ,崧盛股份,SZSE,电气设备,20210607,
301003.SZ,江苏博云,SZSE,塑料,20210601,
301004.SZ,嘉益股份,SZSE,家居用品,20210625,
301005.SZ,超捷股份,SZSE,汽车配件,20210601,
301006.SZ,迈拓股份,SZSE,电器仪表,20210607,
301007.SZ,德迈仕,SZSE,汽车配件,20210616,
301008.SZ,宏昌科技,SZSE,家用电器,20210611,
301009.SZ,可靠股份,SZSE,造纸,20210617,
301010.SZ,晶雪节能,SZSE,其他建材,20210618,
301011.SZ,华立科技,SZSE,文教休闲,20210617,
301012.SZ,扬电科技,SZSE,电气设备,20210622,
301013.SZ,利和兴,SZSE,专用机械,20210629,
301015.SZ,百洋医药,SZSE,医药商业,20210630,
301016.SZ,雷尔伟,SZSE,运输设备,20210630,
301017.SZ,漱玉平民,SZSE,医药商业,20210705,
301018.SZ,申菱环境,SZSE,专用机械,20210707,
301019.SZ,宁波色母,SZSE,塑料,20210628,
301020.SZ,密封科技,SZSE,汽车配件,20210706,
301021.SZ,英诺激光,SZSE,专用机械,20210706,
301022.SZ,海泰科,SZSE,专用机械,20210702,
301023.SZ,奕帆传动,SZSE,电气设备,20210707,
301024.SZ,霍普股份,SZSE,建筑工程,20210728,
301025.SZ,读客文化,SZSE,出版业,20210719,
301026.SZ,浩通科技,SZSE,小金属,20210716,
301027.SZ,华蓝集团,SZSE,建筑工程,20210715,
301028.SZ,鼎熔岩,SZSE,专用机械,20210720,
301029.SZ,怡合达,SZSE,专用机械,20210723,
301030.SZ,仕净科技,SZSE,环境保护,20210722,
301031.SZ,中熔电气,SZSE,电气设备,20210715,
301032.SZ,新柴股份,SZSE,工程机械,20210722,
301033.SZ,迈普医学,SZSE,医疗保健,20210726,
301035.SZ,润丰股份,SZSE,农药化肥,20210728,
301036.SZ,双乐股份,SZSE,染料涂料,20210729,
301037.SZ,保立佳,SZSE,染料涂料,20210730,
301038.SZ,深水规院,SZSE,建筑工程,20210804,
301039.SZ,中集车辆,SZSE,汽车整车,20210708,
301040.SZ,中环海陆,SZSE,机械基件,20210803,
301041.SZ,金百泽,SZSE,元器件,20210811,
301042.SZ,安联锐视,SZSE,IT设备,20210805,
301043.SZ,绿岛风,SZSE,机械基件,20210811,
301045.SZ,天禄科技,SZSE,元器件,20210813,
301046.SZ,能辉科技,SZSE,建筑工程,20210817,
301047.SZ,义翘神州,SZSE,生物制药,20210816,
301048.SZ,金鹰重工,SZSE,运输设备,20210818,
301049.SZ,超越科技,SZSE,环境保护,20210824,
301050.SZ,雷电微力,SZSE,航空,20210824,
301051.SZ,信濠光电,SZSE,元器件,20210827,
301052.SZ,果麦文化,SZSE,出版业,20210830,
301053.SZ,远信工业,SZSE,专用机械,20210901,
301055.SZ,张小泉,SZSE,家居用品,20210906,
301056.SZ,森赫股份,SZSE,运输设备,20210907,
301057.SZ,汇隆新材,SZSE,化纤,20210909,
301058.SZ,中粮科工,SZSE,建筑工程,20210909,
301059.SZ,金三江,SZSE,化工原料,20210913,
301060.SZ,兰卫医学,SZSE,医疗保健,20210913,
301061.SZ,匠心家居,SZSE,家居用品,20210913,
301062.SZ,上海艾录,SZSE,广告包装,20210914,
301063.SZ,海锅股份,SZSE,电气设备,20210924,
301065.SZ,本立科技,SZSE,化学制药,20210914,
301066.SZ,万事利,SZSE,纺织,20210922,
301067.SZ,显盈科技,SZSE,元器件,20210922,
301068.SZ,大地海洋,SZSE,环境保护,20210928,
301069.SZ,凯盛新材,SZSE,化工原料,20210927,
301070.SZ,开勒股份,SZSE,机械基件,20210923,
301071.SZ,力量钻石,SZSE,矿物制品,20210924,
301072.SZ,中捷精工,SZSE,汽车配件,20210929,
301073.SZ,君亭酒店,SZSE,酒店餐饮,20210930,
301075.SZ,多瑞医药,SZSE,化学制药,20210929,
301076.SZ,新瀚新材,SZSE,化工原料,20211011,
301077.SZ,星华新材,SZSE,化工原料,20210930,
301078.SZ,孩子王,SZSE,其他商业,20211014,
301079.SZ,邵阳液压,SZSE,机械基件,20211019,
301080.SZ,百普赛斯,SZSE,生物制药,20211018,
301081.SZ,严牌股份,SZSE,环境保护,20211020,
301082.SZ,久盛电气,SZSE,电气设备,20211027,
301083.SZ,百胜智能,SZSE,专用机械,20211021,
301085.SZ,亚康股份,SZSE,软件服务,20211018,
301086.SZ,鸿富瀚,SZSE,元器件,20211020,
301087.SZ,可孚医疗,SZSE,医疗保健,20211025,
301088.SZ,戎美股份,SZSE,服饰,20211028,
301089.SZ,拓新药业,SZSE,化学制药,20211027,
301090.SZ,华润材料,SZSE,化工原料,20211026,
301091.SZ,深城交,SZSE,建筑工程,20211029,
301092.SZ,争光股份,SZSE,化工原料,20211102,
301093.SZ,华兰股份,SZSE,医疗保健,20211101,
301095.SZ,广立微,SZSE,半导体,20220805,
301096.SZ,百诚医药,SZSE,医疗保健,20211220,
301097.SZ,天益医疗,SZSE,医疗保健,20220407,
301098.SZ,金埔园林,SZSE,建筑工程,20211112,
301099.SZ,雅创电子,SZSE,元器件,20211122,
301100.SZ,风光股份,SZSE,化工原料,20211217,
301101.SZ,明月镜片,SZSE,文教休闲,20211216,
301102.SZ,兆讯传媒,SZSE,广告包装,20220328,
301103.SZ,何氏眼科,SZSE,医疗保健,20220322,
301105.SZ,鸿铭股份,SZSE,专用机械,20221230,
301106.SZ,骏成科技,SZSE,元器件,20220128,
301107.SZ,瑜欣电子,SZSE,机械基件,20220524,
301108.SZ,洁雅股份,SZSE,日用化工,20211203,
301109.SZ,军信股份,SZSE,环境保护,20220413,
301110.SZ,青木科技,SZSE,互联网,20220311,
301111.SZ,粤万年青,SZSE,中成药,20211207,
301112.SZ,信邦智能,SZSE,专用机械,20220629,
301113.SZ,雅艺科技,SZSE,家居用品,20211222,
301115.SZ,联检科技,SZSE,建筑工程,20220831,
301116.SZ,益客食品,SZSE,食品,20220118,
301117.SZ,佳缘科技,SZSE,软件服务,20220117,
301118.SZ,恒光股份,SZSE,化工原料,20211118,
301119.SZ,正强股份,SZSE,汽车配件,20211122,
301120.SZ,新特电气,SZSE,电气设备,20220419,
301121.SZ,紫建电子,SZSE,电气设备,20220808,
301122.SZ,采纳股份,SZSE,医疗保健,20220126,
301123.SZ,奕东电子,SZSE,元器件,20220125,
301125.SZ,腾亚精工,SZSE,机械基件,20220608,
301126.SZ,达嘉维康,SZSE,医药商业,20211207,
301127.SZ,武汉天源,SZSE,环境保护,20211230,
301128.SZ,强瑞技术,SZSE,专用机械,20211110,
301129.SZ,瑞纳智能,SZSE,电器仪表,20211102,
301130.SZ,西点药业,SZSE,化学制药,20220223,
301131.SZ,聚赛龙,SZSE,塑料,20220314,
301132.SZ,满坤科技,SZSE,元器件,20220810,
301133.SZ,金钟股份,SZSE,汽车配件,20211126,
301135.SZ,瑞德智能,SZSE,元器件,20220412,
301136.SZ,招标股份,SZSE,建筑工程,20220111,
301137.SZ,哈焊华通,SZSE,机械基件,20220322,
301138.SZ,华研精机,SZSE,专用机械,20211215,
301139.SZ,元道通信,SZSE,通信设备,20220708,
301141.SZ,中科磁业,SZSE,矿物制品,20230403,
301148.SZ,嘉戎技术,SZSE,环境保护,20220421,
301149.SZ,隆华新材,SZSE,化工原料,20211110,
301150.SZ,中一科技,SZSE,电气设备,20220421,
301151.SZ,冠龙节能,SZSE,机械基件,20220411,
301152.SZ,天力锂能,SZSE,小金属,20220829,
301153.SZ,中科江南,SZSE,软件服务,20220518,
301155.SZ,海力风电,SZSE,电气设备,20211124,
301156.SZ,美农生物,SZSE,饲料,20220617,
301157.SZ,华塑科技,SZSE,电气设备,20230309,
301158.SZ,德石股份,SZSE,专用机械,20220117,
301159.SZ,三维天地,SZSE,软件服务,20220107,
301160.SZ,翔楼新材,SZSE,机械基件,20220606,
301161.SZ,唯万密封,SZSE,工程机械,20220914,
301162.SZ,国能日新,SZSE,软件服务,20220429,
301163.SZ,宏德股份,SZSE,电气设备,20220419,
301165.SZ,锐捷网络,SZSE,通信设备,20221121,
301166.SZ,优宁维,SZSE,医药商业,20211228,
301167.SZ,建研设计,SZSE,建筑工程,20211206,
301168.SZ,通灵股份,SZSE,电气设备,20211210,
301169.SZ,零点有数,SZSE,文教休闲,20211103,
301170.SZ,锡南科技,SZSE,汽车配件,20230627,
301171.SZ,易点天下,SZSE,互联网,20220819,
301172.SZ,君逸数码,SZSE,软件服务,20230726,
301173.SZ,毓恬冠佳,SZSE,汽车配件,20250303,
301175.SZ,中科环保,SZSE,环境保护,20220708,
301176.SZ,逸豪新材,SZSE,元器件,20220928,
301177.SZ,迪阿股份,SZSE,服饰,20211215,
301178.SZ,天亿马,SZSE,软件服务,20211112,
301179.SZ,泽宇智能,SZSE,软件服务,20211208,
301180.SZ,万祥科技,SZSE,元器件,20211116,
301181.SZ,标榜股份,SZSE,汽车配件,20220221,
301182.SZ,凯旺科技,SZSE,元器件,20211223,
301183.SZ,东田微,SZSE,元器件,20220524,
301185.SZ,鸥玛软件,SZSE,软件服务,20211119,
301186.SZ,超达装备,SZSE,专用机械,20211223,
301187.SZ,欧圣电气,SZSE,家用电器,20220422,
301188.SZ,力诺药包,SZSE,玻璃,20211111,
301189.SZ,奥尼电子,SZSE,IT设备,20211228,
301190.SZ,善水科技,SZSE,染料涂料,20211224,
301191.SZ,菲菱科思,SZSE,通信设备,20220526,
301192.SZ,泰祥股份,SZSE,汽车配件,20220811,
301193.SZ,家联科技,SZSE,家居用品,20211209,
301195.SZ,北路智控,SZSE,软件服务,20220801,
301196.SZ,唯科科技,SZSE,专用机械,20220111,
301197.SZ,工大科雅,SZSE,软件服务,20220808,
301198.SZ,喜悦智行,SZSE,塑料,20211202,
301199.SZ,迈赫股份,SZSE,专用机械,20211207,
301200.SZ,大族数控,SZSE,专用机械,20220228,
301201.SZ,诚达药业,SZSE,生物制药,20220120,
301202.SZ,朗威股份,SZSE,机械基件,20230705,
301203.SZ,国泰环保,SZSE,环境保护,20230404,
301205.SZ,联特科技,SZSE,通信设备,20220913,
301206.SZ,三元生物,SZSE,食品,20220210,
301207.SZ,华兰疫苗,SZSE,生物制药,20220218,
301208.SZ,中亦科技,SZSE,软件服务,20220707,
301209.SZ,联合化学,SZSE,染料涂料,20220825,
301210.SZ,金杨精密,SZSE,电气设备,20230630,
301211.SZ,亨迪药业,SZSE,化学制药,20211222,
301212.SZ,联盛化学,SZSE,化工原料,20220419,
301213.SZ,观想科技,SZSE,软件服务,20211206,
301215.SZ,中汽股份,SZSE,汽车服务,20220308,
301216.SZ,万凯新材,SZSE,化工原料,20220329,
301217.SZ,铜冠铜箔,SZSE,元器件,20220127,
301218.SZ,华是科技,SZSE,软件服务,20220307,
301219.SZ,腾远钴业,SZSE,小金属,20220317,
301220.SZ,亚香股份,SZSE,化工原料,20220622,
301221.SZ,光庭信息,SZSE,软件服务,20211222,
301222.SZ,浙江恒威,SZSE,电气设备,20220309,
301223.SZ,中荣股份,SZSE,广告包装,20221026,
301225.SZ,恒勃股份,SZSE,汽车配件,20230616,
301226.SZ,祥明智能,SZSE,电气设备,20220325,
301227.SZ,森鹰窗业,SZSE,家居用品,20220926,
301228.SZ,实朴检测,SZSE,电器仪表,20220128,
301229.SZ,纽泰格,SZSE,汽车配件,20220222,
301230.SZ,泓博医药,SZSE,生物制药,20221101,
301231.SZ,荣信文化,SZSE,出版业,20220908,
301232.SZ,飞沃科技,SZSE,机械基件,20230615,
301233.SZ,盛帮股份,SZSE,汽车配件,20220706,
301234.SZ,五洲医疗,SZSE,医疗保健,20220705,
301235.SZ,华康洁净,SZSE,医疗保健,20220128,
301236.SZ,软通动力,SZSE,软件服务,20220315,
301237.SZ,和顺科技,SZSE,塑料,20220323,
301238.SZ,瑞泰新材,SZSE,化工原料,20220617,
301239.SZ,普瑞眼科,SZSE,医疗保健,20220705,
301246.SZ,宏源药业,SZSE,化学制药,20230320,
301248.SZ,杰创智能,SZSE,软件服务,20220420,
301251.SZ,威尔高,SZSE,元器件,20230906,
301252.SZ,同星科技,SZSE,机械基件,20230525,
301255.SZ,通力科技,SZSE,机械基件,20221227,
301256.SZ,华融化学,SZSE,化工原料,20220322,
301257.SZ,普蕊斯,SZSE,医疗保健,20220517,
301258.SZ,富士莱,SZSE,化学制药,20220329,
301259.SZ,艾布鲁,SZSE,环境保护,20220426,
301260.SZ,格力博,SZSE,专用机械,20230208,
301261.SZ,恒工精密,SZSE,机械基件,20230710,
301262.SZ,海看股份,SZSE,影视音像,20230620,
301263.SZ,泰恩康,SZSE,医药商业,20220329,
301265.SZ,华新科技,SZSE,环境保护,20221216,
301266.SZ,宇邦新材,SZSE,电气设备,20220608,
301267.SZ,华厦眼科,SZSE,医疗保健,20221107,
301268.SZ,铭利达,SZSE,机械基件,20220407,
301269.SZ,华大九天,SZSE,半导体,20220729,
301270.SZ,汉仪股份,SZSE,软件服务,20220831,
301272.SZ,英华特,SZSE,专用机械,20230713,
301273.SZ,瑞晨环保,SZSE,机械基件,20221025,
301275.SZ,汉朔科技,SZSE,元器件,20250311,
301276.SZ,嘉曼服饰,SZSE,服饰,20220909,
301277.SZ,新天地,SZSE,化学制药,20221116,
301278.SZ,快可电子,SZSE,电气设备,20220804,
301279.SZ,金道科技,SZSE,工程机械,20220413,
301280.SZ,珠城科技,SZSE,元器件,20221226,
301281.SZ,科源制药,SZSE,化学制药,20230404,
301282.SZ,金禄电子,SZSE,元器件,20220826,
301283.SZ,聚胶股份,SZSE,日用化工,20220902,
301285.SZ,鸿日达,SZSE,元器件,20220928,
301286.SZ,侨源股份,SZSE,化工原料,20220614,
301287.SZ,康力源,SZSE,文教休闲,20230614,
301289.SZ,国缆检测,SZSE,电器仪表,20220622,
301290.SZ,东星医疗,SZSE,医疗保健,20221130,
301291.SZ,明阳电气,SZSE,电气设备,20230630,
301292.SZ,海科新源,SZSE,化工原料,20230707,
301293.SZ,三博脑科,SZSE,医疗保健,20230505,
301295.SZ,美硕科技,SZSE,电气设备,20230628,
301296.SZ,新巨丰,SZSE,广告包装,20220902,
301297.SZ,富乐德,SZSE,半导体,20221230,
301298.SZ,东利机械,SZSE,汽车配件,20220606,
301299.SZ,卓创资讯,SZSE,互联网,20221019,
301300.SZ,远翔新材,SZSE,化工原料,20220819,
301301.SZ,川宁生物,SZSE,化学制药,20221227,
301302.SZ,华如科技,SZSE,软件服务,20220623,
301303.SZ,真兰仪表,SZSE,电器仪表,20230220,
301305.SZ,朗坤科技,SZSE,环境保护,20230523,
301306.SZ,西测测试,SZSE,航空,20220726,
301307.SZ,美利信,SZSE,通信设备,20230424,
301308.SZ,江波龙,SZSE,半导体,20220805,
301309.SZ,万得凯,SZSE,机械基件,20220919,
301310.SZ,鑫宏业,SZSE,汽车配件,20230602,
301311.SZ,昆船智能,SZSE,机械基件,20221130,
301312.SZ,智立方,SZSE,专用机械,20220711,
301313.SZ,凡拓数创,SZSE,文教休闲,20220930,
301314.SZ,科瑞思,SZSE,元器件,20230328,
301315.SZ,威士顿,SZSE,软件服务,20230621,
301316.SZ,慧博云通,SZSE,软件服务,20221013,
301317.SZ,鑫磊股份,SZSE,机械基件,20230119,
301318.SZ,维海德,SZSE,IT设备,20220810,
301319.SZ,唯特偶,SZSE,元器件,20220929,
301320.SZ,豪江智能,SZSE,电气设备,20230609,
301321.SZ,翰博高新,SZSE,元器件,20220818,
301322.SZ,绿通科技,SZSE,摩托车,20230306,
301323.SZ,新莱福,SZSE,橡胶,20230606,
301325.SZ,曼恩斯特,SZSE,专用机械,20230512,
301326.SZ,捷邦科技,SZSE,元器件,20220921,
301327.SZ,华宝新能,SZSE,电气设备,20220919,
301328.SZ,维峰电子,SZSE,元器件,20220908,
301329.SZ,信音电子,SZSE,元器件,20230717,
301330.SZ,熵基科技,SZSE,IT设备,20220817,
301331.SZ,恩威医药,SZSE,中成药,20220921,
301332.SZ,德尔玛,SZSE,家用电器,20230518,
301333.SZ,诺思格,SZSE,医疗保健,20220802,
301335.SZ,天元宠物,SZSE,文教休闲,20221118,
301336.SZ,趣睡科技,SZSE,家居用品,20220812,
301337.SZ,亚华电子,SZSE,软件服务,20230526,
301338.SZ,凯格精机,SZSE,专用机械,20220816,
301339.SZ,通行宝,SZSE,IT设备,20220909,
301345.SZ,涛涛车业,SZSE,摩托车,20230321,
301348.SZ,蓝箭电子,SZSE,半导体,20230810,
301349.SZ,信德新材,SZSE,化工原料,20220909,
301353.SZ,普莱得,SZSE,专用机械,20230530,
301355.SZ,南王科技,SZSE,广告包装,20230612,
301356.SZ,天振股份,SZSE,家居用品,20221114,
301357.SZ,北方长龙,SZSE,专用机械,20230418,
301358.SZ,湖南裕能,SZSE,电气设备,20230209,
301359.SZ,东南电子,SZSE,元器件,20221109,
301360.SZ,荣旗科技,SZSE,专用机械,20230425,
301361.SZ,众智科技,SZSE,电气设备,20221116,
301362.SZ,民爆光电,SZSE,电气设备,20230804,
301363.SZ,美好医疗,SZSE,医疗保健,20221012,
301365.SZ,矩阵股份,SZSE,建筑工程,20221122,
301366.SZ,一博科技,SZSE,元器件,20220926,
301367.SZ,瑞迈特,SZSE,医疗保健,20221101,
301368.SZ,丰立智能,SZSE,机械基件,20221215,
301369.SZ,联动科技,SZSE,半导体,20220922,
301370.SZ,国科恒泰,SZSE,医药商业,20230712,
301371.SZ,敷尔佳,SZSE,日用化工,20230801,
301372.SZ,科净源,SZSE,环境保护,20230811,
301373.SZ,凌玮科技,SZSE,化工原料,20230208,
301376.SZ,致欧科技,SZSE,家居用品,20230621,
301377.SZ,鼎泰高科,SZSE,机械基件,20221122,
301378.SZ,通达海,SZSE,软件服务,20230320,
301379.SZ,天山电子,SZSE,元器件,20221101,
301380.SZ,挖金客,SZSE,软件服务,20221025,
301381.SZ,赛维时代,SZSE,互联网,20230712,
301382.SZ,蜂助手,SZSE,互联网,20230517,
301383.SZ,天键股份,SZSE,元器件,20230609,
301386.SZ,未来电器,SZSE,电气设备,20230329,
301387.SZ,光大同创,SZSE,元器件,20230418,
301388.SZ,欣灵电气,SZSE,电气设备,20221109,
301389.SZ,隆扬电子,SZSE,元器件,20221031,
301390.SZ,经纬股份,SZSE,建筑工程,20230508,
301391.SZ,卡莱特,SZSE,IT设备,20221201,
301392.SZ,汇成真空,SZSE,专用机械,20240605,
301393.SZ,昊帆生物,SZSE,化工原料,20230712,
301395.SZ,仁信新材,SZSE,化工原料,20230703,
301396.SZ,宏景科技,SZSE,软件服务,20221111,
301397.SZ,溯联股份,SZSE,汽车配件,20230628,
301398.SZ,星源卓镁,SZSE,汽车配件,20221215,
301399.SZ,英特科技,SZSE,机械基件,20230523,
301408.SZ,华人健康,SZSE,医药商业,20230301,
301413.SZ,安培龙,SZSE,电器仪表,20231218,
301418.SZ,协昌科技,SZSE,电气设备,20230821,
301419.SZ,阿莱德,SZSE,通信设备,20230209,
301421.SZ,波长光电,SZSE,元器件,20230823,
301428.SZ,世纪恒通,SZSE,互联网,20230519,
301429.SZ,森泰股份,SZSE,其他建材,20230417,
301439.SZ,泓淋电力,SZSE,电气设备,20230317,
301446.SZ,福事特,SZSE,机械基件,20230725,
301448.SZ,开创电气,SZSE,机械基件,20230619,
301449.SZ,天溯计量,SZSE,电器仪表,20251223,
301456.SZ,盘古智能,SZSE,电气设备,20230714,
301458.SZ,钧崴电子,SZSE,元器件,20250110,
301459.SZ,丰茂股份,SZSE,汽车配件,20231213,
301468.SZ,博盈特焊,SZSE,专用机械,20230724,
301469.SZ,恒达新材,SZSE,造纸,20230822,
301479.SZ,弘景光电,SZSE,元器件,20250318,
301486.SZ,致尚科技,SZSE,元器件,20230707,
301487.SZ,盟固利,SZSE,化工原料,20230809,
301488.SZ,豪恩汽电,SZSE,汽车配件,20230704,
301489.SZ,思泉新材,SZSE,元器件,20231024,
301491.SZ,汉桑科技,SZSE,IT设备,20250806,
301498.SZ,乖宝宠物,SZSE,饲料,20230816,
301499.SZ,维科精密,SZSE,汽车配件,20230721,
301500.SZ,飞南资源,SZSE,环境保护,20230921,
301501.SZ,恒鑫生活,SZSE,造纸,20250319,
301502.SZ,华阳智能,SZSE,电气设备,20240202,
301503.SZ,智迪科技,SZSE,IT设备,20230717,
301505.SZ,苏州规划,SZSE,建筑工程,20230719,
301507.SZ,民生健康,SZSE,化学制药,20230905,
301508.SZ,中机认检,SZSE,电器仪表,20231201,
301509.SZ,金凯生科,SZSE,化学制药,20230803,
301510.SZ,固高科技,SZSE,电器仪表,20230815,
301511.SZ,德福科技,SZSE,电气设备,20230817,
301512.SZ,智信精密,SZSE,专用机械,20230720,
301515.SZ,港通医疗,SZSE,医疗保健,20230725,
301516.SZ,中远通,SZSE,电气设备,20231208,
301517.SZ,陕西华达,SZSE,元器件,20231017,
301518.SZ,长华化学,SZSE,化工原料,20230803,
301519.SZ,舜禹股份,SZSE,专用机械,20230727,
301520.SZ,万邦医药,SZSE,生物制药,20230925,
301522.SZ,上大股份,SZSE,小金属,20241016,
301525.SZ,儒竞科技,SZSE,家用电器,20230830,
301526.SZ,国际复材,SZSE,玻璃,20231226,
301528.SZ,多浦乐,SZSE,电器仪表,20230828,
301529.SZ,福赛科技,SZSE,汽车配件,20230911,
301533.SZ,威马农机,SZSE,农用机械,20230818,
301535.SZ,浙江华远,SZSE,汽车配件,20250327,
301536.SZ,星宸科技,SZSE,半导体,20240328,
301538.SZ,骏鼎达,SZSE,塑料,20240320,
301539.SZ,宏鑫科技,SZSE,汽车配件,20240415,
301548.SZ,崇德科技,SZSE,机械基件,20230920,
301550.SZ,斯菱智驱,SZSE,汽车配件,20230915,
301551.SZ,无线传媒,SZSE,影视音像,20240926,
301552.SZ,科力装备,SZSE,汽车配件,20240722,
301555.SZ,惠柏新材,SZSE,化工原料,20231031,
301556.SZ,托普云农,SZSE,软件服务,20241017,
301557.SZ,常友科技,SZSE,电气设备,20250304,
301558.SZ,三态股份,SZSE,互联网,20230928,
301559.SZ,中集环科,SZSE,专用机械,20231011,
301560.SZ,众捷汽车,SZSE,汽车配件,20250425,
301563.SZ,云汉芯城,SZSE,元器件,20250930,
301565.SZ,中仑新材,SZSE,塑料,20240620,
301566.SZ,达利凯普,SZSE,元器件,20231229,
301567.SZ,贝隆精密,SZSE,元器件,20240116,
301568.SZ,思泰克,SZSE,专用机械,20231128,
301571.SZ,国科天成,SZSE,元器件,20240821,
301575.SZ,艾芬达,SZSE,家居用品,20250910,
301577.SZ,美信科技,SZSE,元器件,20240124,
301578.SZ,辰奕智能,SZSE,IT设备,20231228,
301580.SZ,爱迪特,SZSE,医疗保健,20240626,
301581.SZ,黄山谷捷,SZSE,半导体,20250103,
301584.SZ,建发致新,SZSE,医药商业,20250925,
301585.SZ,蓝宇股份,SZSE,染料涂料,20241220,
301586.SZ,佳力奇,SZSE,航空,20240828,
301587.SZ,中瑞股份,SZSE,电气设备,20240408,
301588.SZ,美新科技,SZSE,家居用品,20240313,
301589.SZ,诺瓦星云,SZSE,IT设备,20240208,
301590.SZ,优优绿能,SZSE,电气设备,20250605,
301591.SZ,肯特股份,SZSE,塑料,20240228,
301592.SZ,六九一二,SZSE,软件服务,20241024,
301595.SZ,太力科技,SZSE,橡胶,20250519,
301596.SZ,瑞迪智驱,SZSE,机械基件,20240513,
301598.SZ,博科测试,SZSE,专用机械,20241220,
301600.SZ,慧翰股份,SZSE,通信设备,20240911,
301601.SZ,惠通科技,SZSE,专用机械,20250115,
301602.SZ,超研股份,SZSE,医疗保健,20250122,
301603.SZ,乔锋智能,SZSE,机床制造,20240710,
301606.SZ,绿联科技,SZSE,元器件,20240726,
301607.SZ,富特科技,SZSE,汽车配件,20240904,
301608.SZ,博实结,SZSE,通信设备,20240801,
301609.SZ,山大电力,SZSE,电气设备,20250723,
301611.SZ,珂玛科技,SZSE,半导体,20240816,
301613.SZ,新铝时代,SZSE,汽车配件,20241025,
301616.SZ,浙江华业,SZSE,机械基件,20250327,
301617.SZ,博苑股份,SZSE,化工原料,20241211,
301618.SZ,长联科技,SZSE,染料涂料,20240930,
301622.SZ,英思特,SZSE,矿物制品,20241204,
301626.SZ,苏州天脉,SZSE,元器件,20241024,
301628.SZ,强达电路,SZSE,元器件,20241031,
301629.SZ,矽电股份,SZSE,半导体,20250324,
301630.SZ,同宇新材,SZSE,化工原料,20250710,
301631.SZ,壹连科技,SZSE,元器件,20241122,
301632.SZ,广东建科,SZSE,建筑工程,20250812,
301633.SZ,港迪技术,SZSE,专用机械,20241107,
301636.SZ,泽润新能,SZSE,电气设备,20250516,
301638.SZ,南网数字,SZSE,软件服务,20251118,
301656.SZ,联合动力,SZSE,汽车配件,20250925,
301658.SZ,首航新能,SZSE,电气设备,20250402,
301662.SZ,宏工科技,SZSE,专用机械,20250417,
301665.SZ,泰禾股份,SZSE,农药化肥,20250411,
301667.SZ,纳百川,SZSE,汽车配件,20251223,
301668.SZ,昊创瑞通,SZSE,电气设备,20250926,
301678.SZ,新恒汇,SZSE,半导体,20250620,
301680.SZ,固德电材,SZSE,汽车配件,20260306,
301682.SZ,宏明电子,SZSE,元器件,20260325,
301683.SZ,慧谷新材,SZSE,染料涂料,20260401,
301687.SZ,新广益,SZSE,化工原料,20251231,
301696.SZ,N三瑞,SZSE,电气设备,20260410,
302132.SZ,中航成飞,SZSE,航空,20100827,
600000.SH,浦发银行,SSE,银行,19991110,
600004.SH,白云机场,SSE,机场,20030428,
600006.SH,东风股份,SSE,汽车整车,19990727,
600007.SH,中国国贸,SSE,园区开发,19990312,
600008.SH,首创环保,SSE,水务,20000427,
600009.SH,上海机场,SSE,机场,19980218,
600010.SH,包钢股份,SSE,普钢,20010309,
600011.SH,华能国际,SSE,火力发电,20011206,
600012.SH,皖通高速,SSE,路桥,20030107,
600015.SH,华夏银行,SSE,银行,20030912,
600016.SH,民生银行,SSE,银行,20001219,
600017.SH,日照港,SSE,港口,20061017,
600018.SH,上港集团,SSE,港口,20061026,
600019.SH,宝钢股份,SSE,普钢,20001212,
600020.SH,中原高速,SSE,路桥,20030808,
600021.SH,上海电力,SSE,火力发电,20031029,
600022.SH,山东钢铁,SSE,普钢,20040629,
600023.SH,浙能电力,SSE,火力发电,20131219,
600025.SH,华能水电,SSE,水力发电,20171215,
600026.SH,中远海能,SSE,水运,20020523,
600027.SH,华电国际,SSE,火力发电,20050203,
600028.SH,中国石化,SSE,石油加工,20010808,
600029.SH,南方航空,SSE,空运,20030725,
600030.SH,中信证券,SSE,证券,20030106,
600031.SH,三一重工,SSE,工程机械,20030703,
600032.SH,浙江新能,SSE,新型电力,20210525,
600033.SH,福建高速,SSE,路桥,20010209,
600035.SH,楚天高速,SSE,路桥,20040310,
600036.SH,招商银行,SSE,银行,20020409,
600037.SH,歌华有线,SSE,影视音像,20010208,
600038.SH,中直股份,SSE,航空,20001218,
600039.SH,四川路桥,SSE,建筑工程,20030325,
600048.SH,保利发展,SSE,全国地产,20060731,
600050.SH,中国联通,SSE,电信运营,20021009,
600051.SH,宁波联合,SSE,综合类,19970410,
600052.SH,东望时代,SSE,供气供热,19970415,
600053.SH,九鼎投资,SSE,多元金融,19970418,
600054.SH,黄山旅游,SSE,旅游景点,19970506,
600055.SH,万东医疗,SSE,医疗保健,19970519,
600056.SH,中国医药,SSE,医药商业,19970515,
600057.SH,厦门象屿,SSE,仓储物流,19970604,
600058.SH,五矿发展,SSE,商贸代理,19970528,
600059.SH,古越龙山,SSE,红黄酒,19970516,
600060.SH,海信视像,SSE,家用电器,19970422,
600061.SH,国投资本,SSE,证券,19970519,
600062.SH,华润双鹤,SSE,化学制药,19970522,
600063.SH,皖维高新,SSE,化纤,19970528,
600064.SH,南京高科,SSE,园区开发,19970506,
600066.SH,宇通客车,SSE,汽车整车,19970508,
600067.SH,冠城新材,SSE,电气设备,19970508,
600071.SH,凤凰光学,SSE,元器件,19970528,
600072.SH,中船科技,SSE,电气设备,19970603,
600073.SH,光明肉业,SSE,食品,19970704,
600075.SH,新疆天业,SSE,化工原料,19970617,
600076.SH,康欣新材,SSE,广告包装,19970526,
600078.SH,澄星股份,SSE,化工原料,19970627,
600080.SH,金花股份,SSE,中成药,19970612,
600081.SH,东风科技,SSE,汽车配件,19970703,
600082.SH,海泰发展,SSE,园区开发,19970620,
600084.SH,中信尼雅,SSE,红黄酒,19970711,
600085.SH,同仁堂,SSE,中成药,19970625,
600088.SH,中视传媒,SSE,影视音像,19970616,
600089.SH,特变电工,SSE,电气设备,19970618,
600094.SH,大名城,SSE,区域地产,19970703,
600095.SH,湘财股份,SSE,证券,19970708,
600096.SH,云天化,SSE,农药化肥,19970709,
600097.SH,开创国际,SSE,渔业,19970619,
600098.SH,广州发展,SSE,火力发电,19970718,
600099.SH,林海股份,SSE,汽车整车,19970704,
600100.SH,同方股份,SSE,IT设备,19970627,
600101.SH,明星电力,SSE,水力发电,19970627,
600103.SH,青山纸业,SSE,造纸,19970703,
600104.SH,上汽集团,SSE,汽车整车,19971125,
600105.SH,永鼎股份,SSE,通信设备,19970929,
600106.SH,重庆路桥,SSE,路桥,19970618,
600108.SH,亚盛集团,SSE,种植业,19970818,
600109.SH,国金证券,SSE,证券,19970807,
600110.SH,诺德股份,SSE,电气设备,19971007,
600111.SH,北方稀土,SSE,小金属,19970924,
600113.SH,浙江东日,SSE,区域地产,19971021,
600114.SH,东睦股份,SSE,机械基件,20040511,
600115.SH,中国东航,SSE,空运,19971105,
600116.SH,三峡水利,SSE,水力发电,19970804,
600117.SH,西宁特钢,SSE,特种钢,19971015,
600118.SH,中国卫星,SSE,航空,19970908,
600119.SH,长江投资,SSE,仓储物流,19980115,
600120.SH,浙江东方,SSE,多元金融,19971201,
600121.SH,郑州煤电,SSE,煤炭开采,19980107,
600123.SH,兰花科创,SSE,煤炭开采,19981217,
600125.SH,铁龙物流,SSE,铁路,19980511,
600126.SH,杭钢股份,SSE,普钢,19980311,
600127.SH,金健米业,SSE,农业综合,19980506,
600128.SH,苏豪弘业,SSE,商贸代理,19970901,
600129.SH,太极集团,SSE,中成药,19971118,
600131.SH,国网信通,SSE,通信设备,19980402,
600132.SH,重庆啤酒,SSE,啤酒,19971030,
600133.SH,东湖高新,SSE,环境保护,19980212,
600135.SH,乐凯胶片,SSE,塑料,19980122,
600137.SH,浪莎股份,SSE,服饰,19980416,
600138.SH,中青旅,SSE,旅游景点,19971203,
600141.SH,兴发集团,SSE,农药化肥,19990616,
600143.SH,金发科技,SSE,塑料,20040623,
600148.SH,长春一东,SSE,汽车配件,19980520,
600149.SH,廊坊发展,SSE,综合类,19991014,
600150.SH,中国船舶,SSE,船舶,19980520,
600151.SH,航天机电,SSE,汽车配件,19980605,
600152.SH,维科技术,SSE,电气设备,19980609,
600153.SH,建发股份,SSE,仓储物流,19980616,
600155.SH,华创云信,SSE,证券,19980918,
600156.SH,华升股份,SSE,纺织,19980527,
600157.SH,永泰能源,SSE,火力发电,19980513,
600158.SH,中体产业,SSE,文教休闲,19980327,
600159.SH,大龙地产,SSE,区域地产,19980526,
600160.SH,巨化股份,SSE,化工原料,19980626,
600161.SH,天坛生物,SSE,生物制药,19980616,
600162.SH,香江控股,SSE,全国地产,19980609,
600163.SH,中闽能源,SSE,新型电力,19980602,
600166.SH,福田汽车,SSE,汽车整车,19980602,
600167.SH,联美控股,SSE,供气供热,19990128,
600168.SH,武汉控股,SSE,水务,19980427,
600170.SH,上海建工,SSE,建筑工程,19980623,
600171.SH,上海贝岭,SSE,半导体,19980924,
600172.SH,黄河旋风,SSE,矿物制品,19981126,
600173.SH,卧龙新能,SSE,全国地产,19990415,
600176.SH,中国巨石,SSE,玻璃,19990422,
600177.SH,雅戈尔,SSE,服饰,19981119,
600178.SH,东安动力,SSE,汽车配件,19981014,
600179.SH,安通控股,SSE,水运,19981104,
600180.SH,瑞茂通,SSE,仓储物流,19980703,
600182.SH,S佳通,SSE,汽车配件,19990507,
600183.SH,生益科技,SSE,元器件,19981028,
600184.SH,光电股份,SSE,专用机械,20031106,
600185.SH,珠免集团,SSE,旅游服务,19990611,
600186.SH,莲花控股,SSE,食品,19980825,
600187.SH,国中水务,SSE,水务,19981111,
600188.SH,兖矿能源,SSE,煤炭开采,19980701,
600189.SH,泉阳泉,SSE,软饮料,19981007,
600191.SH,华资实业,SSE,食品,19981210,
600192.SH,长城电工,SSE,电气设备,19981224,
600195.SH,中牧股份,SSE,农业综合,19990107,
600196.SH,复星医药,SSE,化学制药,19980807,
600197.SH,伊力特,SSE,白酒,19990916,
600198.SH,大唐电信,SSE,通信设备,19981021,
600199.SH,金种子酒,SSE,白酒,19980812,
600201.SH,生物股份,SSE,农业综合,19990115,
600202.SH,哈空调,SSE,专用机械,19990603,
600203.SH,福日电子,SSE,元器件,19990514,
600206.SH,有研新材,SSE,半导体,19990319,
600207.SH,安彩高科,SSE,电气设备,19990714,
600208.SH,衢州发展,SSE,全国地产,19990623,
600210.SH,紫江企业,SSE,广告包装,19990824,
600211.SH,西藏药业,SSE,生物制药,19990721,
600212.SH,绿能慧充,SSE,电气设备,19990817,
600215.SH,派斯林,SSE,专用机械,19990909,
600216.SH,浙江医药,SSE,化学制药,19991021,
600217.SH,中再资环,SSE,环境保护,19991216,
600218.SH,全柴动力,SSE,汽车配件,19981203,
600219.SH,南山铝业,SSE,铝,19991223,
600221.SH,海航控股,SSE,空运,19991125,
600222.SH,太龙药业,SSE,中成药,19991105,
600223.SH,福瑞达,SSE,日用化工,20000113,
600226.SH,亨通股份,SSE,供气供热,19991116,
600227.SH,赤天化,SSE,农药化肥,20000221,
600229.SH,城市传媒,SSE,出版业,20000309,
600230.SH,沧州大化,SSE,化工原料,20000406,
600231.SH,凌钢股份,SSE,普钢,20000511,
600232.SH,金鹰股份,SSE,纺织机械,20000602,
600233.SH,圆通速递,SSE,仓储物流,20000608,
600234.SH,科新发展,SSE,装修装饰,20000615,
600235.SH,民丰特纸,SSE,造纸,20000615,
600236.SH,桂冠电力,SSE,水力发电,20000323,
600237.SH,铜峰电子,SSE,元器件,20000609,
600239.SH,云南城投,SSE,区域地产,19991202,
600241.SH,时代万恒,SSE,电气设备,20001128,
600246.SH,万通发展,SSE,区域地产,20000922,
600248.SH,陕建股份,SSE,建筑工程,20000622,
600249.SH,两面针,SSE,日用化工,20040130,
600250.SH,南京商旅,SSE,商贸代理,20010306,
600251.SH,冠农股份,SSE,农业综合,20030609,
600252.SH,中恒集团,SSE,中成药,20001130,
600255.SH,鑫科材料,SSE,小金属,20001122,
600256.SH,广汇能源,SSE,石油开采,20000526,
600257.SH,大湖股份,SSE,渔业,20000612,
600258.SH,首旅酒店,SSE,酒店餐饮,20000601,
600259.SH,中稀有色,SSE,小金属,20000525,
600261.SH,阳光照明,SSE,家用电器,20000720,
600262.SH,北方股份,SSE,专用机械,20000630,
600266.SH,城建发展,SSE,区域地产,19990203,
600267.SH,海正药业,SSE,化学制药,20000725,
600268.SH,国电南自,SSE,电气设备,19991118,
600269.SH,赣粤高速,SSE,路桥,20000518,
600271.SH,航天信息,SSE,软件服务,20030711,
600272.SH,开开实业,SSE,医药商业,20010228,
600273.SH,嘉化能源,SSE,化工原料,20030627,
600276.SH,恒瑞医药,SSE,化学制药,20001018,
600278.SH,东方创业,SSE,商贸代理,20000712,
600279.SH,重庆港,SSE,港口,20000731,
600280.SH,中央商场,SSE,百货,20000926,
600281.SH,华阳新材,SSE,小金属,20001109,
600282.SH,南钢股份,SSE,普钢,20000919,
600283.SH,钱江水利,SSE,水务,20001018,
600284.SH,浦东建设,SSE,建筑工程,20040316,
600285.SH,羚锐制药,SSE,中成药,20001018,
600287.SH,苏豪时尚,SSE,商贸代理,20000901,
600288.SH,大恒科技,SSE,元器件,20001129,
600292.SH,电投水电,SSE,水力发电,20001101,
600293.SH,三峡新材,SSE,玻璃,20000919,
600295.SH,鄂尔多斯,SSE,特种钢,20010426,
600298.SH,安琪酵母,SSE,食品,20000818,
600299.SH,安迪苏,SSE,饲料,20000420,
600300.SH,维维股份,SSE,软饮料,20000630,
600301.SH,华锡有色,SSE,小金属,20000712,
600302.SH,标准股份,SSE,纺织机械,20001213,
600303.SH,曙光股份,SSE,汽车整车,20001226,
600305.SH,恒顺醋业,SSE,食品,20010206,
600307.SH,酒钢宏兴,SSE,普钢,20001220,
600308.SH,华泰股份,SSE,造纸,20000928,
600309.SH,万华化学,SSE,化工原料,20010105,
600310.SH,广西能源,SSE,水力发电,20010228,
600312.SH,平高电气,SSE,电气设备,20010221,
600313.SH,农发种业,SSE,种植业,20010119,
600315.SH,上海家化,SSE,日用化工,20010315,
600316.SH,洪都航空,SSE,航空,20001215,
600318.SH,新力金融,SSE,多元金融,20001208,
600319.SH,亚星化学,SSE,化工原料,20010326,
600320.SH,振华重工,SSE,专用机械,20001221,
600322.SH,津投城开,SSE,区域地产,20010910,
600323.SH,瀚蓝环境,SSE,环境保护,20001225,
600325.SH,华发股份,SSE,区域地产,20040225,
600326.SH,西藏天路,SSE,水泥,20010116,
600327.SH,大东方,SSE,医疗保健,20020625,
600328.SH,中盐化工,SSE,化工原料,20001222,
600329.SH,达仁堂,SSE,中成药,20010606,
600330.SH,天通股份,SSE,专用机械,20010118,
600331.SH,宏达股份,SSE,农药化肥,20011220,
600332.SH,白云山,SSE,中成药,20010206,
600333.SH,长春燃气,SSE,供气供热,20001211,
600335.SH,国机汽车,SSE,汽车服务,20010305,
600336.SH,澳柯玛,SSE,家用电器,20001229,
600337.SH,美克家居,SSE,家居用品,20001127,
600338.SH,西藏珠峰,SSE,铅锌,20001227,
600339.SH,中油工程,SSE,石油开采,20001225,
600340.SH,华夏幸福,SSE,园区开发,20031230,
600343.SH,航天动力,SSE,机械基件,20030408,
600345.SH,长江通信,SSE,通信设备,20001222,
600346.SH,恒力石化,SSE,石油加工,20010820,
600348.SH,华阳股份,SSE,煤炭开采,20030821,
600350.SH,山东高速,SSE,路桥,20020318,
600351.SH,亚宝药业,SSE,中成药,20020926,
600352.SH,浙江龙盛,SSE,染料涂料,20030801,
600353.SH,旭光电子,SSE,元器件,20021120,
600354.SH,敦煌种业,SSE,种植业,20040115,
600356.SH,恒丰纸业,SSE,造纸,20010419,
600359.SH,新农开发,SSE,种植业,19990429,
600361.SH,创新新材,SSE,铝,20011129,
600362.SH,江西铜业,SSE,铜,20020111,
600363.SH,联创光电,SSE,元器件,20010329,
600366.SH,宁波韵升,SSE,矿物制品,20001030,
600367.SH,红星发展,SSE,化工原料,20010320,
600368.SH,五洲交通,SSE,路桥,20001221,
600369.SH,西南证券,SSE,证券,20010109,
600370.SH,三房巷,SSE,化工原料,20030306,
600371.SH,万向德农,SSE,种植业,20020916,
600372.SH,中航机载,SSE,航空,20010706,
600373.SH,中文传媒,SSE,出版业,20020304,
600375.SH,汉马科技,SSE,汽车整车,20030401,
600376.SH,首开股份,SSE,区域地产,20010312,
600377.SH,宁沪高速,SSE,路桥,20010116,
600378.SH,昊华科技,SSE,化工原料,20010111,
600379.SH,宝光股份,SSE,电气设备,20020116,
600380.SH,健康元,SSE,化学制药,20010608,
600382.SH,广东明珠,SSE,普钢,20010118,
600383.SH,金地集团,SSE,全国地产,20010412,
600386.SH,北巴传媒,SSE,汽车服务,20010216,
600388.SH,龙净环保,SSE,环境保护,20001229,
600389.SH,江山股份,SSE,农药化肥,20010110,
600390.SH,五矿资本,SSE,多元金融,20010115,
600391.SH,航发科技,SSE,航空,20011212,
600392.SH,盛和资源,SSE,小金属,20030529,
600395.SH,盘江股份,SSE,煤炭开采,20010531,
600396.SH,华电辽能,SSE,火力发电,20010328,
600397.SH,江钨装备,SSE,专用机械,20020702,
600398.SH,海澜之家,SSE,服饰,20001228,
600399.SH,抚顺特钢,SSE,特种钢,20001229,
600400.SH,红豆股份,SSE,服饰,20010108,
600403.SH,大有能源,SSE,煤炭开采,20031009,
600405.SH,动力源,SSE,电气设备,20040401,
600406.SH,国电南瑞,SSE,电气设备,20031016,
600408.SH,安泰集团,SSE,焦炭加工,20030212,
600409.SH,三友化工,SSE,化纤,20030618,
600410.SH,华胜天成,SSE,软件服务,20040427,
600415.SH,小商品城,SSE,商品城,20020509,
600416.SH,湘电股份,SSE,电气设备,20020718,
600418.SH,江淮汽车,SSE,汽车整车,20010824,
600419.SH,天润乳业,SSE,乳制品,20010628,
600420.SH,国药现代,SSE,化学制药,20040616,
600422.SH,昆药集团,SSE,中成药,20001206,
600423.SH,柳化股份,SSE,农药化肥,20030717,
600425.SH,青松建化,SSE,水泥,20030724,
600426.SH,华鲁恒升,SSE,农药化肥,20020620,
600428.SH,中远海特,SSE,水运,20020418,
600429.SH,三元股份,SSE,乳制品,20030915,
600433.SH,冠豪高新,SSE,造纸,20030619,
600435.SH,北方导航,SSE,专用机械,20030704,
600436.SH,片仔癀,SSE,中成药,20030616,
600438.SH,通威股份,SSE,电气设备,20040302,
600439.SH,瑞贝卡,SSE,服饰,20030710,
600444.SH,国机通用,SSE,专用机械,20040219,
600446.SH,金证股份,SSE,软件服务,20031224,
600448.SH,华纺股份,SSE,纺织,20010903,
600449.SH,宁夏建材,SSE,水泥,20030829,
600452.SH,涪陵电力,SSE,水力发电,20040303,
600455.SH,博通股份,SSE,文教休闲,20040329,
600456.SH,宝钛股份,SSE,小金属,20020412,
600458.SH,时代新材,SSE,塑料,20021219,
600459.SH,贵研铂业,SSE,小金属,20030516,
600460.SH,士兰微,SSE,半导体,20030311,
600461.SH,洪城环境,SSE,水务,20040601,
600463.SH,空港股份,SSE,园区开发,20040318,
600467.SH,好当家,SSE,渔业,20040405,
600468.SH,百利电气,SSE,电气设备,20010615,
600469.SH,风神股份,SSE,汽车配件,20031021,
600470.SH,六国化工,SSE,农药化肥,20040305,
600475.SH,华光环能,SSE,电气设备,20030721,
600476.SH,湘邮科技,SSE,软件服务,20031210,
600477.SH,杭萧钢构,SSE,钢加工,20031110,
600478.SH,科力远,SSE,电气设备,20030918,
600479.SH,千金药业,SSE,中成药,20040312,
600480.SH,凌云股份,SSE,汽车配件,20030815,
600481.SH,双良节能,SSE,电气设备,20030422,
600482.SH,中国动力,SSE,船舶,20040714,
600483.SH,福能股份,SSE,新型电力,20040531,
600486.SH,扬农化工,SSE,农药化肥,20020425,
600487.SH,亨通光电,SSE,通信设备,20030822,
600488.SH,津药药业,SSE,化学制药,20010618,
600489.SH,中金黄金,SSE,黄金,20030814,
600490.SH,鹏欣资源,SSE,铜,20030626,
600491.SH,龙元建设,SSE,建筑工程,20040524,
600493.SH,凤竹纺织,SSE,纺织,20040421,
600495.SH,晋西车轴,SSE,运输设备,20040526,
600496.SH,精工钢构,SSE,钢加工,20020605,
600497.SH,驰宏锌锗,SSE,铅锌,20040420,
600498.SH,烽火通信,SSE,通信设备,20010823,
600499.SH,科达制造,SSE,专用机械,20021010,
600500.SH,中化国际,SSE,塑料,20000301,
600501.SH,航天晨光,SSE,专用机械,20010615,
600502.SH,安徽建工,SSE,建筑工程,20030415,
600503.SH,华丽家族,SSE,区域地产,20020709,
600505.SH,西昌电力,SSE,水力发电,20020530,
600506.SH,统一股份,SSE,石油加工,20011226,
600507.SH,方大特钢,SSE,特种钢,20030930,
600508.SH,上海能源,SSE,煤炭开采,20010829,
600509.SH,天富能源,SSE,火力发电,20020228,
600510.SH,黑牡丹,SSE,全国地产,20020618,
600511.SH,国药股份,SSE,医药商业,20021127,
600512.SH,腾达建设,SSE,建筑工程,20021226,
600513.SH,联环药业,SSE,化学制药,20030319,
600515.SH,海南机场,SSE,机场,20020806,
600516.SH,方大炭素,SSE,矿物制品,20020830,
600517.SH,国网英大,SSE,多元金融,20031010,
600518.SH,康美药业,SSE,中成药,20010319,
600519.SH,贵州茅台,SSE,白酒,20010827,
600520.SH,三佳科技,SSE,半导体,20020108,
600521.SH,华海药业,SSE,化学制药,20030304,
600522.SH,中天科技,SSE,通信设备,20021024,
600523.SH,贵航股份,SSE,汽车配件,20011227,
600526.SH,菲达环保,SSE,环境保护,20020722,
600527.SH,江南高纤,SSE,化纤,20031127,
600528.SH,中铁工业,SSE,运输设备,20010528,
600529.SH,山东药玻,SSE,医疗保健,20020603,
600530.SH,交大昂立,SSE,医疗保健,20010702,
600531.SH,豫光金铅,SSE,铅锌,20020730,
600533.SH,栖霞建设,SSE,区域地产,20020328,
600535.SH,天士力,SSE,中成药,20020823,
600536.SH,中国软件,SSE,软件服务,20020517,
600537.SH,亿晶光电,SSE,电气设备,20030123,
600538.SH,国发股份,SSE,医药商业,20030114,
600539.SH,狮头股份,SSE,互联网,20010824,
600540.SH,新赛股份,SSE,种植业,20040107,
600543.SH,莫高股份,SSE,红黄酒,20040324,
600545.SH,卓郎智能,SSE,纺织机械,20031203,
600546.SH,山煤国际,SSE,煤炭开采,20030731,
600547.SH,山东黄金,SSE,黄金,20030828,
600548.SH,深高速,SSE,路桥,20011225,
600549.SH,厦门钨业,SSE,小金属,20021107,
600550.SH,保变电气,SSE,电气设备,20010228,
600551.SH,时代出版,SSE,出版业,20020905,
600552.SH,凯盛科技,SSE,元器件,20021108,
600556.SH,天下秀,SSE,互联网,20010807,
600557.SH,康缘药业,SSE,中成药,20020918,
600558.SH,大西洋,SSE,钢加工,20010227,
600559.SH,老白干酒,SSE,白酒,20021029,
600560.SH,金自天正,SSE,电气设备,20020919,
600561.SH,江西长运,SSE,公共交通,20020716,
600562.SH,国睿科技,SSE,通信设备,20030128,
600563.SH,法拉电子,SSE,元器件,20021210,
600566.SH,济川药业,SSE,中成药,20010822,
600567.SH,山鹰国际,SSE,造纸,20011218,
600569.SH,安阳钢铁,SSE,普钢,20010820,
600570.SH,恒生电子,SSE,软件服务,20031216,
600571.SH,信雅达,SSE,软件服务,20021101,
600572.SH,康恩贝,SSE,中成药,20040412,
600573.SH,惠泉啤酒,SSE,啤酒,20030226,
600575.SH,淮河能源,SSE,火力发电,20030328,
600576.SH,祥源文旅,SSE,旅游景点,20030220,
600577.SH,精达股份,SSE,电气设备,20020911,
600578.SH,京能电力,SSE,火力发电,20020510,
600579.SH,中化装备,SSE,化工机械,20020809,
600580.SH,卧龙电驱,SSE,电气设备,20020606,
600582.SH,天地科技,SSE,专用机械,20020515,
600583.SH,海油工程,SSE,石油开采,20020205,
600584.SH,长电科技,SSE,半导体,20030603,
600585.SH,海螺水泥,SSE,水泥,20020207,
600586.SH,金晶科技,SSE,玻璃,20020815,
600587.SH,新华医疗,SSE,医疗保健,20020927,
600588.SH,用友网络,SSE,软件服务,20010518,
600589.SH,大位科技,SSE,软件服务,20010612,
600590.SH,泰豪科技,SSE,通信设备,20020703,
600592.SH,龙溪股份,SSE,机械基件,20020805,
600593.SH,大连圣亚,SSE,旅游景点,20020711,
600594.SH,益佰制药,SSE,中成药,20040323,
600595.SH,中孚实业,SSE,铝,20020626,
600596.SH,新安股份,SSE,化工原料,20010906,
600597.SH,光明乳业,SSE,乳制品,20020828,
600598.SH,北大荒,SSE,种植业,20020329,
600600.SH,青岛啤酒,SSE,啤酒,19930827,
600601.SH,方正科技,SSE,元器件,19901219,
600602.SH,云赛智联,SSE,软件服务,19901219,
600603.SH,广汇物流,SSE,区域地产,19920113,
600604.SH,市北高新,SSE,园区开发,19920327,
600605.SH,汇通能源,SSE,房产服务,19920327,
600606.SH,绿地控股,SSE,全国地产,19920327,
600609.SH,金杯汽车,SSE,汽车配件,19920724,
600610.SH,中毅达,SSE,化工原料,19920805,
600611.SH,大众交通,SSE,公共交通,19920807,
600612.SH,老凤祥,SSE,服饰,19920814,
600613.SH,神奇制药,SSE,中成药,19920820,
600615.SH,鑫源智造,SSE,铝,19920910,
600616.SH,金枫酒业,SSE,红黄酒,19920929,
600617.SH,国新能源,SSE,供气供热,19921013,
600618.SH,氯碱化工,SSE,化工原料,19921113,
600619.SH,海立股份,SSE,家用电器,19921116,
600620.SH,天宸股份,SSE,综合类,19921117,
600621.SH,华鑫股份,SSE,证券,19921202,
600622.SH,光大嘉宝,SSE,区域地产,19921203,
600623.SH,华谊集团,SSE,化工原料,19921204,
600626.SH,申达股份,SSE,汽车配件,19930107,
600628.SH,新世界,SSE,百货,19930119,
600629.SH,华建集团,SSE,建筑工程,19930209,
600630.SH,龙头股份,SSE,服饰,19930209,
600633.SH,浙数文化,SSE,互联网,19930304,
600635.SH,大众公用,SSE,供气供热,19930304,
600637.SH,东方明珠,SSE,影视音像,19930316,
600638.SH,新黄浦,SSE,区域地产,19930326,
600639.SH,浦东金桥,SSE,园区开发,19930326,
600640.SH,国脉文化,SSE,影视音像,19930407,
600641.SH,先导基电,SSE,半导体,19930407,
600642.SH,申能股份,SSE,火力发电,19930416,
600643.SH,爱建集团,SSE,多元金融,19930426,
600644.SH,乐山电力,SSE,水力发电,19930426,
600645.SH,中源协和,SSE,医疗保健,19930504,
600648.SH,外高桥,SSE,园区开发,19930504,
600649.SH,城投控股,SSE,区域地产,19930518,
600650.SH,锦江在线,SSE,公共交通,19930607,
600651.SH,飞乐音响,SSE,电器仪表,19901219,
600653.SH,申华控股,SSE,汽车服务,19901219,
600654.SH,中安科,SSE,仓储物流,19901219,
600655.SH,豫园股份,SSE,百货,19920902,
600657.SH,信达地产,SSE,全国地产,19930524,
600658.SH,电子城,SSE,园区开发,19930524,
600660.SH,福耀玻璃,SSE,汽车配件,19930610,
600661.SH,昂立教育,SSE,文教休闲,19930614,
600662.SH,外服控股,SSE,文教休闲,19930614,
600663.SH,陆家嘴,SSE,园区开发,19930628,
600664.SH,哈药股份,SSE,化学制药,19930629,
600665.SH,天地源,SSE,全国地产,19930709,
600666.SH,奥瑞德,SSE,元器件,19930712,
600667.SH,太极实业,SSE,半导体,19930728,
600668.SH,尖峰集团,SSE,水泥,19930728,
600671.SH,天目药业,SSE,中成药,19930823,
600673.SH,东阳光,SSE,综合类,19930917,
600674.SH,川投能源,SSE,水力发电,19930924,
600675.SH,中华企业,SSE,区域地产,19930924,
600676.SH,交运股份,SSE,汽车配件,19930928,
600678.SH,四川金顶,SSE,水泥,19931008,
600679.SH,上海凤凰,SSE,文教休闲,19931008,
600681.SH,百川能源,SSE,供气供热,19931018,
600682.SH,南京新百,SSE,生物制药,19931018,
600683.SH,京投发展,SSE,区域地产,19931025,
600684.SH,珠江股份,SSE,区域地产,19931028,
600685.SH,中船防务,SSE,船舶,19931028,
600686.SH,金龙汽车,SSE,汽车整车,19931108,
600688.SH,上海石化,SSE,石油加工,19931108,
600689.SH,上海三毛,SSE,综合类,19931108,
600690.SH,海尔智家,SSE,家用电器,19931119,
600691.SH,潞化科技,SSE,农药化肥,19931119,
600692.SH,亚通股份,SSE,区域地产,19931119,
600693.SH,东百集团,SSE,百货,19931122,
600694.SH,大商股份,SSE,百货,19931122,
600697.SH,欧亚集团,SSE,百货,19931206,
600698.SH,湖南天雁,SSE,汽车配件,19931206,
600699.SH,均胜电子,SSE,汽车配件,19931206,
600702.SH,舍得酒业,SSE,白酒,19960524,
600703.SH,三安光电,SSE,半导体,19960528,
600704.SH,物产中大,SSE,仓储物流,19960606,
600706.SH,曲江文旅,SSE,旅游景点,19960516,
600707.SH,彩虹股份,SSE,元器件,19960520,
600708.SH,光明地产,SSE,全国地产,19960606,
600710.SH,苏美达,SSE,商贸代理,19960701,
600711.SH,盛屯矿业,SSE,小金属,19960531,
600712.SH,南宁百货,SSE,百货,19960626,
600713.SH,南京医药,SSE,医药商业,19960701,
600714.SH,金瑞矿业,SSE,化工原料,19960606,
600715.SH,文投控股,SSE,影视音像,19960701,
600716.SH,凤凰股份,SSE,区域地产,19960702,
600717.SH,天津港,SSE,港口,19960614,
600718.SH,东软集团,SSE,软件服务,19960618,
600719.SH,大连热电,SSE,供气供热,19960716,
600720.SH,中交设计,SSE,建筑工程,19960716,
600721.SH,百花医药,SSE,生物制药,19960626,
600722.SH,金牛化工,SSE,化工原料,19960626,
600724.SH,宁波富达,SSE,综合类,19960716,
600725.SH,云维股份,SSE,商贸代理,19960702,
600726.SH,华电能源,SSE,火力发电,19960701,
600727.SH,鲁北化工,SSE,化工原料,19960702,
600728.SH,佳都科技,SSE,软件服务,19960716,
600729.SH,重庆百货,SSE,百货,19960702,
600730.SH,中国高科,SSE,文教休闲,19960726,
600731.SH,湖南海利,SSE,农药化肥,19960802,
600732.SH,爱旭股份,SSE,电气设备,19960816,
600733.SH,北汽蓝谷,SSE,汽车整车,19960816,
600734.SH,实达集团,SSE,软件服务,19960808,
600736.SH,苏州高新,SSE,园区开发,19960815,
600737.SH,中粮糖业,SSE,食品,19960731,
600738.SH,丽尚国潮,SSE,百货,19960802,
600739.SH,辽宁成大,SSE,生物制药,19960819,
600740.SH,山西焦化,SSE,焦炭加工,19960808,
600741.SH,华域汽车,SSE,汽车配件,19960826,
600742.SH,富维股份,SSE,汽车配件,19960826,
600743.SH,华远控股,SSE,区域地产,19960909,
600744.SH,华银电力,SSE,火力发电,19960905,
600745.SH,闻泰科技,SSE,半导体,19960828,
600746.SH,江苏索普,SSE,化工原料,19960918,
600748.SH,上实发展,SSE,全国地产,19960925,
600749.SH,西藏旅游,SSE,旅游景点,19961015,
600750.SH,华润江中,SSE,中成药,19960923,
600751.SH,海航科技,SSE,水运,19960909,
600754.SH,锦江酒店,SSE,酒店餐饮,19961011,
600755.SH,厦门国贸,SSE,仓储物流,19961003,
600756.SH,浪潮软件,SSE,软件服务,19960923,
600757.SH,长江传媒,SSE,出版业,19961003,
600758.SH,辽宁能源,SSE,煤炭开采,19961029,
600759.SH,洲际油气,SSE,石油开采,19961008,
600760.SH,中航沈飞,SSE,航空,19961011,
600761.SH,安徽合力,SSE,工程机械,19961009,
600763.SH,通策医疗,SSE,医疗保健,19961030,
600764.SH,中国海防,SSE,船舶,19961104,
600765.SH,中航重机,SSE,航空,19961106,
600768.SH,宁波富邦,SSE,铝,19961111,
600769.SH,祥龙电业,SSE,水务,19961101,
600770.SH,综艺股份,SSE,综合类,19961120,
600771.SH,广誉远,SSE,中成药,19961105,
600773.SH,西藏城投,SSE,区域地产,19961108,
600774.SH,汉商集团,SSE,化学制药,19961108,
600775.SH,南京熊猫,SSE,通信设备,19961118,
600776.SH,东方通信,SSE,通信设备,19961126,
600778.SH,友好集团,SSE,百货,19961203,
600779.SH,水井坊,SSE,白酒,19961206,
600780.SH,通宝能源,SSE,火力发电,19961205,
600782.SH,新钢股份,SSE,普钢,19961225,
600783.SH,鲁信创投,SSE,专用机械,19961225,
600784.SH,鲁银投资,SSE,综合类,19961225,
600785.SH,新华百货,SSE,百货,19970108,
600787.SH,中储股份,SSE,仓储物流,19970121,
600789.SH,鲁抗医药,SSE,化学制药,19970226,
600790.SH,轻纺城,SSE,商品城,19970228,
600791.SH,京能置业,SSE,全国地产,19970130,
600792.SH,云煤能源,SSE,焦炭加工,19970123,
600793.SH,宜宾纸业,SSE,造纸,19970220,
600794.SH,保税科技,SSE,仓储物流,19970306,
600795.SH,国电电力,SSE,火力发电,19970318,
600796.SH,钱江生化,SSE,环境保护,19970408,
600797.SH,浙大网新,SSE,软件服务,19970418,
600798.SH,宁波海运,SSE,水运,19970423,
600800.SH,渤海化学,SSE,化工原料,19931206,
600801.SH,华新建材,SSE,水泥,19940103,
600802.SH,福建水泥,SSE,水泥,19940103,
600803.SH,新奥股份,SSE,供气供热,19940103,
600805.SH,悦达投资,SSE,综合类,19940103,
600807.SH,济高发展,SSE,医疗保健,19940103,
600808.SH,马钢股份,SSE,普钢,19940106,
600809.SH,山西汾酒,SSE,白酒,19940106,
600810.SH,神马股份,SSE,化纤,19940106,
600812.SH,华北制药,SSE,化学制药,19940114,
600814.SH,杭州解百,SSE,百货,19940114,
600815.SH,厦工股份,SSE,工程机械,19940128,
600816.SH,建元信托,SSE,多元金融,19940128,
600817.SH,宇通重工,SSE,专用机械,19940128,
600818.SH,中路股份,SSE,文教休闲,19940128,
600819.SH,耀皮玻璃,SSE,玻璃,19940128,
600820.SH,隧道股份,SSE,建筑工程,19940128,
600821.SH,金开新能,SSE,新型电力,19940128,
600822.SH,上海物贸,SSE,汽车服务,19940204,
600824.SH,益民集团,SSE,百货,19940204,
600825.SH,新华传媒,SSE,出版业,19940204,
600826.SH,兰生股份,SSE,文教休闲,19940204,
600827.SH,百联股份,SSE,超市连锁,19940204,
600828.SH,茂业商业,SSE,百货,19940224,
600829.SH,人民同泰,SSE,医药商业,19940224,
600830.SH,香溢融通,SSE,多元金融,19940224,
600831.SH,广电网络,SSE,影视音像,19940224,
600833.SH,第一医药,SSE,医药商业,19940224,
600834.SH,申通地铁,SSE,公共交通,19940224,
600835.SH,上海机电,SSE,运输设备,19940224,
600838.SH,上海九百,SSE,百货,19940224,
600839.SH,四川长虹,SSE,家用电器,19940311,
600841.SH,动力新科,SSE,汽车配件,19940311,
600843.SH,上工申贝,SSE,纺织机械,19940311,
600844.SH,金煤科技,SSE,化工原料,19940311,
600845.SH,宝信软件,SSE,软件服务,19940311,
600846.SH,同济科技,SSE,建筑工程,19940311,
600847.SH,万里股份,SSE,电气设备,19940324,
600848.SH,上海临港,SSE,园区开发,19940324,
600850.SH,电科数字,SSE,软件服务,19940324,
600851.SH,海欣股份,SSE,化学制药,19940404,
600853.SH,龙建股份,SSE,建筑工程,19940404,
600854.SH,春兰股份,SSE,家用电器,19940425,
600855.SH,航天长峰,SSE,专用机械,19940425,
600857.SH,宁波中百,SSE,百货,19940425,
600858.SH,银座股份,SSE,百货,19940506,
600859.SH,王府井,SSE,百货,19940506,
600860.SH,京城股份,SSE,专用机械,19940506,
600861.SH,北京人力,SSE,文教休闲,19940520,
600862.SH,中航高科,SSE,航空,19940520,
600863.SH,华能蒙电,SSE,火力发电,19940520,
600864.SH,哈投股份,SSE,证券,19940809,
600865.SH,百大集团,SSE,百货,19940809,
600866.SH,星湖科技,SSE,饲料,19940818,
600867.SH,通化东宝,SSE,生物制药,19940824,
600868.SH,梅雁吉祥,SSE,水力发电,19940912,
600869.SH,远东股份,SSE,电气设备,19950206,
600871.SH,石化油服,SSE,石油开采,19950411,
600872.SH,中炬高新,SSE,食品,19950124,
600873.SH,梅花生物,SSE,食品,19950217,
600874.SH,创业环保,SSE,环境保护,19950630,
600875.SH,东方电气,SSE,电气设备,19951010,
600876.SH,凯盛新能,SSE,玻璃,19951031,
600877.SH,电科芯片,SSE,半导体,19951013,
600879.SH,航天电子,SSE,航空,19951115,
600880.SH,博瑞传播,SSE,广告包装,19951115,
600881.SH,亚泰集团,SSE,综合类,19951115,
600882.SH,妙可蓝多,SSE,乳制品,19951206,
600883.SH,博闻科技,SSE,种植业,19951208,
600884.SH,杉杉股份,SSE,电气设备,19960130,
600885.SH,宏发股份,SSE,电气设备,19960205,
600886.SH,国投电力,SSE,水力发电,19960118,
600887.SH,伊利股份,SSE,乳制品,19960312,
600888.SH,新疆众和,SSE,铝,19960215,
600889.SH,南京化纤,SSE,机械基件,19960308,
600893.SH,航发动力,SSE,航空,19960408,
600894.SH,广日股份,SSE,运输设备,19960328,
600895.SH,张江高科,SSE,园区开发,19960422,
600897.SH,厦门空港,SSE,机场,19960531,
600900.SH,长江电力,SSE,水力发电,20031118,
600901.SH,江苏金租,SSE,多元金融,20180301,
600903.SH,贵州燃气,SSE,供气供热,20171107,
600905.SH,三峡能源,SSE,新型电力,20210610,
600906.SH,财达证券,SSE,证券,20210507,
600908.SH,无锡银行,SSE,银行,20160923,
600909.SH,华安证券,SSE,证券,20161206,
600916.SH,中国黄金,SSE,服饰,20210205,
600917.SH,重庆燃气,SSE,供气供热,20140930,
600918.SH,中泰证券,SSE,证券,20200603,
600919.SH,江苏银行,SSE,银行,20160802,
600925.SH,苏能股份,SSE,煤炭开采,20230329,
600926.SH,杭州银行,SSE,银行,20161027,
600927.SH,永安期货,SSE,多元金融,20211223,
600928.SH,西安银行,SSE,银行,20190301,
600929.SH,雪天盐业,SSE,食品,20180326,
600930.SH,华电新能,SSE,新型电力,20250716,
600933.SH,爱柯迪,SSE,汽车配件,20171117,
600935.SH,华塑股份,SSE,化工原料,20211126,
600936.SH,北投科技,SSE,软件服务,20160815,
600938.SH,中国海油,SSE,石油开采,20220421,
600939.SH,重庆建工,SSE,建筑工程,20170221,
600941.SH,中国移动,SSE,电信运营,20220105,
600955.SH,维远股份,SSE,化工原料,20210915,
600956.SH,新天绿能,SSE,供气供热,20200629,
600958.SH,东方证券,SSE,证券,20150323,
600959.SH,江苏有线,SSE,影视音像,20150428,
600960.SH,渤海汽车,SSE,汽车配件,20040407,
600961.SH,株冶集团,SSE,铅锌,20040830,
600962.SH,国投中鲁,SSE,软饮料,20040622,
600963.SH,岳阳林纸,SSE,造纸,20040525,
600965.SH,福成股份,SSE,农业综合,20040713,
600966.SH,博汇纸业,SSE,造纸,20040608,
600967.SH,内蒙一机,SSE,运输设备,20040518,
600968.SH,海油发展,SSE,石油开采,20190626,
600969.SH,郴电国际,SSE,水力发电,20040408,
600970.SH,中材国际,SSE,建筑工程,20050412,
600971.SH,恒源煤电,SSE,煤炭开采,20040817,
600973.SH,宝胜股份,SSE,电气设备,20040802,
600975.SH,新五丰,SSE,农业综合,20040609,
600976.SH,健民集团,SSE,中成药,20040419,
600977.SH,中国电影,SSE,影视音像,20160809,
600979.SH,广安爱众,SSE,水力发电,20040906,
600980.SH,北矿科技,SSE,专用机械,20040512,
600981.SH,苏豪汇鸿,SSE,商贸代理,20040630,
600982.SH,宁波能源,SSE,供气供热,20040706,
600983.SH,惠而浦,SSE,家用电器,20040727,
600984.SH,建设机械,SSE,工程机械,20040707,
600985.SH,淮北矿业,SSE,煤炭开采,20040428,
600986.SH,浙文互联,SSE,互联网,20040426,
600987.SH,航民股份,SSE,纺织,20040809,
600988.SH,赤峰黄金,SSE,黄金,20040414,
600989.SH,宝丰能源,SSE,化工原料,20190516,
600990.SH,四创电子,SSE,通信设备,20040510,
600992.SH,贵绳股份,SSE,钢加工,20040514,
600993.SH,马应龙,SSE,中成药,20040517,
600995.SH,南网储能,SSE,水力发电,20040615,
600996.SH,贵广网络,SSE,影视音像,20161226,
600997.SH,开滦股份,SSE,焦炭加工,20040602,
600998.SH,九州通,SSE,医药商业,20101102,
600999.SH,招商证券,SSE,证券,20091117,
601000.SH,唐山港,SSE,港口,20100705,
601001.SH,晋控煤业,SSE,煤炭开采,20060623,
601002.SH,晋亿实业,SSE,机械基件,20070126,
601003.SH,柳钢股份,SSE,普钢,20070227,
601005.SH,重庆钢铁,SSE,普钢,20070228,
601006.SH,大秦铁路,SSE,铁路,20060801,
601007.SH,金陵饭店,SSE,酒店餐饮,20070406,
601008.SH,连云港,SSE,港口,20070426,
601009.SH,南京银行,SSE,银行,20070719,
601010.SH,文峰股份,SSE,百货,20110603,
601011.SH,宝泰隆,SSE,焦炭加工,20110309,
601012.SH,隆基绿能,SSE,电气设备,20120411,
601015.SH,陕西黑猫,SSE,焦炭加工,20141105,
601016.SH,节能风电,SSE,新型电力,20140929,
601018.SH,宁波港,SSE,港口,20100928,
601019.SH,山东出版,SSE,出版业,20171122,
601020.SH,华钰矿业,SSE,铅锌,20160316,
601021.SH,春秋航空,SSE,空运,20150121,
601022.SH,宁波远洋,SSE,水运,20221208,
601026.SH,道生天合,SSE,电气设备,20251017,
601033.SH,永兴股份,SSE,环境保护,20240118,
601038.SH,一拖股份,SSE,农用机械,20120808,
601058.SH,赛轮轮胎,SSE,汽车配件,20110630,
601059.SH,信达证券,SSE,证券,20230201,
601061.SH,中信金属,SSE,商贸代理,20230410,
601065.SH,江盐集团,SSE,化工原料,20230410,
601066.SH,中信建投,SSE,证券,20180620,
601068.SH,中铝国际,SSE,建筑工程,20180831,
601069.SH,西部黄金,SSE,黄金,20150122,
601077.SH,渝农商行,SSE,银行,20191029,
601083.SH,锦江航运,SSE,水运,20231205,
601086.SH,国芳集团,SSE,百货,20170929,
601088.SH,中国神华,SSE,煤炭开采,20071009,
601089.SH,福元医药,SSE,化学制药,20220630,
601096.SH,宏盛华源,SSE,钢加工,20231222,
601098.SH,中南传媒,SSE,出版业,20101028,
601099.SH,太平洋,SSE,证券,20071228,
601100.SH,恒立液压,SSE,工程机械,20111028,
601101.SH,昊华能源,SSE,煤炭开采,20100331,
601106.SH,中国一重,SSE,工程机械,20100209,
601107.SH,四川成渝,SSE,路桥,20090727,
601108.SH,财通证券,SSE,证券,20171024,
601111.SH,中国国航,SSE,空运,20060818,
601112.SH,振石股份,SSE,玻璃,20260129,
601113.SH,华鼎股份,SSE,化纤,20110509,
601116.SH,三江购物,SSE,超市连锁,20110302,
601117.SH,中国化学,SSE,建筑工程,20100107,
601118.SH,海南橡胶,SSE,橡胶,20110107,
601121.SH,宝地矿业,SSE,普钢,20230310,
601126.SH,四方股份,SSE,电气设备,20101231,
601127.SH,赛力斯,SSE,汽车整车,20160615,
601128.SH,常熟银行,SSE,银行,20160930,
601133.SH,柏诚股份,SSE,建筑工程,20230410,
601136.SH,首创证券,SSE,证券,20221222,
601137.SH,博威合金,SSE,小金属,20110127,
601138.SH,工业富联,SSE,通信设备,20180608,
601139.SH,深圳燃气,SSE,供气供热,20091225,
601155.SH,新城控股,SSE,区域地产,20151204,
601156.SH,东航物流,SSE,仓储物流,20210609,
601158.SH,重庆水务,SSE,水务,20100329,
601162.SH,天风证券,SSE,证券,20181019,
601163.SH,三角轮胎,SSE,汽车配件,20160909,
601166.SH,兴业银行,SSE,银行,20070205,
601168.SH,西部矿业,SSE,铜,20070712,
601169.SH,北京银行,SSE,银行,20070919,
601177.SH,杭齿前进,SSE,机械基件,20101011,
601179.SH,中国西电,SSE,电气设备,20100128,
601186.SH,中国铁建,SSE,建筑工程,20080310,
601187.SH,厦门银行,SSE,银行,20201027,
601188.SH,龙江交通,SSE,路桥,20100319,
601198.SH,东兴证券,SSE,证券,20150226,
601199.SH,江南水务,SSE,水务,20110317,
601200.SH,上海环境,SSE,环境保护,20170331,
601208.SH,东材科技,SSE,化工原料,20110520,
601211.SH,国泰海通,SSE,证券,20150626,
601212.SH,白银有色,SSE,铜,20170215,
601216.SH,君正集团,SSE,化工原料,20110222,
601218.SH,吉鑫科技,SSE,电气设备,20110506,
601222.SH,林洋能源,SSE,新型电力,20110808,
601225.SH,陕西煤业,SSE,煤炭开采,20140128,
601226.SH,华电科工,SSE,建筑工程,20141211,
601228.SH,广州港,SSE,港口,20170329,
601229.SH,上海银行,SSE,银行,20161116,
601231.SH,环旭电子,SSE,元器件,20120220,
601233.SH,桐昆股份,SSE,化纤,20110518,
601236.SH,红塔证券,SSE,证券,20190705,
601238.SH,广汽集团,SSE,汽车整车,20120329,
601279.SH,英利汽车,SSE,汽车配件,20210415,
601288.SH,农业银行,SSE,银行,20100715,
601298.SH,青岛港,SSE,港口,20190121,
601311.SH,骆驼股份,SSE,电气设备,20110602,
601318.SH,中国平安,SSE,保险,20070301,
601319.SH,中国人保,SSE,保险,20181116,
601326.SH,秦港股份,SSE,港口,20170816,
601328.SH,交通银行,SSE,银行,20070515,
601330.SH,绿色动力,SSE,环境保护,20180611,
601333.SH,广深铁路,SSE,铁路,20061222,
601336.SH,新华保险,SSE,保险,20111216,
601339.SH,百隆东方,SSE,纺织,20120612,
601360.SH,三六零,SSE,互联网,20120116,
601366.SH,利群股份,SSE,百货,20170412,
601368.SH,绿城水务,SSE,水务,20150612,
601369.SH,陕鼓动力,SSE,机械基件,20100428,
601375.SH,中原证券,SSE,证券,20170103,
601377.SH,兴业证券,SSE,证券,20101013,
601388.SH,怡球资源,SSE,铝,20120423,
601390.SH,中国中铁,SSE,建筑工程,20071203,
601398.SH,工商银行,SSE,银行,20061027,
601399.SH,国机重装,SSE,工程机械,20200608,
601456.SH,国联民生,SSE,证券,20200731,
601500.SH,通用股份,SSE,汽车配件,20160919,
601512.SH,中新集团,SSE,园区开发,20191220,
601515.SH,衢州东峰,SSE,广告包装,20120216,
601518.SH,吉林高速,SSE,路桥,20100319,
601519.SH,大智慧,SSE,软件服务,20110128,
601528.SH,瑞丰银行,SSE,银行,20210625,
601555.SH,东吴证券,SSE,证券,20111212,
601566.SH,九牧王,SSE,服饰,20110530,
601567.SH,三星医疗,SSE,电气设备,20110615,
601568.SH,北元集团,SSE,化工原料,20201020,
601577.SH,长沙银行,SSE,银行,20180926,
601579.SH,会稽山,SSE,红黄酒,20140825,
601588.SH,北辰实业,SSE,区域地产,20061016,
601595.SH,上海电影,SSE,影视音像,20160817,
601598.SH,中国外运,SSE,仓储物流,20190118,
601599.SH,浙文影业,SSE,纺织,20110527,
601600.SH,中国铝业,SSE,铝,20070430,
601601.SH,中国太保,SSE,保险,20071225,
601606.SH,长城军工,SSE,专用机械,20180806,
601607.SH,上海医药,SSE,医药商业,19940324,
601608.SH,中信重工,SSE,专用机械,20120706,
601609.SH,金田股份,SSE,铜,20200422,
601611.SH,中国核建,SSE,建筑工程,20160606,
601615.SH,明阳智能,SSE,电气设备,20190123,
601616.SH,广电电气,SSE,电气设备,20110201,
601618.SH,中国中冶,SSE,建筑工程,20090921,
601619.SH,嘉泽新能,SSE,新型电力,20170720,
601628.SH,中国人寿,SSE,保险,20070109,
601633.SH,长城汽车,SSE,汽车整车,20110928,
601636.SH,旗滨集团,SSE,玻璃,20110812,
601658.SH,邮储银行,SSE,银行,20191210,
601665.SH,齐鲁银行,SSE,银行,20210618,
601666.SH,平煤股份,SSE,煤炭开采,20061123,
601668.SH,中国建筑,SSE,建筑工程,20090729,
601669.SH,中国电建,SSE,建筑工程,20111018,
601677.SH,明泰铝业,SSE,铝,20110919,
601678.SH,滨化股份,SSE,化工原料,20100223,
601686.SH,友发集团,SSE,钢加工,20201204,
601688.SH,华泰证券,SSE,证券,20100226,
601689.SH,拓普集团,SSE,汽车配件,20150319,
601696.SH,中银证券,SSE,证券,20200226,
601698.SH,中国卫通,SSE,电信运营,20190628,
601699.SH,潞安环能,SSE,煤炭开采,20060922,
601700.SH,风范股份,SSE,电气设备,20110118,
601702.SH,华峰铝业,SSE,铝,20200907,
601717.SH,中创智领,SSE,专用机械,20100803,
601718.SH,际华集团,SSE,服饰,20100816,
601727.SH,上海电气,SSE,电气设备,20081205,
601728.SH,中国电信,SSE,电信运营,20210820,
601766.SH,中国中车,SSE,运输设备,20080818,
601777.SH,千里科技,SSE,摩托车,20101125,
601778.SH,晶科科技,SSE,新型电力,20200519,
601788.SH,光大证券,SSE,证券,20090818,
601789.SH,宁波建工,SSE,建筑工程,20110816,
601798.SH,蓝科高新,SSE,化工机械,20110622,
601799.SH,星宇股份,SSE,汽车配件,20110201,
601800.SH,中国交建,SSE,建筑工程,20120309,
601801.SH,皖新传媒,SSE,出版业,20100118,
601808.SH,中海油服,SSE,石油开采,20070928,
601811.SH,新华文轩,SSE,出版业,20160808,
601816.SH,京沪高铁,SSE,铁路,20200116,
601818.SH,光大银行,SSE,银行,20100818,
601825.SH,沪农商行,SSE,银行,20210819,
601827.SH,三峰环境,SSE,环境保护,20200605,
601828.SH,美凯龙,SSE,其他商业,20180117,
601838.SH,成都银行,SSE,银行,20180131,
601857.SH,中国石油,SSE,石油开采,20071105,
601858.SH,中国科传,SSE,出版业,20170118,
601860.SH,紫金银行,SSE,银行,20190103,
601865.SH,福莱特,SSE,玻璃,20190215,
601866.SH,中远海发,SSE,水运,20071212,
601868.SH,中国能建,SSE,建筑工程,20210928,
601869.SH,长飞光纤,SSE,通信设备,20180720,
601872.SH,招商轮船,SSE,水运,20061201,
601877.SH,正泰电器,SSE,电气设备,20100121,
601878.SH,浙商证券,SSE,证券,20170626,
601880.SH,辽港股份,SSE,港口,20101206,
601881.SH,中国银河,SSE,证券,20170123,
601882.SH,海天精工,SSE,机床制造,20161107,
601886.SH,江河集团,SSE,装修装饰,20110818,
601888.SH,中国中免,SSE,旅游服务,20091015,
601890.SH,亚星锚链,SSE,船舶,20101228,
601898.SH,中煤能源,SSE,煤炭开采,20080201,
601899.SH,紫金矿业,SSE,铜,20080425,
601900.SH,南方传媒,SSE,出版业,20160215,
601901.SH,方正证券,SSE,证券,20110810,
601908.SH,京运通,SSE,电气设备,20110908,
601916.SH,浙商银行,SSE,银行,20191126,
601918.SH,新集能源,SSE,煤炭开采,20071219,
601919.SH,中远海控,SSE,水运,20070626,
601921.SH,浙版传媒,SSE,出版业,20210723,
601928.SH,凤凰传媒,SSE,出版业,20111130,
601929.SH,吉视传媒,SSE,影视音像,20120223,
601933.SH,永辉超市,SSE,超市连锁,20101215,
601939.SH,建设银行,SSE,银行,20070925,
601949.SH,中国出版,SSE,出版业,20170821,
601952.SH,苏垦农发,SSE,种植业,20170515,
601956.SH,东贝集团,SSE,家用电器,20201225,
601958.SH,金钼股份,SSE,小金属,20080417,
601963.SH,重庆银行,SSE,银行,20210205,
601965.SH,中国汽研,SSE,汽车服务,20120611,
601966.SH,玲珑轮胎,SSE,汽车配件,20160706,
601968.SH,宝钢包装,SSE,广告包装,20150611,
601969.SH,海南矿业,SSE,普钢,20141209,
601975.SH,招商南油,SSE,水运,20190108,
601985.SH,中国核电,SSE,新型电力,20150610,
601988.SH,中国银行,SSE,银行,20060705,
601990.SH,南京证券,SSE,证券,20180613,
601991.SH,大唐发电,SSE,火力发电,20061220,
601992.SH,金隅集团,SSE,水泥,20110301,
601995.SH,中金公司,SSE,证券,20201102,
601996.SH,丰林集团,SSE,家居用品,20110929,
601997.SH,贵阳银行,SSE,银行,20160816,
601998.SH,中信银行,SSE,银行,20070427,
601999.SH,出版传媒,SSE,出版业,20071221,
603000.SH,人民网,SSE,互联网,20120427,
603001.SH,奥康国际,SSE,服饰,20120426,
603002.SH,宏昌电子,SSE,化工原料,20120518,
603004.SH,鼎龙科技,SSE,化工原料,20231227,
603005.SH,晶方科技,SSE,半导体,20140210,
603006.SH,联明股份,SSE,汽车配件,20140630,
603008.SH,喜临门,SSE,家居用品,20120717,
603009.SH,北特科技,SSE,汽车配件,20140718,
603010.SH,万盛股份,SSE,化工原料,20141010,
603011.SH,合锻智能,SSE,专用机械,20141107,
603012.SH,创力集团,SSE,专用机械,20150320,
603013.SH,亚普股份,SSE,汽车配件,20180509,
603014.SH,威高血净,SSE,医疗保健,20250519,
603015.SH,弘讯科技,SSE,电气设备,20150303,
603016.SH,新宏泰,SSE,电气设备,20160701,
603017.SH,中衡设计,SSE,建筑工程,20141231,
603018.SH,华设集团,SSE,建筑工程,20141013,
603019.SH,中科曙光,SSE,IT设备,20141106,
603020.SH,爱普股份,SSE,食品,20150325,
603022.SH,新通联,SSE,广告包装,20150518,
603023.SH,威帝股份,SSE,汽车配件,20150527,
603025.SH,大豪科技,SSE,纺织机械,20150422,
603026.SH,石大胜华,SSE,化工原料,20150529,
603027.SH,千禾味业,SSE,食品,20160307,
603028.SH,赛福天,SSE,钢加工,20160331,
603029.SH,天鹅股份,SSE,农用机械,20160427,
603030.SH,全筑股份,SSE,装修装饰,20150320,
603031.SH,安孚科技,SSE,电气设备,20160822,
603032.SH,德新科技,SSE,专用机械,20170105,
603033.SH,三维股份,SSE,橡胶,20161207,
603035.SH,常熟汽饰,SSE,汽车配件,20170105,
603036.SH,如通股份,SSE,专用机械,20161209,
603037.SH,凯众股份,SSE,汽车配件,20170120,
603038.SH,华立股份,SSE,家居用品,20170116,
603039.SH,泛微网络,SSE,软件服务,20170113,
603040.SH,新坐标,SSE,汽车配件,20170209,
603041.SH,美思德,SSE,化工原料,20170330,
603042.SH,华脉科技,SSE,通信设备,20170602,
603043.SH,广州酒家,SSE,食品,20170627,
603045.SH,福达合金,SSE,小金属,20180517,
603048.SH,浙江黎明,SSE,汽车配件,20211116,
603049.SH,中策橡胶,SSE,汽车配件,20250605,
603050.SH,科林电气,SSE,电气设备,20170414,
603051.SH,鹿山新材,SSE,塑料,20220325,
603052.SH,可川科技,SSE,元器件,20221011,
603053.SH,成都燃气,SSE,供气供热,20191217,
603055.SH,台华新材,SSE,纺织,20170921,
603057.SH,紫燕食品,SSE,食品,20220926,
603058.SH,永吉股份,SSE,广告包装,20161223,
603059.SH,倍加洁,SSE,日用化工,20180302,
603060.SH,国检集团,SSE,建筑工程,20161109,
603061.SH,金海通,SSE,半导体,20230303,
603062.SH,麦加芯彩,SSE,染料涂料,20231107,
603063.SH,禾望电气,SSE,电气设备,20170728,
603065.SH,宿迁联盛,SSE,化工原料,20230321,
603066.SH,音飞储存,SSE,仓储物流,20150611,
603067.SH,振华股份,SSE,化工原料,20160913,
603068.SH,博通集成,SSE,半导体,20190415,
603069.SH,海汽集团,SSE,公共交通,20160712,
603070.SH,万控智造,SSE,电气设备,20220310,
603071.SH,物产环能,SSE,批发业,20211216,
603072.SH,天和磁材,SSE,矿物制品,20250103,
603073.SH,彩蝶实业,SSE,纺织,20230316,
603075.SH,热威股份,SSE,家用电器,20230911,
603076.SH,乐惠国际,SSE,专用机械,20171113,
603077.SH,和邦生物,SSE,化工原料,20120731,
603078.SH,江化微,SSE,半导体,20170410,
603079.SH,圣达生物,SSE,食品,20170823,
603080.SH,新疆火炬,SSE,供气供热,20180103,
603081.SH,大丰实业,SSE,专用机械,20170420,
603082.SH,北自科技,SSE,运输设备,20240130,
603083.SH,剑桥科技,SSE,通信设备,20171110,
603085.SH,天成自控,SSE,汽车配件,20150630,
603086.SH,先达股份,SSE,农药化肥,20170511,
603087.SH,甘李药业,SSE,生物制药,20200629,
603088.SH,宁波精达,SSE,机床制造,20141111,
603089.SH,正裕工业,SSE,汽车配件,20170126,
603090.SH,宏盛股份,SSE,专用机械,20160831,
603091.SH,众鑫股份,SSE,家居用品,20240920,
603092.SH,德力佳,SSE,机械基件,20251107,
603093.SH,南华期货,SSE,多元金融,20190830,
603095.SH,越剑智能,SSE,纺织机械,20200415,
603096.SH,新经典,SSE,出版业,20170425,
603097.SH,江苏华辰,SSE,电气设备,20220512,
603098.SH,森特股份,SSE,装修装饰,20161216,
603099.SH,长白山,SSE,旅游景点,20140822,
603100.SH,川仪股份,SSE,电器仪表,20140805,
603101.SH,汇嘉时代,SSE,百货,20160506,
603102.SH,百合股份,SSE,医疗保健,20220125,
603103.SH,横店影视,SSE,影视音像,20171012,
603105.SH,芯能科技,SSE,电气设备,20180709,
603106.SH,恒银科技,SSE,IT设备,20170920,
603107.SH,上海汽配,SSE,汽车配件,20231101,
603108.SH,润达医疗,SSE,医药商业,20150527,
603109.SH,神驰机电,SSE,电气设备,20191231,
603110.SH,东方材料,SSE,染料涂料,20171013,
603111.SH,康尼机电,SSE,运输设备,20140801,
603112.SH,华翔股份,SSE,机械基件,20200917,
603113.SH,金能科技,SSE,化工原料,20170511,
603115.SH,海星股份,SSE,铝,20190809,
603116.SH,红蜻蜓,SSE,服饰,20150629,
603117.SH,万林物流,SSE,仓储物流,20150629,
603118.SH,共进股份,SSE,通信设备,20150225,
603119.SH,浙江荣泰,SSE,汽车配件,20230801,
603120.SH,肯特催化,SSE,化工原料,20250416,
603121.SH,华培动力,SSE,汽车配件,20190111,
603122.SH,合富中国,SSE,医药商业,20220216,
603123.SH,翠微股份,SSE,多元金融,20120503,
603124.SH,江南新材,SSE,铜,20250320,
603125.SH,常青科技,SSE,化工原料,20230410,
603126.SH,中材节能,SSE,环境保护,20140731,
603127.SH,昭衍新药,SSE,医疗保健,20170825,
603128.SH,华贸物流,SSE,仓储物流,20120529,
603129.SH,春风动力,SSE,摩托车,20170818,
603130.SH,云中马,SSE,纺织,20221118,
603131.SH,上海沪工,SSE,专用机械,20160607,
603132.SH,金徽股份,SSE,铅锌,20220222,
603135.SH,中重科技,SSE,专用机械,20230410,
603136.SH,天目湖,SSE,旅游景点,20170927,
603137.SH,恒尚节能,SSE,装修装饰,20230419,
603138.SH,海量数据,SSE,软件服务,20170306,
603139.SH,康惠股份,SSE,中成药,20170421,
603150.SH,万朗磁塑,SSE,塑料,20220124,
603151.SH,邦基科技,SSE,饲料,20221019,
603153.SH,上海建科,SSE,建筑工程,20230313,
603155.SH,新亚强,SSE,化工原料,20200901,
603156.SH,养元饮品,SSE,软饮料,20180212,
603158.SH,腾龙股份,SSE,汽车配件,20150320,
603159.SH,上海亚虹,SSE,专用机械,20160812,
603160.SH,汇顶科技,SSE,半导体,20161017,
603161.SH,科华控股,SSE,汽车配件,20180105,
603162.SH,海通发展,SSE,水运,20230329,
603163.SH,圣晖集成,SSE,建筑工程,20221013,
603165.SH,荣晟环保,SSE,造纸,20170117,
603166.SH,福达股份,SSE,汽车配件,20141127,
603167.SH,渤海轮渡,SSE,水运,20120906,
603168.SH,莎普爱思,SSE,化学制药,20140702,
603169.SH,兰石重装,SSE,专用机械,20141009,
603170.SH,宝立食品,SSE,食品,20220715,
603171.SH,税友股份,SSE,软件服务,20210630,
603172.SH,万丰股份,SSE,染料涂料,20230510,
603173.SH,福斯达,SSE,机械基件,20230130,
603175.SH,超颖电子,SSE,元器件,20251024,
603176.SH,汇通集团,SSE,建筑工程,20211231,
603177.SH,德创环保,SSE,环境保护,20170207,
603178.SH,圣龙股份,SSE,汽车配件,20170328,
603179.SH,新泉股份,SSE,汽车配件,20170317,
603180.SH,金牌家居,SSE,家居用品,20170512,
603181.SH,皇马科技,SSE,化工原料,20170824,
603182.SH,嘉华股份,SSE,食品,20220909,
603183.SH,建研院,SSE,建筑工程,20170905,
603185.SH,弘元绿能,SSE,电气设备,20181228,
603186.SH,华正新材,SSE,元器件,20170103,
603187.SH,海容冷链,SSE,机械基件,20181129,
603188.SH,亚邦股份,SSE,染料涂料,20140909,
603189.SH,网达软件,SSE,软件服务,20160914,
603190.SH,亚通精工,SSE,汽车配件,20230217,
603191.SH,望变电气,SSE,电气设备,20220428,
603192.SH,汇得科技,SSE,化工原料,20180828,
603193.SH,润本股份,SSE,日用化工,20231017,
603194.SH,中力股份,SSE,工程机械,20241224,
603195.SH,公牛集团,SSE,家用电器,20200206,
603196.SH,璞源材料,SSE,服饰,20170531,
603197.SH,保隆科技,SSE,汽车配件,20170519,
603198.SH,迎驾贡酒,SSE,白酒,20150528,
603199.SH,九华旅游,SSE,旅游景点,20150326,
603200.SH,上海洗霸,SSE,环境保护,20170601,
603201.SH,常润股份,SSE,汽车配件,20220729,
603202.SH,天有为,SSE,汽车配件,20250424,
603203.SH,快克智能,SSE,专用机械,20161108,
603205.SH,健尔康,SSE,医疗保健,20241107,
603206.SH,嘉环科技,SSE,通信设备,20220506,
603207.SH,小方制药,SSE,化学制药,20240826,
603208.SH,江山欧派,SSE,家居用品,20170210,
603209.SH,兴通股份,SSE,水运,20220324,
603210.SH,泰鸿万立,SSE,汽车配件,20250409,
603211.SH,晋拓股份,SSE,汽车配件,20220725,
603212.SH,赛伍技术,SSE,塑料,20200430,
603213.SH,镇洋发展,SSE,化工原料,20211111,
603214.SH,爱婴室,SSE,百货,20180330,
603215.SH,比依股份,SSE,家用电器,20220218,
603216.SH,梦天家居,SSE,家居用品,20211215,
603217.SH,元利科技,SSE,化工原料,20190620,
603218.SH,日月股份,SSE,电气设备,20161228,
603219.SH,富佳股份,SSE,家用电器,20211122,
603220.SH,中贝通信,SSE,通信设备,20181115,
603221.SH,爱丽家居,SSE,家居用品,20200323,
603222.SH,济民健康,SSE,医疗保健,20150217,
603223.SH,恒通股份,SSE,公路,20150630,
603225.SH,新凤鸣,SSE,化纤,20170418,
603226.SH,菲林格尔,SSE,家居用品,20170615,
603227.SH,雪峰科技,SSE,化工原料,20150515,
603228.SH,景旺电子,SSE,元器件,20170106,
603229.SH,奥翔药业,SSE,化学制药,20170509,
603230.SH,内蒙新华,SSE,出版业,20211224,
603231.SH,索宝蛋白,SSE,食品,20231215,
603232.SH,格尔软件,SSE,软件服务,20170421,
603233.SH,大参林,SSE,医药商业,20170731,
603235.SH,天新药业,SSE,化学制药,20220712,
603236.SH,移远通信,SSE,通信设备,20190716,
603237.SH,五芳斋,SSE,食品,20220831,
603238.SH,诺邦股份,SSE,纺织,20170222,
603239.SH,浙江仙通,SSE,汽车配件,20161230,
603248.SH,锡华科技,SSE,机械基件,20251223,
603255.SH,鼎际得,SSE,化工原料,20220818,
603256.SH,宏和科技,SSE,玻璃,20190719,
603257.SH,中国瑞林,SSE,建筑工程,20250408,
603258.SH,电魂网络,SSE,互联网,20161026,
603259.SH,药明康德,SSE,化学制药,20180508,
603260.SH,合盛硅业,SSE,化工原料,20171030,
603262.SH,技源集团,SSE,食品,20250723,
603266.SH,天龙股份,SSE,汽车配件,20170110,
603267.SH,鸿远电子,SSE,元器件,20190515,
603269.SH,海鸥股份,SSE,机械基件,20170517,
603270.SH,金帝股份,SSE,机械基件,20230901,
603271.SH,永杰新材,SSE,铝,20250311,
603272.SH,联翔股份,SSE,家居用品,20220520,
603273.SH,天元智能,SSE,专用机械,20231023,
603275.SH,众辰科技,SSE,电器仪表,20230823,
603276.SH,恒兴新材,SSE,化工原料,20230925,
603277.SH,银都股份,SSE,专用机械,20170911,
603278.SH,大业股份,SSE,钢加工,20171113,
603279.SH,景津装备,SSE,环境保护,20190729,
603280.SH,南方路机,SSE,工程机械,20221108,
603281.SH,江瀚新材,SSE,化工原料,20230131,
603282.SH,亚光股份,SSE,专用机械,20230315,
603283.SH,赛腾股份,SSE,专用机械,20171225,
603284.SH,林平发展,SSE,造纸,20260210,
603285.SH,键邦股份,SSE,化工原料,20240705,
603286.SH,日盈电子,SSE,汽车配件,20170627,
603288.SH,海天味业,SSE,食品,20140211,
603289.SH,泰瑞机器,SSE,专用机械,20171031,
603290.SH,斯达半导,SSE,半导体,20200204,
603291.SH,联合水务,SSE,水务,20230327,
603296.SH,华勤技术,SSE,元器件,20230808,
603297.SH,永新光学,SSE,元器件,20180910,
603298.SH,杭叉集团,SSE,工程机械,20161227,
603299.SH,苏盐井神,SSE,食品,20151231,
603300.SH,海南华铁,SSE,多元金融,20150529,
603301.SH,振德医疗,SSE,医疗保健,20180412,
603303.SH,得邦照明,SSE,家用电器,20170330,
603305.SH,旭升集团,SSE,汽车配件,20170710,
603306.SH,华懋科技,SSE,汽车配件,20140926,
603307.SH,扬州金泉,SSE,文教休闲,20230216,
603308.SH,应流股份,SSE,机械基件,20140122,
603309.SH,维力医疗,SSE,医疗保健,20150302,
603310.SH,巍华新材,SSE,化工原料,20240814,
603311.SH,金海高科,SSE,家用电器,20150518,
603312.SH,西典新能,SSE,电气设备,20240111,
603313.SH,梦百合,SSE,家居用品,20161013,
603315.SH,福鞍股份,SSE,环境保护,20150424,
603316.SH,诚邦股份,SSE,建筑工程,20170619,
603317.SH,天味食品,SSE,食品,20190416,
603318.SH,水发燃气,SSE,供气供热,20150424,
603319.SH,美湖股份,SSE,汽车配件,20161130,
603320.SH,迪贝电气,SSE,电气设备,20170502,
603321.SH,梅轮电梯,SSE,运输设备,20170915,
603322.SH,超讯通信,SSE,通信设备,20160728,
603323.SH,苏农银行,SSE,银行,20161129,
603324.SH,盛剑科技,SSE,环境保护,20210407,
603325.SH,博隆技术,SSE,化工机械,20240110,
603326.SH,我乐家居,SSE,家居用品,20170616,
603327.SH,福蓉科技,SSE,元器件,20190523,
603328.SH,依顿电子,SSE,元器件,20140701,
603329.SH,上海雅仕,SSE,仓储物流,20171229,
603330.SH,天洋新材,SSE,塑料,20170213,
603331.SH,百达精工,SSE,专用机械,20170705,
603332.SH,苏州龙杰,SSE,化纤,20190117,
603333.SH,尚纬股份,SSE,电气设备,20120507,
603334.SH,丰倍生物,SSE,化工原料,20251105,
603335.SH,迪生力,SSE,汽车配件,20170620,
603336.SH,宏辉果蔬,SSE,农业综合,20161124,
603337.SH,杰克科技,SSE,纺织机械,20170119,
603338.SH,浙江鼎力,SSE,工程机械,20150325,
603339.SH,四方科技,SSE,专用机械,20160519,
603341.SH,龙旗科技,SSE,通信设备,20240301,
603344.SH,星德胜,SSE,电气设备,20240320,
603345.SH,安井食品,SSE,食品,20170222,
603348.SH,文灿股份,SSE,汽车配件,20180426,
603350.SH,安乃达,SSE,电气设备,20240703,
603351.SH,威尔药业,SSE,化学制药,20190130,
603352.SH,至信股份,SSE,汽车配件,20260115,
603353.SH,和顺石油,SSE,石油贸易,20200407,
603355.SH,莱克电气,SSE,家用电器,20150513,
603356.SH,华菱精工,SSE,运输设备,20180124,
603357.SH,设计总院,SSE,建筑工程,20170801,
603358.SH,华达科技,SSE,汽车配件,20170125,
603359.SH,东珠生态,SSE,建筑工程,20170901,
603360.SH,百傲化学,SSE,农药化肥,20170206,
603363.SH,傲农生物,SSE,饲料,20170926,
603365.SH,水星家纺,SSE,纺织,20171120,
603366.SH,日出东方,SSE,家用电器,20120521,
603367.SH,辰欣药业,SSE,化学制药,20170929,
603368.SH,柳药集团,SSE,医药商业,20141204,
603369.SH,今世缘,SSE,白酒,20140703,
603370.SH,华新精科,SSE,电气设备,20250905,
603373.SH,安邦护卫,SSE,仓储物流,20231220,
603375.SH,盛景微,SSE,半导体,20240124,
603376.SH,大明电子,SSE,汽车配件,20251106,
603378.SH,亚士创能,SSE,染料涂料,20170928,
603379.SH,三美股份,SSE,化工原料,20190402,
603380.SH,易德龙,SSE,元器件,20170622,
603381.SH,永臻股份,SSE,电气设备,20240626,
603382.SH,海阳科技,SSE,化纤,20250612,
603383.SH,顶点软件,SSE,软件服务,20170522,
603385.SH,惠达卫浴,SSE,家居用品,20170405,
603386.SH,骏亚科技,SSE,元器件,20170912,
603387.SH,基蛋生物,SSE,医疗保健,20170717,
603390.SH,通达电气,SSE,汽车配件,20191125,
603391.SH,力聚热能,SSE,专用机械,20240731,
603392.SH,万泰生物,SSE,生物制药,20200429,
603393.SH,新天然气,SSE,供气供热,20160912,
603395.SH,红四方,SSE,农药化肥,20241126,
603396.SH,金辰股份,SSE,专用机械,20171018,
603399.SH,永杉锂业,SSE,小金属,20120824,
603400.SH,华之杰,SSE,机械基件,20250620,
603402.SH,陕西旅游,SSE,旅游景点,20260106,
603406.SH,天富龙,SSE,化纤,20250808,
603408.SH,建霖家居,SSE,家居用品,20200730,
603409.SH,汇通控股,SSE,汽车配件,20250304,
603416.SH,信捷电气,SSE,电器仪表,20161221,
603418.SH,友升股份,SSE,汽车配件,20250923,
603421.SH,鼎信通讯,SSE,通信设备,20161011,
603439.SH,三力制药,SSE,中成药,20200428,
603444.SH,吉比特,SSE,互联网,20170104,
603456.SH,九洲药业,SSE,医疗保健,20141010,
603458.SH,勘设股份,SSE,建筑工程,20170809,
603459.SH,C红板,SSE,元器件,20260408,
603466.SH,风语筑,SSE,文教休闲,20171020,
603477.SH,巨星农牧,SSE,农业综合,20171218,
603486.SH,科沃斯,SSE,家用电器,20180528,
603488.SH,展鹏科技,SSE,运输设备,20170516,
603489.SH,八方股份,SSE,电气设备,20191111,
603496.SH,恒为科技,SSE,IT设备,20170607,
603499.SH,翔港科技,SSE,广告包装,20171016,
603500.SH,祥和实业,SSE,运输设备,20170904,
603501.SH,豪威集团,SSE,半导体,20170504,
603505.SH,金石资源,SSE,化工原料,20170503,
603506.SH,南都物业,SSE,房产服务,20180201,
603507.SH,振江股份,SSE,电气设备,20171106,
603508.SH,思维列控,SSE,IT设备,20151224,
603511.SH,爱慕股份,SSE,服饰,20210531,
603515.SH,欧普照明,SSE,家用电器,20160819,
603516.SH,淳中科技,SSE,IT设备,20180202,
603518.SH,锦泓集团,SSE,服饰,20141203,
603519.SH,立霸股份,SSE,家用电器,20150319,
603520.SH,司太立,SSE,化学制药,20160309,
603527.SH,众源新材,SSE,铜,20170907,
603528.SH,多伦科技,SSE,软件服务,20160503,
603529.SH,爱玛科技,SSE,摩托车,20210615,
603530.SH,神马电力,SSE,电气设备,20190805,
603533.SH,掌阅科技,SSE,互联网,20170921,
603535.SH,嘉诚国际,SSE,仓储物流,20170808,
603536.SH,惠发食品,SSE,食品,20170613,
603538.SH,美诺华,SSE,化学制药,20170407,
603551.SH,奥普科技,SSE,家居用品,20200115,
603556.SH,海兴电力,SSE,电器仪表,20161110,
603558.SH,健盛集团,SSE,纺织,20150127,
603565.SH,中谷物流,SSE,水运,20200925,
603566.SH,普莱柯,SSE,农业综合,20150518,
603567.SH,珍宝岛,SSE,中成药,20150424,
603568.SH,伟明环保,SSE,环境保护,20150528,
603569.SH,长久物流,SSE,公路,20160810,
603577.SH,汇金通,SSE,电气设备,20161222,
603578.SH,三星新材,SSE,家用电器,20170306,
603579.SH,荣泰健康,SSE,家用电器,20170111,
603583.SH,捷昌驱动,SSE,电气设备,20180921,
603585.SH,苏利股份,SSE,农药化肥,20161214,
603586.SH,金麒麟,SSE,汽车配件,20170406,
603587.SH,地素时尚,SSE,服饰,20180622,
603588.SH,高能环境,SSE,环境保护,20141229,
603589.SH,口子窖,SSE,白酒,20150629,
603590.SH,康辰药业,SSE,生物制药,20180827,
603596.SH,伯特利,SSE,汽车配件,20180427,
603598.SH,引力传媒,SSE,互联网,20150527,
603599.SH,广信股份,SSE,农药化肥,20150513,
603600.SH,永艺股份,SSE,家居用品,20150123,
603601.SH,再升科技,SSE,玻璃,20150122,
603602.SH,纵横通信,SSE,通信设备,20170810,
603605.SH,珀莱雅,SSE,日用化工,20171115,
603606.SH,东方电缆,SSE,电气设备,20141015,
603607.SH,京华激光,SSE,造纸,20171025,
603608.SH,天创时尚,SSE,服饰,20160218,
603609.SH,禾丰股份,SSE,饲料,20140808,
603610.SH,麒盛科技,SSE,家居用品,20191029,
603611.SH,诺力股份,SSE,专用机械,20150128,
603612.SH,索通发展,SSE,矿物制品,20170718,
603613.SH,国联股份,SSE,互联网,20190730,
603615.SH,茶花股份,SSE,家居用品,20170213,
603616.SH,韩建河山,SSE,水泥,20150611,
603617.SH,君禾股份,SSE,机械基件,20170703,
603618.SH,杭电股份,SSE,电气设备,20150217,
603619.SH,中曼石油,SSE,石油开采,20171117,
603626.SH,科森科技,SSE,元器件,20170209,
603628.SH,清源股份,SSE,电气设备,20170112,
603629.SH,利通电子,SSE,元器件,20181224,
603630.SH,拉芳家化,SSE,日用化工,20170313,
603633.SH,徕木股份,SSE,汽车配件,20161117,
603636.SH,南威软件,SSE,软件服务,20141230,
603637.SH,镇海股份,SSE,建筑工程,20170208,
603638.SH,艾迪精密,SSE,专用机械,20170120,
603639.SH,海利尔,SSE,农药化肥,20170112,
603648.SH,畅联股份,SSE,仓储物流,20170913,
603650.SH,彤程新材,SSE,化工原料,20180627,
603655.SH,朗博科技,SSE,汽车配件,20171229,
603656.SH,泰禾智能,SSE,专用机械,20170321,
603657.SH,春光科技,SSE,家用电器,20180730,
603658.SH,安图生物,SSE,医疗保健,20160901,
603659.SH,璞泰来,SSE,化工原料,20171103,
603660.SH,苏州科达,SSE,IT设备,20161201,
603661.SH,恒林股份,SSE,家居用品,20171121,
603662.SH,柯力传感,SSE,电器仪表,20190806,
603663.SH,三祥新材,SSE,小金属,20160801,
603665.SH,康隆达,SSE,服饰,20170313,
603666.SH,亿嘉和,SSE,专用机械,20180612,
603667.SH,五洲新春,SSE,机械基件,20161025,
603668.SH,天马科技,SSE,饲料,20170117,
603669.SH,灵康药业,SSE,化学制药,20150528,
603676.SH,卫信康,SSE,化学制药,20170721,
603677.SH,奇精机械,SSE,家用电器,20170206,
603678.SH,火炬电子,SSE,元器件,20150126,
603679.SH,华体科技,SSE,电气设备,20170621,
603680.SH,今创集团,SSE,运输设备,20180227,
603681.SH,永冠新材,SSE,化工原料,20190326,
603682.SH,锦和商管,SSE,房产服务,20200421,
603683.SH,晶华新材,SSE,化工原料,20171020,
603685.SH,晨丰科技,SSE,电气设备,20171127,
603686.SH,福龙马,SSE,环境保护,20150126,
603687.SH,大胜达,SSE,广告包装,20190726,
603688.SH,石英股份,SSE,矿物制品,20141031,
603689.SH,皖天然气,SSE,供气供热,20170110,
603690.SH,至纯科技,SSE,半导体,20170113,
603693.SH,江苏新能,SSE,新型电力,20180703,
603696.SH,安记食品,SSE,食品,20151209,
603697.SH,有友食品,SSE,食品,20190508,
603698.SH,航天工程,SSE,专用机械,20150128,
603699.SH,纽威股份,SSE,机械基件,20140117,
603700.SH,宁水集团,SSE,电器仪表,20190122,
603701.SH,德宏股份,SSE,汽车配件,20160412,
603703.SH,盛洋科技,SSE,元器件,20150423,
603706.SH,东方环宇,SSE,供气供热,20180709,
603707.SH,健友股份,SSE,生物制药,20170719,
603708.SH,家家悦,SSE,超市连锁,20161213,
603709.SH,中源家居,SSE,家居用品,20180208,
603711.SH,香飘飘,SSE,软饮料,20171130,
603712.SH,七一二,SSE,通信设备,20180226,
603713.SH,密尔克卫,SSE,仓储物流,20180713,
603716.SH,塞力医疗,SSE,医药商业,20161031,
603717.SH,天域生物,SSE,农业综合,20170327,
603718.SH,海利生物,SSE,农业综合,20150515,
603719.SH,良品铺子,SSE,食品,20200224,
603722.SH,阿科力,SSE,化工原料,20171025,
603725.SH,天安新材,SSE,塑料,20170906,
603726.SH,朗迪集团,SSE,家用电器,20160421,
603727.SH,博迈科,SSE,石油开采,20161122,
603728.SH,鸣志电器,SSE,电气设备,20170509,
603729.SH,龙韵股份,SSE,广告包装,20150324,
603730.SH,岱美股份,SSE,汽车配件,20170728,
603733.SH,仙鹤股份,SSE,造纸,20180420,
603737.SH,三棵树,SSE,染料涂料,20160603,
603738.SH,泰晶科技,SSE,元器件,20160928,
603739.SH,蔚蓝生物,SSE,农业综合,20190116,
603755.SH,日辰股份,SSE,食品,20190828,
603757.SH,大元泵业,SSE,机械基件,20170711,
603758.SH,秦安股份,SSE,汽车配件,20170517,
603759.SH,海天股份,SSE,水务,20210326,
603766.SH,隆鑫通用,SSE,摩托车,20120810,
603767.SH,中马传动,SSE,汽车配件,20170613,
603768.SH,常青股份,SSE,汽车配件,20170324,
603773.SH,沃格光电,SSE,元器件,20180417,
603776.SH,永安行,SSE,公共交通,20170817,
603777.SH,来伊份,SSE,食品,20161012,
603778.SH,国晟科技,SSE,电气设备,20151231,
603779.SH,威龙股份,SSE,红黄酒,20160516,
603786.SH,科博达,SSE,汽车配件,20191015,
603787.SH,新日股份,SSE,摩托车,20170427,
603788.SH,宁波高发,SSE,汽车配件,20150120,
603790.SH,雅运股份,SSE,染料涂料,20180912,
603797.SH,联泰环保,SSE,环境保护,20170413,
603798.SH,康普顿,SSE,石油加工,20160406,
603799.SH,华友钴业,SSE,小金属,20150129,
603800.SH,洪田股份,SSE,专用机械,20151210,
603801.SH,志邦家居,SSE,家居用品,20170630,
603803.SH,瑞斯康达,SSE,通信设备,20170420,
603806.SH,福斯特,SSE,塑料,20140905,
603808.SH,歌力思,SSE,服饰,20150422,
603809.SH,豪能股份,SSE,汽车配件,20171128,
603810.SH,丰山集团,SSE,农药化肥,20180917,
603811.SH,诚意药业,SSE,化学制药,20170315,
603815.SH,交建股份,SSE,建筑工程,20191021,
603816.SH,顾家家居,SSE,家居用品,20161014,
603817.SH,海峡环保,SSE,环境保护,20170220,
603818.SH,曲美家居,SSE,家居用品,20150422,
603819.SH,神力股份,SSE,电气设备,20161125,
603823.SH,百合花,SSE,染料涂料,20161220,
603826.SH,坤彩科技,SSE,染料涂料,20170414,
603829.SH,洛凯股份,SSE,电气设备,20171017,
603833.SH,欧派家居,SSE,家居用品,20170328,
603836.SH,海程邦达,SSE,仓储物流,20210526,
603839.SH,安正时尚,SSE,服饰,20170214,
603848.SH,好太太,SSE,家居用品,20171201,
603855.SH,华荣股份,SSE,专用机械,20170524,
603856.SH,东宏股份,SSE,塑料,20171106,
603858.SH,步长制药,SSE,中成药,20161118,
603859.SH,能科科技,SSE,软件服务,20161021,
603860.SH,中公高科,SSE,建筑工程,20170802,
603861.SH,白云电器,SSE,电气设备,20160322,
603863.SH,松炀资源,SSE,造纸,20190621,
603866.SH,桃李面包,SSE,食品,20151222,
603867.SH,新化股份,SSE,化工原料,20190627,
603868.SH,飞科电器,SSE,家用电器,20160418,
603871.SH,嘉友国际,SSE,仓储物流,20180206,
603876.SH,鼎胜新材,SSE,铝,20180418,
603877.SH,太平鸟,SSE,服饰,20170109,
603878.SH,武进不锈,SSE,钢加工,20161219,
603879.SH,永悦科技,SSE,化工原料,20170614,
603880.SH,南卫股份,SSE,医疗保健,20170807,
603881.SH,数据港,SSE,软件服务,20170208,
603882.SH,金域医学,SSE,医疗保健,20170908,
603883.SH,老百姓,SSE,医药商业,20150423,
603885.SH,吉祥航空,SSE,空运,20150527,
603886.SH,元祖股份,SSE,食品,20161228,
603887.SH,城地香江,SSE,软件服务,20161010,
603888.SH,新华网,SSE,互联网,20161028,
603889.SH,新澳股份,SSE,纺织,20141231,
603890.SH,春秋电子,SSE,元器件,20171212,
603893.SH,瑞芯微,SSE,半导体,20200207,
603895.SH,天永智能,SSE,专用机械,20180122,
603896.SH,寿仙谷,SSE,中成药,20170510,
603897.SH,长城科技,SSE,电气设备,20180410,
603898.SH,好莱客,SSE,家居用品,20150217,
603899.SH,晨光股份,SSE,文教休闲,20150127,
603900.SH,莱绅通灵,SSE,服饰,20161123,
603901.SH,永创智能,SSE,专用机械,20150529,
603903.SH,中持股份,SSE,环境保护,20170314,
603906.SH,龙蟠科技,SSE,电气设备,20170410,
603908.SH,牧高笛,SSE,纺织,20170307,
603909.SH,建发合诚,SSE,建筑工程,20160628,
603912.SH,佳力图,SSE,专用机械,20171101,
603915.SH,国茂股份,SSE,机械基件,20190614,
603916.SH,苏博特,SSE,化工原料,20171110,
603917.SH,合力科技,SSE,汽车配件,20171204,
603918.SH,金桥信息,SSE,软件服务,20150528,
603919.SH,金徽酒,SSE,白酒,20160310,
603920.SH,世运电路,SSE,元器件,20170426,
603922.SH,金鸿顺,SSE,汽车配件,20171023,
603926.SH,铁流股份,SSE,汽车配件,20170510,
603927.SH,中科软,SSE,软件服务,20190909,
603928.SH,兴业股份,SSE,化工原料,20161212,
603929.SH,亚翔集成,SSE,装修装饰,20161230,
603931.SH,格林达,SSE,化工原料,20200819,
603933.SH,睿能科技,SSE,元器件,20170706,
603936.SH,博敏电子,SSE,元器件,20151209,
603937.SH,丽岛新材,SSE,铝,20171102,
603938.SH,三孚股份,SSE,化工原料,20170628,
603939.SH,益丰药房,SSE,医药商业,20150217,
603948.SH,建业股份,SSE,化工原料,20200302,
603949.SH,雪龙集团,SSE,汽车配件,20200310,
603950.SH,长源东谷,SSE,汽车配件,20200526,
603955.SH,大千生态,SSE,建筑工程,20170310,
603956.SH,威派格,SSE,专用机械,20190222,
603958.SH,哈森股份,SSE,服饰,20160629,
603959.SH,百利科技,SSE,建筑工程,20160517,
603960.SH,克来机电,SSE,汽车配件,20170314,
603966.SH,法兰泰克,SSE,专用机械,20170125,
603967.SH,中创物流,SSE,仓储物流,20190429,
603968.SH,醋化股份,SSE,化工原料,20150518,
603969.SH,银龙股份,SSE,其他建材,20150227,
603970.SH,中农立华,SSE,农药化肥,20171116,
603976.SH,正川股份,SSE,医疗保健,20170822,
603977.SH,国泰集团,SSE,化工原料,20161111,
603978.SH,深圳新星,SSE,小金属,20170807,
603979.SH,金诚信,SSE,铜,20150630,
603980.SH,吉华集团,SSE,染料涂料,20170615,
603982.SH,泉峰汽车,SSE,汽车配件,20190522,
603983.SH,丸美生物,SSE,日用化工,20190725,
603985.SH,恒润股份,SSE,电气设备,20170505,
603986.SH,兆易创新,SSE,半导体,20160818,
603987.SH,康德莱,SSE,医疗保健,20161121,
603988.SH,中电电机,SSE,电气设备,20141104,
603989.SH,艾华集团,SSE,元器件,20150515,
603990.SH,麦迪科技,SSE,软件服务,20161208,
603991.SH,至正股份,SSE,半导体,20170308,
603992.SH,松霖科技,SSE,家居用品,20190826,
603993.SH,洛阳钼业,SSE,小金属,20121009,
603995.SH,甬金股份,SSE,特种钢,20191224,
603997.SH,继峰股份,SSE,汽车配件,20150302,
603998.SH,方盛制药,SSE,中成药,20141205,
603999.SH,读者传媒,SSE,出版业,20151210,
605001.SH,威奥股份,SSE,运输设备,20200522,
605003.SH,众望布艺,SSE,纺织,20200908,
605005.SH,合兴股份,SSE,汽车配件,20210119,
605006.SH,山东玻纤,SSE,玻璃,20200903,
605007.SH,五洲特纸,SSE,造纸,20201110,
605008.SH,长鸿高科,SSE,橡胶,20200821,
605009.SH,豪悦护理,SSE,造纸,20200911,
605011.SH,杭州热电,SSE,供气供热,20210630,
605016.SH,百龙创园,SSE,食品,20210421,
605018.SH,长华集团,SSE,汽车配件,20200929,
605020.SH,永和股份,SSE,化工原料,20210709,
605028.SH,世茂能源,SSE,供气供热,20210712,
605033.SH,美邦股份,SSE,农药化肥,20210916,
605050.SH,福然德,SSE,仓储物流,20200924,
605055.SH,迎丰股份,SSE,纺织,20210129,
605056.SH,咸亨国际,SSE,电器仪表,20210720,
605058.SH,澳弘电子,SSE,元器件,20201021,
605060.SH,联德股份,SSE,机械基件,20210301,
605066.SH,天正电气,SSE,电气设备,20200807,
605068.SH,明新旭腾,SSE,汽车配件,20201123,
605069.SH,正和生态,SSE,环境保护,20210816,
605077.SH,华康股份,SSE,食品,20210209,
605080.SH,浙江自然,SSE,文教休闲,20210506,
605086.SH,龙高股份,SSE,矿物制品,20210416,
605088.SH,冠盛股份,SSE,汽车配件,20200817,
605089.SH,味知香,SSE,食品,20210427,
605090.SH,九丰能源,SSE,供气供热,20210525,
605098.SH,行动教育,SSE,文教休闲,20210421,
605099.SH,共创草坪,SSE,文教休闲,20200930,
605100.SH,华丰股份,SSE,机械基件,20200811,
605108.SH,同庆楼,SSE,酒店餐饮,20200716,
605111.SH,新洁能,SSE,半导体,20200928,
605116.SH,奥锐特,SSE,化学制药,20200921,
605117.SH,德业股份,SSE,电气设备,20210420,
605118.SH,力鼎光电,SSE,元器件,20200730,
605122.SH,四方新材,SSE,水泥,20210310,
605123.SH,派克新材,SSE,航空,20200825,
605128.SH,上海沿浦,SSE,汽车配件,20200915,
605133.SH,嵘泰股份,SSE,汽车配件,20210224,
605136.SH,丽人丽妆,SSE,其他商业,20200929,
605138.SH,盛泰集团,SSE,服饰,20211027,
605151.SH,西上海,SSE,汽车配件,20201215,
605155.SH,西大门,SSE,家居用品,20201231,
605158.SH,华达新材,SSE,钢加工,20200805,
605162.SH,新中港,SSE,供气供热,20210707,
605166.SH,聚合顺,SSE,化纤,20200618,
605167.SH,利柏特,SSE,建筑工程,20210726,
605168.SH,三人行,SSE,互联网,20200528,
605169.SH,洪通燃气,SSE,供气供热,20201030,
605177.SH,东亚药业,SSE,化学制药,20201125,
605178.SH,时空科技,SSE,装修装饰,20200821,
605179.SH,一鸣食品,SSE,乳制品,20201228,
605180.SH,华生科技,SSE,纺织,20210430,
605183.SH,确成股份,SSE,化工原料,20201207,
605186.SH,健麾信息,SSE,专用机械,20201222,
605188.SH,国光连锁,SSE,超市连锁,20200728,
605189.SH,富春染织,SSE,纺织,20210528,
605196.SH,华通线缆,SSE,电气设备,20210511,
605198.SH,安德利,SSE,软饮料,20200918,
605208.SH,永茂泰,SSE,铝,20210308,
605218.SH,伟时电子,SSE,元器件,20200928,
605222.SH,起帆电缆,SSE,电气设备,20200731,
605228.SH,神通科技,SSE,汽车配件,20210120,
605255.SH,天普股份,SSE,汽车配件,20200825,
605258.SH,协和电子,SSE,元器件,20201203,
605259.SH,绿田机械,SSE,农用机械,20210615,
605266.SH,健之佳,SSE,医药商业,20201201,
605268.SH,王力安防,SSE,家居用品,20210224,
605277.SH,新亚电子,SSE,元器件,20210106,
605286.SH,同力天启,SSE,运输设备,20210322,
605287.SH,德才股份,SSE,装修装饰,20210706,
605288.SH,凯迪股份,SSE,电气设备,20200601,
605289.SH,罗曼股份,SSE,建筑工程,20210426,
605296.SH,神农集团,SSE,农业综合,20210528,
605298.SH,必得科技,SSE,运输设备,20210301,
605299.SH,舒华体育,SSE,文教休闲,20201215,
605300.SH,佳禾食品,SSE,乳制品,20210430,
605303.SH,园林股份,SSE,建筑工程,20210301,
605305.SH,中际联合,SSE,工程机械,20210506,
605318.SH,法狮龙,SSE,其他建材,20200803,
605319.SH,无锡振华,SSE,汽车配件,20210607,
605333.SH,沪光股份,SSE,汽车配件,20200818,
605336.SH,帅丰电器,SSE,家用电器,20201019,
605337.SH,李子园,SSE,乳制品,20210208,
605338.SH,巴比食品,SSE,食品,20201012,
605339.SH,南侨食品,SSE,食品,20210518,
605358.SH,立昂微,SSE,半导体,20200911,
605365.SH,立达信,SSE,家用电器,20210720,
605366.SH,宏柏新材,SSE,化工原料,20200812,
605368.SH,蓝天燃气,SSE,供气供热,20210129,
605369.SH,拱东医疗,SSE,医疗保健,20200916,
605376.SH,博迁新材,SSE,小金属,20201208,
605377.SH,华旺科技,SSE,造纸,20201228,
605378.SH,野马电池,SSE,电气设备,20210412,
605388.SH,均瑶健康,SSE,乳制品,20200818,
605389.SH,长龄液压,SSE,机械基件,20210322,
605398.SH,新炬网络,SSE,软件服务,20210121,
605399.SH,晨光新材,SSE,化工原料,20200804,
605488.SH,福莱新材,SSE,塑料,20210513,
605499.SH,东鹏饮料,SSE,软饮料,20210527,
605500.SH,森林包装,SSE,造纸,20201222,
605507.SH,国邦医药,SSE,化学制药,20210802,
605555.SH,德昌股份,SSE,家用电器,20211021,
605566.SH,福莱蒽特,SSE,染料涂料,20211025,
605567.SH,春雪食品,SSE,食品,20211013,
605577.SH,龙版传媒,SSE,出版业,20210824,
605580.SH,恒盛能源,SSE,供气供热,20210819,
605588.SH,冠石科技,SSE,元器件,20210812,
605589.SH,圣泉集团,SSE,化工原料,20210810,
605598.SH,上海港湾,SSE,建筑工程,20210917,
605599.SH,菜百股份,SSE,服饰,20210909,
688001.SH,华兴源创,SSE,专用机械,20190722,
688002.SH,睿创微纳,SSE,通信设备,20190722,
688003.SH,天准科技,SSE,专用机械,20190722,
688004.SH,博汇科技,SSE,软件服务,20200612,
688005.SH,容百科技,SSE,电气设备,20190722,
688006.SH,杭可科技,SSE,电气设备,20190722,
688007.SH,光峰科技,SSE,元器件,20190722,
688008.SH,澜起科技,SSE,半导体,20190722,
688009.SH,中国通号,SSE,运输设备,20190722,
688010.SH,福光股份,SSE,元器件,20190722,
688011.SH,新光光电,SSE,元器件,20190722,
688012.SH,中微公司,SSE,半导体,20190722,
688013.SH,天臣医疗,SSE,医疗保健,20200928,
688015.SH,交控科技,SSE,运输设备,20190722,
688016.SH,心脉医疗,SSE,医疗保健,20190722,
688017.SH,绿的谐波,SSE,机械基件,20200828,
688018.SH,乐鑫科技,SSE,半导体,20190722,
688019.SH,安集科技,SSE,半导体,20190722,
688020.SH,方邦股份,SSE,元器件,20190722,
688021.SH,奥福科技,SSE,汽车配件,20191106,
688022.SH,瀚川智能,SSE,专用机械,20190722,
688023.SH,安恒信息,SSE,软件服务,20191105,
688025.SH,杰普特,SSE,专用机械,20191031,
688026.SH,洁特生物,SSE,医疗保健,20200122,
688027.SH,国盾量子,SSE,通信设备,20200709,
688028.SH,沃尔德,SSE,机械基件,20190722,
688029.SH,南微医学,SSE,医疗保健,20190722,
688030.SH,山石网科,SSE,软件服务,20190930,
688031.SH,星环科技-U,SSE,软件服务,20221018,
688032.SH,禾迈股份,SSE,电气设备,20211220,
688033.SH,天宜新材,SSE,电气设备,20190722,
688035.SH,德邦科技,SSE,半导体,20220919,
688036.SH,传音控股,SSE,通信设备,20190930,
688037.SH,芯源微,SSE,半导体,20191216,
688038.SH,中科通达,SSE,软件服务,20210713,
688039.SH,当虹科技,SSE,软件服务,20191211,
688041.SH,海光信息,SSE,半导体,20220812,
688045.SH,必易微,SSE,半导体,20220526,
688046.SH,药康生物,SSE,生物制药,20220425,
688047.SH,龙芯中科,SSE,半导体,20220624,
688048.SH,长光华芯,SSE,半导体,20220401,
688049.SH,炬芯科技,SSE,半导体,20211129,
688050.SH,爱博医疗,SSE,医疗保健,20200729,
688051.SH,佳华科技,SSE,软件服务,20200320,
688052.SH,纳芯微,SSE,半导体,20220422,
688055.SH,龙腾光电,SSE,元器件,20200817,
688056.SH,莱伯泰科,SSE,电器仪表,20200902,
688057.SH,金达莱,SSE,环境保护,20201111,
688058.SH,宝兰德,SSE,软件服务,20191101,
688059.SH,华锐精密,SSE,机械基件,20210208,
688060.SH,云涌科技,SSE,IT设备,20200710,
688061.SH,灿瑞科技,SSE,半导体,20221018,
688062.SH,迈威生物-U,SSE,生物制药,20220118,
688063.SH,派能科技,SSE,电气设备,20201230,
688065.SH,凯赛生物,SSE,化工原料,20200812,
688066.SH,航天宏图,SSE,软件服务,20190722,
688067.SH,爱威科技,SSE,医疗保健,20210616,
688068.SH,热景生物,SSE,医疗保健,20190930,
688069.SH,德林海,SSE,环境保护,20200722,
688070.SH,纵横股份,SSE,航空,20210210,
688071.SH,华依科技,SSE,专用机械,20210729,
688072.SH,拓荆科技,SSE,半导体,20220420,
688073.SH,毕得医药,SSE,化学制药,20221011,
688075.SH,安旭生物,SSE,医疗保健,20211118,
688077.SH,大地熊,SSE,矿物制品,20200722,
688078.SH,龙软科技,SSE,软件服务,20191230,
688079.SH,美迪凯,SSE,元器件,20210302,
688080.SH,映翰通,SSE,通信设备,20200212,
688081.SH,兴图新科,SSE,软件服务,20200106,
688082.SH,盛美上海,SSE,半导体,20211118,
688083.SH,中望软件,SSE,软件服务,20210311,
688084.SH,晶品特装,SSE,专用机械,20221208,
688085.SH,三友医疗,SSE,医疗保健,20200409,
688087.SH,英科再生,SSE,环境保护,20210709,
688088.SH,虹软科技,SSE,软件服务,20190722,
688089.SH,嘉必优,SSE,食品,20191219,
688090.SH,瑞松科技,SSE,专用机械,20200217,
688091.SH,上海谊众,SSE,化学制药,20210909,
688092.SH,爱科科技,SSE,专用机械,20210319,
688093.SH,世华科技,SSE,化工原料,20200930,
688095.SH,福昕软件,SSE,软件服务,20200908,
688096.SH,京源环保,SSE,环境保护,20200409,
688097.SH,博众精工,SSE,专用机械,20210512,
688098.SH,申联生物,SSE,农业综合,20191028,
688099.SH,晶晨股份,SSE,半导体,20190808,
688100.SH,威胜信息,SSE,通信设备,20200121,
688101.SH,三达膜,SSE,环境保护,20191115,
688102.SH,斯瑞新材,SSE,铜,20220316,
688103.SH,国力电子,SSE,元器件,20210910,
688105.SH,诺唯赞,SSE,生物制药,20211115,
688106.SH,金宏气体,SSE,化工原料,20200616,
688107.SH,安路科技,SSE,半导体,20211112,
688108.SH,赛诺医疗,SSE,医疗保健,20191030,
688109.SH,品茗科技,SSE,软件服务,20210330,
688110.SH,东芯股份,SSE,半导体,20211210,
688111.SH,金山办公,SSE,软件服务,20191118,
688112.SH,鼎阳科技,SSE,电器仪表,20211201,
688113.SH,联测科技,SSE,专用机械,20210506,
688114.SH,华大智造,SSE,医疗保健,20220909,
688115.SH,思林杰,SSE,电器仪表,20220314,
688116.SH,天奈科技,SSE,化工原料,20190925,
688117.SH,圣诺生物,SSE,生物制药,20210603,
688118.SH,普元信息,SSE,软件服务,20191204,
688119.SH,中钢洛耐,SSE,其他建材,20220606,
688120.SH,华海清科,SSE,半导体,20220608,
688121.SH,卓然股份,SSE,专用机械,20210906,
688122.SH,西部超导,SSE,小金属,20190722,
688123.SH,聚辰股份,SSE,半导体,20191223,
688125.SH,安达智能,SSE,专用机械,20220415,
688126.SH,沪硅产业,SSE,半导体,20200420,
688127.SH,蓝特光学,SSE,元器件,20200921,
688128.SH,中国电研,SSE,专用机械,20191105,
688129.SH,东来技术,SSE,染料涂料,20201023,
688130.SH,晶华微,SSE,半导体,20220729,
688131.SH,皓元医药,SSE,化学制药,20210608,
688132.SH,邦彦技术,SSE,通信设备,20220923,
688133.SH,泰坦科技,SSE,化工原料,20201030,
688135.SH,利扬芯片,SSE,半导体,20201111,
688136.SH,科兴制药,SSE,生物制药,20201214,
688137.SH,近岸蛋白,SSE,生物制药,20220929,
688138.SH,清溢光电,SSE,半导体,20191120,
688139.SH,海尔生物,SSE,医疗保健,20191025,
688141.SH,杰华特,SSE,半导体,20221223,
688143.SH,长盈通,SSE,通信设备,20221212,
688146.SH,中船特气,SSE,半导体,20230421,
688147.SH,微导纳米,SSE,专用机械,20221223,
688148.SH,芳源股份,SSE,电气设备,20210806,
688150.SH,莱特光电,SSE,元器件,20220318,
688151.SH,华强科技,SSE,医疗保健,20211206,
688152.SH,麒麟信安,SSE,软件服务,20221028,
688153.SH,唯捷创芯,SSE,半导体,20220412,
688155.SH,先惠技术,SSE,电气设备,20200811,
688156.SH,路德科技,SSE,饲料,20200922,
688157.SH,松井股份,SSE,染料涂料,20200609,
688158.SH,优刻得-W,SSE,软件服务,20200120,
688159.SH,有方科技,SSE,通信设备,20200123,
688160.SH,步科股份,SSE,电器仪表,20201112,
688161.SH,威高骨科,SSE,医疗保健,20210630,
688162.SH,巨一科技,SSE,专用机械,20211110,
688163.SH,赛伦生物,SSE,生物制药,20220311,
688165.SH,埃夫特-U,SSE,专用机械,20200715,
688166.SH,博瑞医药,SSE,化学制药,20191108,
688167.SH,炬光科技,SSE,元器件,20211224,
688168.SH,安博通,SSE,软件服务,20190906,
688169.SH,石头科技,SSE,家用电器,20200221,
688170.SH,德龙激光,SSE,专用机械,20220429,
688171.SH,纬德信息,SSE,软件服务,20220127,
688172.SH,燕东微,SSE,半导体,20221216,
688173.SH,希荻微,SSE,半导体,20220121,
688175.SH,高凌信息,SSE,通信设备,20220315,
688176.SH,亚虹医药-U,SSE,化学制药,20220107,
688177.SH,百奥泰,SSE,生物制药,20200221,
688178.SH,万德斯,SSE,环境保护,20200114,
688179.SH,阿拉丁,SSE,化学制药,20201026,
688180.SH,君实生物-U,SSE,生物制药,20200715,
688181.SH,八亿时空,SSE,元器件,20200106,
688182.SH,灿勤科技,SSE,通信设备,20211116,
688183.SH,生益电子,SSE,元器件,20210225,
688185.SH,康希诺,SSE,生物制药,20200813,
688186.SH,广大特材,SSE,特种钢,20200211,
688187.SH,时代电气,SSE,运输设备,20210907,
688188.SH,柏楚电子,SSE,专用机械,20190808,
688189.SH,南新制药,SSE,化学制药,20200326,
688190.SH,云路股份,SSE,矿物制品,20211126,
688191.SH,智洋创新,SSE,软件服务,20210408,
688192.SH,迪哲医药-U,SSE,生物制药,20211210,
688193.SH,仁度生物,SSE,医疗保健,20220330,
688195.SH,腾景科技,SSE,元器件,20210326,
688196.SH,卓越新能,SSE,环境保护,20191121,
688197.SH,首药控股-U,SSE,化学制药,20220323,
688198.SH,佰仁医疗,SSE,医疗保健,20191209,
688199.SH,久日新材,SSE,化工原料,20191105,
688200.SH,华峰测控,SSE,半导体,20200218,
688201.SH,信安世纪,SSE,软件服务,20210421,
688202.SH,美迪西,SSE,医疗保健,20191105,
688203.SH,海正生材,SSE,塑料,20220816,
688205.SH,德科立,SSE,通信设备,20220809,
688206.SH,概伦电子,SSE,半导体,20211228,
688207.SH,格灵深瞳,SSE,软件服务,20220317,
688208.SH,道通科技,SSE,IT设备,20200213,
688209.SH,英集芯,SSE,半导体,20220419,
688210.SH,统联精密,SSE,元器件,20211227,
688211.SH,中科微至,SSE,专用机械,20211026,
688212.SH,澳华内镜,SSE,医疗保健,20211115,
688213.SH,思特威-W,SSE,半导体,20220520,
688215.SH,瑞晟智能,SSE,专用机械,20200828,
688216.SH,气派科技,SSE,半导体,20210623,
688217.SH,睿昂基因,SSE,医疗保健,20210517,
688218.SH,江苏北人,SSE,专用机械,20191211,
688219.SH,会通股份,SSE,塑料,20201118,
688220.SH,翱捷科技-U,SSE,半导体,20220114,
688221.SH,前沿生物-U,SSE,生物制药,20201028,
688222.SH,成都先导,SSE,化学制药,20200416,
688223.SH,晶科能源,SSE,电气设备,20220126,
688225.SH,亚信安全,SSE,软件服务,20220209,
688226.SH,威腾电气,SSE,电气设备,20210707,
688227.SH,品高股份,SSE,软件服务,20211230,
688228.SH,开普云,SSE,软件服务,20200327,
688229.SH,博睿数据,SSE,软件服务,20200817,
688230.SH,芯导科技,SSE,半导体,20211201,
688231.SH,隆达股份,SSE,航空,20220722,
688232.SH,新点软件,SSE,软件服务,20211117,
688233.SH,神工股份,SSE,半导体,20200221,
688234.SH,天岳先进,SSE,半导体,20220112,
688235.SH,百济神州-U,SSE,生物制药,20211215,
688236.SH,春立医疗,SSE,医疗保健,20211230,
688237.SH,超卓航科,SSE,航空,20220701,
688238.SH,和元生物,SSE,医疗保健,20220322,
688239.SH,航宇科技,SSE,航空,20210705,
688244.SH,永信至诚,SSE,软件服务,20221019,
688246.SH,嘉和美康,SSE,软件服务,20211214,
688247.SH,宣泰医药,SSE,化学制药,20220825,
688248.SH,南网科技,SSE,电气设备,20211222,
688249.SH,晶合集成,SSE,半导体,20230505,
688251.SH,井松智能,SSE,专用机械,20220606,
688252.SH,天德钰,SSE,半导体,20220927,
688253.SH,英诺特,SSE,医疗保健,20220728,
688255.SH,凯尔达,SSE,机械基件,20211025,
688256.SH,寒武纪,SSE,半导体,20200720,
688257.SH,新锐股份,SSE,机械基件,20211027,
688258.SH,卓易信息,SSE,软件服务,20191209,
688259.SH,创耀科技,SSE,半导体,20220112,
688260.SH,昀冢科技,SSE,元器件,20210406,
688261.SH,东微半导,SSE,半导体,20220210,
688262.SH,国芯科技,SSE,半导体,20220106,
688265.SH,南模生物,SSE,医疗保健,20211228,
688266.SH,泽璟制药-U,SSE,生物制药,20200123,
688267.SH,中触媒,SSE,化工原料,20220216,
688268.SH,华特气体,SSE,化工原料,20191226,
688269.SH,凯立新材,SSE,化工原料,20210609,
688270.SH,臻镭科技,SSE,半导体,20220127,
688271.SH,联影医疗,SSE,医疗保健,20220822,
688272.SH,富吉瑞,SSE,元器件,20211018,
688273.SH,麦澜德,SSE,医疗保健,20220811,
688275.SH,万润新能,SSE,电气设备,20220929,
688276.SH,百克生物,SSE,生物制药,20210625,
688277.SH,天智航-U,SSE,医疗保健,20200707,
688278.SH,特宝生物,SSE,生物制药,20200117,
688279.SH,峰岹科技,SSE,半导体,20220420,
688280.SH,精进电动-UW,SSE,汽车配件,20211027,
688281.SH,华秦科技,SSE,航空,20220307,
688282.SH,理工导航,SSE,通信设备,20220318,
688283.SH,坤恒顺维,SSE,电器仪表,20220215,
688285.SH,高铁电气,SSE,运输设备,20211020,
688286.SH,敏芯股份,SSE,半导体,20200810,
688288.SH,鸿泉技术,SSE,IT设备,20191106,
688289.SH,圣湘生物,SSE,医疗保健,20200828,
688290.SH,景业智能,SSE,专用机械,20220429,
688291.SH,金橙子,SSE,软件服务,20221026,
688292.SH,浩瀚深度,SSE,通信设备,20220818,
688293.SH,奥浦迈,SSE,生物制药,20220902,
688295.SH,中复神鹰,SSE,化纤,20220406,
688296.SH,和达科技,SSE,软件服务,20210727,
688297.SH,中无人机,SSE,航空,20220629,
688298.SH,东方生物,SSE,医疗保健,20200205,
688299.SH,长阳科技,SSE,元器件,20191106,
688300.SH,联瑞新材,SSE,矿物制品,20191115,
688301.SH,奕瑞科技,SSE,医疗保健,20200918,
688302.SH,海创药业-U,SSE,生物制药,20220412,
688303.SH,大全能源,SSE,电气设备,20210722,
688305.SH,科德数控,SSE,机床制造,20210709,
688306.SH,均普智能,SSE,专用机械,20220322,
688307.SH,中润光学,SSE,元器件,20230216,
688308.SH,欧科亿,SSE,机械基件,20201210,
688309.SH,恒誉环保,SSE,环境保护,20200714,
688310.SH,迈得医疗,SSE,医疗保健,20191203,
688311.SH,盟升电子,SSE,元器件,20200731,
688312.SH,燕麦科技,SSE,专用机械,20200608,
688313.SH,仕佳光子,SSE,通信设备,20200812,
688314.SH,康拓医疗,SSE,医疗保健,20210518,
688315.SH,诺禾致源,SSE,医疗保健,20210413,
688316.SH,青云科技-U,SSE,软件服务,20210316,
688317.SH,之江生物,SSE,医疗保健,20210118,
688318.SH,财富趋势,SSE,软件服务,20200427,
688319.SH,欧林生物,SSE,生物制药,20210608,
688320.SH,禾川科技,SSE,电器仪表,20220428,
688321.SH,微芯生物,SSE,化学制药,20190812,
688322.SH,奥比中光-UW,SSE,元器件,20220707,
688323.SH,瑞华泰,SSE,塑料,20210428,
688325.SH,赛微微电,SSE,半导体,20220422,
688326.SH,经纬恒润-W,SSE,汽车配件,20220419,
688327.SH,云从科技-UW,SSE,软件服务,20220527,
688328.SH,深科达,SSE,专用机械,20210309,
688329.SH,艾隆科技,SSE,专用机械,20210329,
688330.SH,宏力达,SSE,电气设备,20201015,
688331.SH,荣昌生物,SSE,生物制药,20220331,
688332.SH,中科蓝讯,SSE,半导体,20220715,
688333.SH,铂力特,SSE,机械基件,20190722,
688334.SH,西高院,SSE,电气设备,20230619,
688335.SH,复洁科技,SSE,环境保护,20200817,
688336.SH,三生国健,SSE,生物制药,20200722,
688337.SH,普源精电,SSE,电器仪表,20220408,
688338.SH,赛科希德,SSE,医疗保健,20200806,
688339.SH,亿华通-U,SSE,汽车配件,20200810,
688343.SH,云天励飞-U,SSE,软件服务,20230404,
688345.SH,博力威,SSE,电气设备,20210611,
688347.SH,华虹公司,SSE,半导体,20230807,
688348.SH,昱能科技,SSE,电气设备,20220608,
688349.SH,三一重能,SSE,电气设备,20220622,
688350.SH,富淼科技,SSE,化工原料,20210128,
688351.SH,微电生理,SSE,医疗保健,20220831,
688352.SH,颀中科技,SSE,半导体,20230420,
688353.SH,华盛锂电,SSE,化工原料,20220713,
688355.SH,明志科技,SSE,机械基件,20210512,
688356.SH,键凯科技,SSE,化学制药,20200826,
688357.SH,建龙微纳,SSE,化工原料,20191204,
688358.SH,祥生医疗,SSE,医疗保健,20191203,
688359.SH,三孚新科,SSE,化工原料,20210521,
688360.SH,德马科技,SSE,机械基件,20200602,
688361.SH,中科飞测,SSE,半导体,20230519,
688362.SH,甬矽电子,SSE,半导体,20221116,
688363.SH,华熙生物,SSE,医疗保健,20191106,
688365.SH,光云科技,SSE,软件服务,20200429,
688366.SH,昊海生科,SSE,医疗保健,20191030,
688367.SH,工大高科,SSE,运输设备,20210628,
688368.SH,晶丰明源,SSE,半导体,20191014,
688369.SH,致远互联,SSE,软件服务,20191031,
688370.SH,丛麟科技,SSE,环境保护,20220825,
688371.SH,菲沃泰,SSE,元器件,20220802,
688372.SH,伟测科技,SSE,半导体,20221026,
688373.SH,盟科药业-U,SSE,化学制药,20220805,
688375.SH,国博电子,SSE,元器件,20220722,
688376.SH,美埃科技,SSE,专用机械,20221118,
688377.SH,迪威尔,SSE,专用机械,20200708,
688378.SH,奥来德,SSE,专用机械,20200903,
688379.SH,华光新材,SSE,机械基件,20200819,
688380.SH,中微半导,SSE,半导体,20220805,
688381.SH,帝奥微,SSE,半导体,20220823,
688382.SH,益方生物-U,SSE,生物制药,20220725,
688383.SH,新益昌,SSE,专用机械,20210428,
688385.SH,复旦微电,SSE,半导体,20210804,
688386.SH,泛亚微透,SSE,化工原料,20201016,
688387.SH,信科移动-U,SSE,通信设备,20220926,
688388.SH,嘉元科技,SSE,电气设备,20190722,
688389.SH,普门科技,SSE,医疗保健,20191105,
688390.SH,固德威,SSE,电气设备,20200904,
688391.SH,钜泉科技,SSE,半导体,20220913,
688392.SH,骄成超声,SSE,专用机械,20220927,
688393.SH,安必平,SSE,医疗保健,20200820,
688395.SH,正弦电气,SSE,机械基件,20210429,
688396.SH,华润微,SSE,半导体,20200227,
688398.SH,赛特新材,SSE,矿物制品,20200211,
688399.SH,硕世生物,SSE,医疗保健,20191205,
688400.SH,凌云光,SSE,专用机械,20220706,
688401.SH,路维光电,SSE,半导体,20220817,
688403.SH,汇成股份,SSE,半导体,20220818,
688408.SH,中信博,SSE,电气设备,20200828,
688409.SH,富创精密,SSE,半导体,20221010,
688410.SH,山外山,SSE,医疗保健,20221226,
688411.SH,海博思创,SSE,电气设备,20250127,
688416.SH,恒烁股份,SSE,半导体,20220829,
688418.SH,震有科技,SSE,通信设备,20200722,
688419.SH,耐科装备,SSE,半导体,20221107,
688420.SH,美腾科技,SSE,专用机械,20221209,
688425.SH,铁建重工,SSE,工程机械,20210622,
688426.SH,康为世纪,SSE,生物制药,20221025,
688428.SH,诺诚健华,SSE,生物制药,20220921,
688429.SH,时创能源,SSE,电气设备,20230629,
688432.SH,有研硅,SSE,半导体,20221110,
688433.SH,华曙高科,SSE,专用机械,20230417,
688435.SH,英方软件,SSE,软件服务,20230119,
688439.SH,振华风光,SSE,元器件,20220826,
688443.SH,智翔金泰-U,SSE,生物制药,20230620,
688448.SH,磁谷科技,SSE,专用机械,20220921,
688449.SH,联芸科技,SSE,半导体,20241129,
688450.SH,光格科技,SSE,电器仪表,20230724,
688455.SH,科捷智能,SSE,机械基件,20220915,
688456.SH,有研粉材,SSE,铜,20210317,
688458.SH,美芯晟,SSE,半导体,20230522,
688459.SH,哈铁科技,SSE,运输设备,20221012,
688466.SH,金科环境,SSE,环境保护,20200508,
688468.SH,科美诊断,SSE,医疗保健,20210409,
688469.SH,芯联集成-U,SSE,半导体,20230510,
688472.SH,阿特斯,SSE,电气设备,20230609,
688475.SH,萤石网络,SSE,IT设备,20221228,
688478.SH,晶升股份,SSE,半导体,20230424,
688479.SH,友车科技,SSE,软件服务,20230511,
688480.SH,赛恩斯,SSE,环境保护,20221125,
688484.SH,南芯科技,SSE,半导体,20230407,
688485.SH,九州一轨,SSE,运输设备,20230118,
688486.SH,龙迅股份,SSE,半导体,20230221,
688488.SH,艾迪药业,SSE,生物制药,20200720,
688489.SH,三未信安,SSE,IT设备,20221202,
688496.SH,清越科技,SSE,元器件,20221228,
688498.SH,源杰科技,SSE,半导体,20221221,
688499.SH,利元亨,SSE,专用机械,20210701,
688500.SH,慧辰股份,SSE,互联网,20200716,
688501.SH,青达环保,SSE,环境保护,20210716,
688502.SH,茂莱光学,SSE,元器件,20230309,
688503.SH,聚和材料,SSE,电气设备,20221209,
688505.SH,复旦张江,SSE,化学制药,20200619,
688506.SH,百利天恒,SSE,化学制药,20230106,
688507.SH,索辰科技,SSE,软件服务,20230418,
688508.SH,芯朋微,SSE,半导体,20200722,
688509.SH,正元地信,SSE,软件服务,20210730,
688510.SH,航亚科技,SSE,航空,20201216,
688512.SH,慧智微-U,SSE,半导体,20230516,
688513.SH,苑东生物,SSE,化学制药,20200902,
688515.SH,裕太微-U,SSE,半导体,20230210,
688516.SH,奥特维,SSE,专用机械,20200521,
688517.SH,金冠电气,SSE,电气设备,20210618,
688518.SH,联赢激光,SSE,专用机械,20200622,
688519.SH,南亚新材,SSE,元器件,20200818,
688520.SH,神州细胞,SSE,生物制药,20200622,
688521.SH,芯原股份,SSE,半导体,20200818,
688522.SH,纳睿雷达,SSE,通信设备,20230301,
688523.SH,航天环宇,SSE,航空,20230602,
688525.SH,佰维存储,SSE,半导体,20221230,
688526.SH,科前生物,SSE,农业综合,20200922,
688528.SH,秦川物联,SSE,电器仪表,20200701,
688529.SH,豪森智能,SSE,专用机械,20201109,
688530.SH,欧莱新材,SSE,半导体,20240509,
688531.SH,日联科技,SSE,专用机械,20230331,
688533.SH,上声电子,SSE,汽车配件,20210419,
688535.SH,华海诚科,SSE,半导体,20230404,
688536.SH,思瑞浦,SSE,半导体,20200921,
688538.SH,和辉光电-U,SSE,半导体,20210528,
688539.SH,高华科技,SSE,电器仪表,20230418,
688543.SH,国科军工,SSE,专用机械,20230621,
688545.SH,兴福电子,SSE,元器件,20250122,
688548.SH,广钢气体,SSE,化工原料,20230815,
688549.SH,中巨芯-U,SSE,元器件,20230908,
688550.SH,瑞联新材,SSE,化工原料,20200902,
688551.SH,科威尔,SSE,专用机械,20200910,
688552.SH,航天南湖,SSE,通信设备,20230518,
688553.SH,汇宇制药-W,SSE,化学制药,20211026,
688556.SH,高测股份,SSE,专用机械,20200807,
688557.SH,兰剑智能,SSE,专用机械,20201202,
688558.SH,国盛智科,SSE,机床制造,20200630,
688559.SH,海目星,SSE,专用机械,20200909,
688560.SH,明冠新材,SSE,电气设备,20201224,
688561.SH,奇安信-U,SSE,软件服务,20200722,
688562.SH,航天软件,SSE,软件服务,20230524,
688563.SH,航材股份,SSE,航空,20230719,
688565.SH,力源科技,SSE,环境保护,20210513,
688566.SH,吉贝尔,SSE,化学制药,20200518,
688567.SH,孚能科技,SSE,电气设备,20200717,
688568.SH,中科星图,SSE,软件服务,20200708,
688569.SH,铁科轨道,SSE,运输设备,20200831,
688570.SH,天玛智控,SSE,专用机械,20230605,
688571.SH,杭华股份,SSE,染料涂料,20201211,
688573.SH,信宇人,SSE,专用机械,20230817,
688575.SH,亚辉龙,SSE,医疗保健,20210517,
688576.SH,西山科技,SSE,医疗保健,20230606,
688577.SH,浙海德曼,SSE,机床制造,20200916,
688578.SH,艾力斯,SSE,化学制药,20201202,
688579.SH,地纬智能,SSE,软件服务,20200717,
688580.SH,伟思医疗,SSE,医疗保健,20200721,
688581.SH,安杰思,SSE,医疗保健,20230519,
688582.SH,芯动联科,SSE,元器件,20230630,
688583.SH,思看科技,SSE,电器仪表,20250115,
688584.SH,上海合晶,SSE,半导体,20240208,
688585.SH,上纬新材,SSE,化工原料,20200928,
688586.SH,江航装备,SSE,航空,20200731,
688588.SH,凌志软件,SSE,软件服务,20200511,
688589.SH,力合微,SSE,半导体,20200722,
688590.SH,新致软件,SSE,软件服务,20201207,
688591.SH,泰凌微,SSE,半导体,20230825,
688592.SH,司南导航,SSE,通信设备,20230816,
688593.SH,新相微,SSE,半导体,20230601,
688595.SH,芯海科技,SSE,半导体,20200928,
688596.SH,正帆科技,SSE,专用机械,20200820,
688597.SH,煜邦电力,SSE,电器仪表,20210617,
688598.SH,金博股份,SSE,矿物制品,20200518,
688599.SH,天合光能,SSE,电气设备,20200610,
688600.SH,皖仪科技,SSE,电器仪表,20200703,
688601.SH,力芯微,SSE,半导体,20210628,
688602.SH,康鹏科技,SSE,化工原料,20230720,
688603.SH,天承科技,SSE,化工原料,20230710,
688605.SH,先锋精科,SSE,半导体,20241212,
688606.SH,奥泰生物,SSE,医疗保健,20210325,
688607.SH,康众医疗,SSE,医疗保健,20210201,
688608.SH,恒玄科技,SSE,半导体,20201216,
688609.SH,九联科技,SSE,家用电器,20210323,
688610.SH,埃科光电,SSE,电器仪表,20230719,
688611.SH,杭州柯林,SSE,电气设备,20210412,
688612.SH,威迈斯,SSE,汽车配件,20230726,
688613.SH,奥精医疗,SSE,医疗保健,20210521,
688615.SH,合合信息,SSE,软件服务,20240926,
688616.SH,西力科技,SSE,电器仪表,20210318,
688617.SH,惠泰医疗,SSE,医疗保健,20210107,
688618.SH,三旺通信,SSE,通信设备,20201230,
688619.SH,罗普特,SSE,软件服务,20210223,
688620.SH,安凯微,SSE,半导体,20230627,
688621.SH,阳光诺和,SSE,医疗保健,20210621,
688622.SH,禾信仪器,SSE,电器仪表,20210913,
688623.SH,双元科技,SSE,专用机械,20230608,
688625.SH,呈和科技,SSE,化工原料,20210607,
688626.SH,翔宇医疗,SSE,医疗保健,20210331,
688627.SH,精智达,SSE,专用机械,20230718,
688628.SH,优利德,SSE,电器仪表,20210201,
688629.SH,华丰科技,SSE,元器件,20230627,
688630.SH,芯碁微装,SSE,专用机械,20210401,
688631.SH,莱斯信息,SSE,软件服务,20230628,
688633.SH,星球石墨,SSE,专用机械,20210324,
688636.SH,智明达,SSE,元器件,20210408,
688638.SH,誉辰智能,SSE,专用机械,20230712,
688639.SH,华恒生物,SSE,化学制药,20210422,
688648.SH,中邮科技,SSE,机床制造,20231113,
688651.SH,盛邦安全,SSE,软件服务,20230726,
688652.SH,京仪装备,SSE,半导体,20231129,
688653.SH,康希通信,SSE,半导体,20231117,
688655.SH,迅捷兴,SSE,元器件,20210511,
688656.SH,浩欧博,SSE,医疗保健,20210113,
688657.SH,浩辰软件,SSE,软件服务,20231010,
688658.SH,悦康药业,SSE,化学制药,20201224,
688659.SH,元琛科技,SSE,环境保护,20210331,
688660.SH,电气风电,SSE,电气设备,20210519,
688661.SH,和林微纳,SSE,元器件,20210329,
688662.SH,富信科技,SSE,元器件,20210401,
688663.SH,新风光,SSE,电气设备,20210413,
688665.SH,四方光电,SSE,电器仪表,20210209,
688667.SH,菱电电控,SSE,汽车配件,20210312,
688668.SH,鼎通科技,SSE,通信设备,20201221,
688669.SH,聚石化学,SSE,化工原料,20210125,
688670.SH,金迪克,SSE,生物制药,20210802,
688671.SH,碧兴物联,SSE,环境保护,20230809,
688676.SH,金盘科技,SSE,电气设备,20210309,
688677.SH,海泰新光,SSE,医疗保健,20210226,
688678.SH,福立旺,SSE,元器件,20201223,
688679.SH,通源环境,SSE,环境保护,20201225,
688680.SH,海优新材,SSE,塑料,20210122,
688681.SH,科汇股份,SSE,电气设备,20210616,
688682.SH,霍莱沃,SSE,软件服务,20210420,
688683.SH,莱尔科技,SSE,元器件,20210412,
688685.SH,迈信林,SSE,航空,20210513,
688686.SH,奥普特,SSE,电器仪表,20201231,
688687.SH,凯因科技,SSE,生物制药,20210208,
688689.SH,银河微电,SSE,半导体,20210127,
688690.SH,纳微科技,SSE,化工原料,20210623,
688691.SH,灿芯股份,SSE,半导体,20240411,
688692.SH,达梦数据,SSE,软件服务,20240612,
688693.SH,锴威特,SSE,半导体,20230818,
688695.SH,中创股份,SSE,软件服务,20240313,
688696.SH,极米科技,SSE,家用电器,20210303,
688697.SH,纽威数控,SSE,机床制造,20210917,
688698.SH,伟创电气,SSE,电气设备,20201229,
688699.SH,明微电子,SSE,半导体,20201218,
688700.SH,东威科技,SSE,专用机械,20210615,
688701.SH,卓锦股份,SSE,环境保护,20210916,
688702.SH,盛科通信-U,SSE,半导体,20230914,
688707.SH,振华新材,SSE,电气设备,20210914,
688708.SH,佳驰科技,SSE,化工原料,20241205,
688709.SH,成都华微,SSE,半导体,20240207,
688710.SH,益诺思,SSE,生物制药,20240903,
688711.SH,宏微科技,SSE,半导体,20210901,
688712.SH,北芯生命-U,SSE,医疗保健,20260205,
688716.SH,中研股份,SSE,化工原料,20230920,
688717.SH,艾罗能源,SSE,电气设备,20240103,
688718.SH,唯赛勃,SSE,塑料,20210728,
688719.SH,爱科赛博,SSE,电气设备,20230928,
688720.SH,艾森股份,SSE,半导体,20231206,
688721.SH,龙图光罩,SSE,半导体,20240806,
688722.SH,同益中,SSE,化纤,20211019,
688726.SH,拉普拉斯,SSE,专用机械,20241029,
688727.SH,恒坤新材,SSE,半导体,20251118,
688728.SH,格科微,SSE,半导体,20210818,
688729.SH,屹唐股份,SSE,半导体,20250708,
688733.SH,壹石通,SSE,矿物制品,20210817,
688737.SH,中自科技,SSE,汽车配件,20211022,
688739.SH,成大生物,SSE,生物制药,20211028,
688750.SH,金天钛业,SSE,小金属,20241120,
688755.SH,汉邦科技,SSE,专用机械,20250516,
688757.SH,胜科纳米,SSE,电器仪表,20250325,
688758.SH,赛分科技,SSE,化工原料,20250110,
688759.SH,必贝特-U,SSE,生物制药,20251028,
688765.SH,禾元生物-U,SSE,生物制药,20251028,
688766.SH,普冉股份,SSE,半导体,20210823,
688767.SH,博拓生物,SSE,医疗保健,20210908,
688768.SH,容知日新,SSE,电器仪表,20210726,
688772.SH,珠海冠宇,SSE,电气设备,20211015,
688775.SH,影石创新,SSE,IT设备,20250611,
688776.SH,国光电气,SSE,元器件,20210831,
688777.SH,中控技术,SSE,专用机械,20201124,
688778.SH,厦钨新能,SSE,电气设备,20210805,
688779.SH,五矿新能,SSE,电气设备,20210811,
688781.SH,视涯科技-UW,SSE,元器件,20260325,
688783.SH,西安奕材-U,SSE,半导体,20251028,
688785.SH,恒运昌,SSE,半导体,20260128,
688786.SH,悦安新材,SSE,小金属,20210826,
688787.SH,海天瑞声,SSE,软件服务,20210813,
688788.SH,科思科技,SSE,通信设备,20201022,
688789.SH,宏华数科,SSE,专用机械,20210708,
688790.SH,昂瑞微-UW,SSE,半导体,20251216,
688793.SH,倍轻松,SSE,家用电器,20210715,
688795.SH,摩尔线程-U,SSE,半导体,20251205,
688796.SH,百奥赛图,SSE,生物制药,20251210,
688798.SH,艾为电子,SSE,半导体,20210816,
688799.SH,华纳药厂,SSE,化学制药,20210713,
688800.SH,瑞可达,SSE,元器件,20210722,
688802.SH,沐曦股份-U,SSE,半导体,20251217,
688805.SH,健信超导,SSE,医疗保健,20251224,
688807.SH,优迅股份,SSE,半导体,20251219,
688809.SH,强一股份,SSE,半导体,20251230,
688811.SH,有研复材,SSE,小金属,20260410,
688813.SH,泰金新能,SSE,专用机械,20260331,
688816.SH,易思维,SSE,专用机械,20260211,
688818.SH,电科蓝天,SSE,航空,20260210,
688819.SH,天能股份,SSE,电气设备,20210118,
688981.SH,中芯国际,SSE,半导体,20200716,
689009.SH,九号公司-WD,SSE,摩托车,20201029,
