symbol,name,exchange,sector,list_date,mktcap
NVDA,NVIDIA Corp.,NASDAQ,半导体,,5177601177979
GOOGL,"Alphabet, Inc.",NASDAQ,媒体内容,,4231288645233
GOOG,"Alphabet, Inc.",NASDAQ,互联网,,4203707235205
AAPL,"Apple, Inc.",NASDAQ,计算机,,3974331283680
MSFT,Microsoft Corp.,NASDAQ,软件,,3187451335817
AMZN,"Amazon.com, Inc.",NASDAQ,互联网,,2792879323478
TSM,"Taiwan Semiconductor Manufacturing Co., Ltd.",NYSE,半导体,,2034106198611
AVGO,Broadcom Inc.,NASDAQ,半导体,,1893062426786
META,"Meta Platforms, Inc.",NASDAQ,,,1703738934587
TSLA,"Tesla, Inc.",NASDAQ,汽车制造,,1411926840857
BRK.B,"Berkshire Hathaway, Inc.",NYSE,保险,,1031951963701
BRK.A,"Berkshire Hathaway, Inc.",NYSE,保险,,1029154347000
WMT,"Walmart, Inc.",NYSE,零售,,1017018592182
JPM,JPMorgan Chase & Co.,NYSE,,,835538262823
LLY,Eli Lilly & Co.,NYSE,生物技术和制药,,826045678709
XOM,Exxon Mobil Corp.,NYSE,,,625770032914
V,"Visa, Inc.",NYSE,,,594910470798
MU,"Micron Technology, Inc.",NASDAQ,半导体,,568671178528
JNJ,Johnson & Johnson,NYSE,制药,,548315878488
ASML,ASML Holding NV,NASDAQ,半导体,,533633942219
AMD,"Advanced Micro Devices, Inc.",NYSE,半导体,,526697241963
ORCL,Oracle Corp.,NYSE,软件,,477193546888
MA,"Mastercard, Inc.",NYSE,商业服务,,452585821000
COST,Costco Wholesale Corp.,NASDAQ,,,440990624760
INTC,Intel Corp.,NASDAQ,半导体,,424694644022
NFLX,"Netflix, Inc.",NASDAQ,,,388530366505
CAT,"Caterpillar, Inc.",NYSE,,,380646925931
BAC,Bank of America Corp.,NYSE,银行,,375710638701
CVX,Chevron Corp.,NYSE,油气,,375174150949
ABBV,"AbbVie, Inc.",NYSE,生物技术和制药,,349383630170
PG,Procter & Gamble Co.,NYSE,,,347403672592
CSCO,"Cisco Systems, Inc.",NASDAQ,电信,,343166713669
PLTR,"Palantir Technologies, Inc.",NYSE,,,338430623091
KO,The Coca-Cola Co.,NYSE,饮料,,337359490599
UNH,"UnitedHealth Group, Inc.",NYSE,卫生保健设施,,333050847844
HD,"The Home Depot, Inc.",NYSE,零售,,327762816538
LRCX,Lam Research Corp.,NASDAQ,半导体,,314193464658
BABA,Alibaba Group Holding Ltd.,NYSE,,,313867551570
HSBC,HSBC Holdings Plc,NYSE,银行,,309200989223
AMAT,"Applied Materials, Inc.",NASDAQ,半导体,,302397088403
GE,GE Aerospace,NYSE,多元化制造商,,301785295224
MS,Morgan Stanley,NYSE,,,300792500000
GEV,"GE Vernova, Inc.",NYSE,,,292480228767
AZN,AstraZeneca PLC,NYSE,制药,,289591412494
NVS,Novartis AG,NYSE,生物技术和制药,,277702862028
GS,"The Goldman Sachs Group, Inc.",NYSE,,,273285329886
MRK,"Merck & Co., Inc.",NYSE,生物技术和制药,,271847219325
PM,"Philip Morris International, Inc.",NYSE,农业,,258627248588
TM,Toyota Motor Corp.,NYSE,汽车制造,,251661419205
WFC,Wells Fargo & Co.,NYSE,银行,,249728401362
RY,Royal Bank of Canada,NYSE,银行,,248247396572
SHEL,Shell Plc,NYSE,,,245472716446
TXN,Texas Instruments Incorporated,NASDAQ,半导体,,241095402222
KLAC,KLA Corp.,NASDAQ,半导体,,237062531362
RTX,RTX Corp.,NYSE,,,236571875507
LIN,Linde Plc,NYSE,媒体内容,,236502473135
C,"Citigroup, Inc.",NYSE,银行,,219220765918
IBM,International Business Machines Corp.,NYSE,,,219059069094
AXP,American Express Co.,NYSE,多元化金融服务,,214905530657
PEP,"PepsiCo, Inc.",NYSE,饮料,,213598570916
ARM,Arm Holdings Plc,NASDAQ,,,210934150589
ANET,"Arista Networks, Inc.",NYSE,计算机硬件,,208121825171
MCD,McDonald's Corp.,NYSE,零售,,207892405515
TMUS,"T-Mobile US, Inc.",NYSE,,,205662673509
SAP,SAP SE,NYSE,软件,,202600679454
NEE,"NextEra Energy, Inc.",NYSE,电力,,201298007913
MUFG,"Mitsubishi UFJ Financial Group, Inc.",NYSE,,,198873182586
BHP,BHP Group Ltd.,NYSE,,,198319015033
VZ,"Verizon Communications, Inc.",NYSE,,,197505000000
TTE,TotalEnergies SE,NYSE,,,194595210139
RDS.A,Shell Plc,NYSE,,,192700601317
ADI,"Analog Devices, Inc.",NASDAQ,半导体,,187138421037
AMGN,"Amgen, Inc.",NASDAQ,生物技术,,183035063719
NVO,Novo Nordisk A/S,NYSE,制药,,182603445699
BA,The Boeing Co.,NYSE,航空航天/国防,,181924410755
T,"AT&T, Inc.",NYSE,电信,,181577547874
DIS,The Walt Disney Co.,NYSE,媒体内容,,179800257372
SAN,Banco Santander SA,NYSE,银行,,176916655113
APH,Amphenol Corp.,NYSE,电子,,176706070264
TD,The Toronto-Dominion Bank,NYSE,银行,,175877958851
TMO,"Thermo Fisher Scientific, Inc.",NYSE,,,174736368479
TJX,"The TJX Cos., Inc.",NYSE,零售,,174029272726
ISRG,"Intuitive Surgical, Inc.",NASDAQ,医疗保健产品,,165259463605
ABT,Abbott Laboratories,NYSE,,,163193197614
BLK,"BlackRock, Inc.",NYSE,,,163131655983
GILD,"Gilead Sciences, Inc.",NASDAQ,生物技术和制药,,160400753242
ETN,Eaton Corp. Plc,NYSE,,,160336998067
QCOM,"QUALCOMM, Inc.",NASDAQ,半导体,,160145949487
RIO,Rio Tinto Plc,NYSE,采矿,,160144736526
UNP,Union Pacific Corp.,NASDAQ,运输,,158960769851
SHOP,"Shopify, Inc.",NYSE,,,158889929308
SCHW,The Charles Schwab Corp.,NYSE,多元化金融服务,,157923716270
DE,Deere & Co.,NYSE,机械-多元,,152282426729
COP,ConocoPhillips,NYSE,油气,,151509527633
WELL,"Welltower, Inc.",NYSE,,,151354286457
APP,Applovin Corp.,NYSE,服饰,,150991238701
UBER,"Uber Technologies, Inc.",NYSE,,,150949091470
PFE,Pfizer Inc.,NYSE,制药,,150599230976
CRM,"Salesforce, Inc.",NYSE,软件,,148370403555
SNDK,Sandisk Corp.,NASDAQ,计算机,,147947830681
PANW,"Palo Alto Networks, Inc.",NYSE,电信,,146823434555
BUD,Anheuser-Busch InBev NV,NYSE,饮料,,145253003601
SCCO,Southern Copper Corp.,NYSE,,,140910176036
PDD,"PDD Holdings, Inc.",NASDAQ,,,138117405588
PBR,Petr贸leo Brasileiro SA,NYSE,油气,,136709460983
HON,"Honeywell International, Inc.",NYSE,电子,,134933271899
BKNG,"Booking Holdings, Inc.",NASDAQ,,,134872976404
LOW,"Lowe's Companies, Inc.",NYSE,零售,,134622316779
MRVL,"Marvell Technology, Inc.",NASDAQ,半导体,,133986480670
SMFG,"Sumitomo Mitsui Financial Group, Inc.",NYSE,银行,,133526331433
DELL,"Dell Technologies, Inc.",NYSE,计算机硬件,,133037242401
WDC,Western Digital Corp.,NASDAQ,计算机硬件,,132529921640
PLD,"Prologis, Inc.",NYSE,房地产信托投资基金,,131938606153
GLW,"Corning, Inc.",NYSE,计算机硬件,,131447127654
UBS,UBS Group AG,NYSE,,,130145081345
STX,Seagate Technology Holdings Plc,NASDAQ,计算机硬件,,129717420029
HDB,HDFC Bank Ltd.,NYSE,银行,,129348051361
CB,Chubb Ltd.,NYSE,保险,,128339930857
SPGI,"S&P Global, Inc.",NYSE,,,128289404181
BTI,British American Tobacco plc,NYSE,农业,,126935817887
DHR,Danaher Corp.,NYSE,,,126676966266
UL,Unilever Plc,NYSE,食品,,125988386341
BBVA,Banco Bilbao Vizcaya Argentaria SA,NYSE,银行,,124173373587
PBR.A,Petr贸leo Brasileiro SA,NYSE,,,123312951104
SYK,Stryker Corp.,NYSE,医疗保健产品,,123133270922
COF,Capital One Financial Corp.,NYSE,,,121791655396
PH,Parker-Hannifin Corp.,NYSE,,,121470790591
BP,BP Plc,NYSE,,,121325658671
BMY,Bristol Myers Squibb Co.,NYSE,制药,,118971925897
PGR,Progressive Corp.,NYSE,保险,,118662421783
LMT,Lockheed Martin Corp.,NYSE,,,118147702322
SONY,Sony Group Corp.,NYSE,,,117946573555
NEM,Newmont Corp.,NYSE,,,117322983426
VRT,Vertiv Holdings Co.,NYSE,,,117187754826
ANTM,"Anthem, Inc.",NYSE,,,116342689895
ENB,"Enbridge, Inc.",NYSE,,,115757001768
CRWD,"CrowdStrike Holdings, Inc.",NASDAQ,,,115391871877
MO,"Altria Group, Inc.",NYSE,农业,,113325314877
SBUX,Starbucks Corp.,NASDAQ,零售,,110842497362
CEG,Constellation Energy Corp.,NASDAQ,电力,,110753485959
INTU,"Intuit, Inc.",NASDAQ,软件,,110725090350
SNY,Sanofi,NYSE,制药,,110555701836
GSK,GSK Plc,NYSE,生物技术和制药,,110463409956
VRTX,"Vertex Pharmaceuticals, Inc.",NASDAQ,生物技术,,109407754488
ACN,Accenture Plc,NYSE,,,109132337052
BMO,Bank of Montreal,NYSE,银行,,106809468078
SO,The Southern Co.,NYSE,电力,,106558523250
TT,Trane Technologies Plc,NYSE,,,106304438518
EQIX,"Equinix, Inc.",NASDAQ,互联网,,106119854906
MDT,Medtronic Plc,NYSE,,,105124494788
MFG,"Mizuho Financial Group, Inc.",NYSE,银行,,104364777066
CVS,CVS Health Corp.,NYSE,,,103797137861
CME,"CME Group, Inc.",NASDAQ,,,103229782844
MCK,McKesson Corp.,NYSE,制药,,102205980942
CM,Canadian Imperial Bank of Commerce,NYSE,银行,,100833547807
DUK,Duke Energy Corp.,NYSE,电力,,99456090373
BN,Brookfield Corp.,NYSE,,,98963013119
CMCSA,Comcast Corp.,NASDAQ,媒体,,98772118625
ADBE,"Adobe, Inc.",NASDAQ,软件,,98252936740
ITUB,Ita煤 Unibanco Holding SA,NYSE,银行,,97428817151
CNQ,Canadian Natural Resources Ltd.,NYSE,,,96745459035
HCA,"HCA Healthcare, Inc.",NYSE,健康护理服务,,96561672924
HWM,"Howmet Aerospace, Inc.",NYSE,,,96391647600
EQNR,Equinor ASA,NYSE,,,96197973882
IBN,ICICI Bank Ltd.,NYSE,银行,,96082845682
BX,"Blackstone, Inc.",NYSE,,,95189311949
MAR,"Marriott International, Inc.",NYSE,住宿,,94919841294
DCM,"NTT DoCoMo, Inc.",NYSE,电信,,94837388933
AEM,Agnico Eagle Mines Ltd.,NYSE,,,94802233943
PWR,"Quanta Services, Inc.",NYSE,,,94715804127
BNS,The Bank of Nova Scotia,NYSE,银行,,94444849829
NOW,"ServiceNow, Inc.",NYSE,软件,,93323059079
FDX,FedEx Corp.,NYSE,,,93056634840
SNPS,"Synopsys, Inc.",NASDAQ,软件,,92694952051
BK,The Bank of New York Mellon Corp.,NYSE,,,91672778232
WM,"Waste Management, Inc.",NYSE,,,91433158739
MELI,"MercadoLibre, Inc.",NASDAQ,互联网,,90866585453
KKR,"KKR & Co., Inc.",NYSE,,,90412179425
CDNS,"Cadence Design Systems, Inc.",NASDAQ,软件,,89822410909
MMC,"Marsh & McLennan Cos., Inc.",NYSE,保险,,89506475665
SPOT,Spotify Technology SA,NYSE,,,89444599845
WMB,"The Williams Cos., Inc.",NYSE,管道,,89323338522
CMI,"Cummins, Inc.",NYSE,,,88835919609
PNC,"The PNC Financial Services Group, Inc.",NYSE,银行,,88811854460
STO,Equinor ASA,NYSE,,,88670660616
ICE,"Intercontinental Exchange, Inc.",NYSE,多元化金融服务,,88535955949
CVNA,Carvana Co.,NYSE,,,88433270467
UPS,"United Parcel Service, Inc.",NYSE,运输,,88315000910
USB,U.S. Bancorp,NYSE,银行,,87429872627
NGG,National Grid Plc,NYSE,,,86943229269
BSX,Boston Scientific Corp.,NYSE,,,86859879710
JCI,Johnson Controls International Plc,NYSE,汽车部件与设备,,86656334566
GD,General Dynamics Corp.,NYSE,航空航天/国防,,84961638485
CSX,CSX Corp.,NYSE,,,84080783234
FCX,"Freeport-McMoRan, Inc.",NYSE,采矿,,83560546880
EPD,Enterprise Products Partners LP,NYSE,,,83271183608
SLB,SLB Ltd.,NYSE,,,83230149670
AMT,American Tower Corp.,NYSE,,,83186428179
ABNB,"Airbnb, Inc.",NASDAQ,,,82693097458
NOC,Northrop Grumman Corp.,NYSE,航空航天/国防,,82045640879
ING,ING Groep NV,NYSE,保险,,81558500140
E,Eni SpA,NYSE,,,80646203506
SHW,The Sherwin-Williams Co.,NYSE,化学制品,,80224559812
ADP,"Automatic Data Processing, Inc.",NASDAQ,商业服务,,80214810688
MCO,Moody's Corp.,NYSE,商业服务,,80014708581
BCS,Barclays PLC,NYSE,银行,,79003879761
AMX,America Movil SAB de CV,NYSE,,,78801797672
ELV,"Elevance Health, Inc.",NYSE,,,78770225248
LYG,Lloyds Banking Group Plc,NYSE,银行,,78119440097
CP,Canadian Pacific Kansas City Ltd.,NYSE,,,77814178740
EMR,Emerson Electric Co.,NYSE,电力组件与设备,,77803040316
REGN,"Regeneron Pharmaceuticals, Inc.",NASDAQ,生物技术,,77411211483
ITW,Illinois Tool Works Inc.,NYSE,,,77354671254
SU,"Suncor Energy, Inc.",NYSE,油气,,77339121914
ORLY,"O'Reilly Automotive, Inc.",NASDAQ,,,76616571403
CRH,CRH Plc,NYSE,建筑材料,,76602900377
MMM,3M Co.,NYSE,,,76174902544
BAM,Brookfield Asset Management Ltd.,NYSE,,,76149541764
MNST,Monster Beverage Corp.,NASDAQ,饮料,,75484568380
ECL,"Ecolab, Inc.",NYSE,化学制品,,75395848027
MDLZ,"Mondelez International, Inc.",NASDAQ,,,75159214695
CI,The Cigna Group,NYSE,健康护理服务,,75153862148
DASH,"DoorDash, Inc.",NYSE,,,74900444992
HLT,"Hilton Worldwide Holdings, Inc.",NYSE,住宿,,73979794376
HOOD,"Robinhood Markets, Inc.",NASDAQ,,,73834287000
MPWR,"Monolithic Power Systems, Inc.",NASDAQ,半导体,,73819939568
AEP,"American Electric Power Co., Inc.",NYSE,电力,,73701769991
NET,"Cloudflare, Inc.",NYSE,,,73405492222
EOG,"EOG Resources, Inc.",NYSE,,,72744847737
ROST,"Ross Stores, Inc.",NASDAQ,,,72650852164
VALE,Vale SA,NYSE,钢铁,,72274170016
MSI,"Motorola Solutions, Inc.",NYSE,计算机硬件,,72263616688
VLO,Valero Energy Corp.,NYSE,油气,,71835575597
NTES,"NetEase, Inc.",NASDAQ,媒体内容,,71323576377
APO,"Apollo Global Management, Inc.",NYSE,私募股权投资,,71249107873
GM,General Motors Co.,NYSE,汽车制造,,71176772627
NSC,Norfolk Southern Corp.,NYSE,运输,,71152504010
KMI,"Kinder Morgan, Inc.",NYSE,,,70716086156
NU,Nu Holdings Ltd.,NYSE,,,70502992663
CNI,Canadian National Railway Co.,NYSE,运输,,70249860933
CTAS,Cintas Corp.,NASDAQ,纺织品,,69703172960
ABB,ABB Ltd.,NYSE,,,69136545199
AON,Aon Plc,NYSE,保险,,68936271956
CL,Colgate-Palmolive Co.,NYSE,,,68741226694
RCL,Royal Caribbean Group,NYSE,休闲,,68638561121
MPC,Marathon Petroleum Corp.,NYSE,,,68497030334
APD,"Air Products & Chemicals, Inc.",NYSE,化学制品,,67557174873
BKR,Baker Hughes Co.,NYSE,工程建设,,67112217856
CIEN,Ciena Corp.,NASDAQ,电信,,66934337982
ASX,"ASE Technology Holding Co., Ltd.",NYSE,半导体,,66861092364
ET,Energy Transfer LP,NYSE,媒体内容,,66810906979
NKE,"NIKE, Inc.",NYSE,,,66684340703
PSX,Phillips 66,NYSE,,,66202228056
TRV,"The Travelers Cos., Inc.",NYSE,保险,,65919852660
SPG,"Simon Property Group, Inc.",NYSE,,,65859741800
B,Barrick Mining Corp.,NYSE,,,65629659393
TRP,TC Energy Corp.,NYSE,管道,,65577301761
TDG,"TransDigm Group, Inc.",NYSE,,,65190254916
MFC,Manulife Financial Corp.,NYSE,保险,,64506060167
BE,Bloom Energy Corp.,NYSE,,,64350154780
RELX,RELX Plc,NYSE,,,64323534060
RSG,"Republic Services, Inc.",NYSE,,,64312322474
TFC,Truist Financial Corp.,NYSE,,,63729825021
FTNT,"Fortinet, Inc.",NASDAQ,计算机硬件,,63441046083
NOK,Nokia Oyj,NYSE,计算机硬件,,63059985426
PCAR,"PACCAR, Inc.",NASDAQ,汽车制造,,62902231299
NWG,NatWest Group Plc,NYSE,,,62636863772
IMO,Imperial Oil Ltd.,NYSE,,,61619382987
DB,Deutsche Bank AG,NYSE,银行,,61062102516
LHX,"L3Harris Technologies, Inc.",NYSE,,,60690475512
SRE,Sempra,NYSE,,,60688060078
RACE,Ferrari NV,NYSE,,,60655244568
FIX,"Comfort Systems USA, Inc.",NYSE,建筑材料,,60573197869
URI,"United Rentals, Inc.",NYSE,,,60347427593
AFL,"Aflac, Inc.",NYSE,保险,,59910710270
TEL,TE Connectivity Plc,NYSE,,,59719380295
TER,"Teradyne, Inc.",NYSE,半导体,,59512936130
O,Realty Income Corp.,NYSE,房地产信托投资基金,,59252573512
WPM,Wheaton Precious Metals Corp.,NYSE,,,58755041740
AZO,"AutoZone, Inc.",NYSE,零售,,58749421143
DVMT,"Dell Technologies, Inc.",NYSE,,,58636798640
UI,"Ubiquiti, Inc.",NYSE,,,58292417922
NXPI,NXP Semiconductors NV,NASDAQ,半导体,,58200215608
MDLN,"Medline, Inc.",NASDAQ,,,58117798177
OXY,Occidental Petroleum Corp.,NYSE,,,58113336093
TGT,Target Corp.,NYSE,零售,,57571529786
CRWV,"CoreWeave, Inc.",NASDAQ,,,57283022720
MSTR,"Strategy, Inc.",NASDAQ,软件,,57254624112
COHR,Coherent Corp.,NYSE,半导体,,57000107235
KEYS,"Keysight Technologies, Inc.",NYSE,,,56981703964
OKE,"ONEOK, Inc.",NYSE,管道,,56633452137
LITE,"Lumentum Holdings, Inc.",NASDAQ,,,56495964697
FANG,"Diamondback Energy, Inc.",NASDAQ,,,56284851453
MPLX,MPLX LP,NYSE,,,55948002052
ALL,The Allstate Corp.,NYSE,保险,,55895885473
LNG,"Cheniere Energy, Inc.",NYSE,,,55671568173
D,"Dominion Energy, Inc.",NYSE,,,55286882040
GWW,"W.W. Grainger, Inc.",NYSE,销售/批发,,54969993259
AJG,Arthur J. Gallagher & Co.,NYSE,保险,,54814775284
VST,Vistra Corp.,NYSE,,,54533520575
SQ,"Block, Inc.",NYSE,,,53898877128
TRGP,Targa Resources Corp.,NYSE,,,53350362501
CTVA,"Corteva, Inc.",NYSE,,,53003593389
SE,Sea Ltd. (Singapore),NYSE,管道,,52618547528
AME,"AMETEK, Inc.",NYSE,,,52424329928
PSA,Public Storage,NYSE,,,52171167164
TAK,"Takeda Pharmaceutical Co., Ltd.",NYSE,,,51826492235
ETR,Entergy Corp.,NYSE,电力,,51818228500
CARR,Carrier Global Corp.,NYSE,,,51813576191
NDAQ,"Nasdaq, Inc.",NASDAQ,,,51633876583
CVE,"Cenovus Energy, Inc.",NYSE,,,51548954571
FAST,Fastenal Co.,NASDAQ,,,51294207323
NUE,Nucor Corp.,NYSE,钢铁,,51259878959
COIN,"Coinbase Global, Inc.",NASDAQ,,,51251709089
MET,"MetLife, Inc.",NYSE,保险,,51046039523
EA,"Electronic Arts, Inc.",NASDAQ,软件,,50683882568
CCJ,Cameco Corp.,NYSE,采矿,,50669905182
FERG,"Ferguson Enterprises, Inc.",NYSE,,,50204060962
F,Ford Motor Co.,NYSE,汽车制造,,49697310157
XEL,"Xcel Energy, Inc.",NYSE,电力,,49608413433
INFY,Infosys Ltd.,NYSE,,,49583730463
ADSK,"Autodesk, Inc.",NASDAQ,软件,,49547012570
SNOW,"Snowflake, Inc.",NYSE,,,49260519812
ZTS,"Zoetis, Inc.",NYSE,,,49057538909
FER,Ferrovial SE,NASDAQ,,,48837502809
CAH,"Cardinal Health, Inc.",NYSE,卫生保健设施,,48385678061
EXC,Exelon Corp.,NYSE,电力,,48140386733
GRMN,Garmin Ltd.,NASDAQ,计算机硬件,,47808068240
EW,Edwards Lifesciences Corp.,NYSE,,,47437849796
AU,Anglogold Ashanti Plc,NYSE,,,47426383281
ODFL,"Old Dominion Freight Line, Inc.",NASDAQ,,,46190860274
MCHP,"Microchip Technology, Inc.",NASDAQ,半导体,,45596072741
FITB,Fifth Third Bancorp,NASDAQ,银行,,45549076134
ABEV,Ambev SA,NYSE,,,45309284554
RKLB,Rocket Lab Corp.,NASDAQ,,,45262081998
IDXX,"IDEXX Laboratories, Inc.",NASDAQ,,,45136964544
ROK,"Rockwell Automation, Inc.",NYSE,机械-多元,,45093160047
EBAY,"eBay, Inc.",NASDAQ,,,44961280273
FNV,Franco-Nevada Corp.,NYSE,,,44790993538
WAB,Westinghouse Air Brake Technologies Corp.,NYSE,,,44659923576
PYPL,"PayPal Holdings, Inc.",NASDAQ,,,44659815768
DHI,"D.R. Horton, Inc.",NYSE,房屋建筑商,,44371703175
STM,STMicroelectronics NV,NYSE,半导体,,44266393111
DAL,"Delta Air Lines, Inc.",NYSE,,,44176282284
BSBR,Banco Santander (Brasil) SA,NYSE,银行,,44117426956
MT,ArcelorMittal SA,NYSE,,,44061572155
DEO,Diageo Plc,NYSE,饮料,,43938053249
CCEP,Coca-Cola Europacific Partners plc,NYSE,,,43563738115
MSCI,"MSCI, Inc.",NYSE,软件,,43286853886
RKT,"Rocket Cos., Inc.",NYSE,包装容器,,43241868914
YUM,"Yum! Brands, Inc.",NYSE,,,43215592736
CBRE,"CBRE Group, Inc.",NYSE,,,43014753962
AMP,"Ameriprise Financial, Inc.",NYSE,保险,,42841648120
CMG,"Chipotle Mexican Grill, Inc.",NYSE,,,42810642619
BIDU,"Baidu, Inc.",NASDAQ,媒体内容,,42790175123
BDX,"Becton, Dickinson & Co.",NYSE,医疗保健产品,,42568071782
STT,State Street Corp.,NYSE,,,42211677094
HLN,Haleon Plc,NYSE,,,42140296383
XYZ,"Block, Inc.",NYSE,,,41648469269
VTR,"Ventas, Inc.",NYSE,房地产信托投资基金,,41641064336
CLS,"Celestica, Inc.",NYSE,电子,,41585504371
WCN,"Waste Connections, Inc.",NYSE,环境控制,,41552390643
BBD,Banco Bradesco SA,NYSE,银行,,41015419834
KR,The Kroger Co.,NYSE,食品,,40996625840
JD,"JD.com, Inc.",NASDAQ,,,40599022226
ED,"Consolidated Edison, Inc.",NYSE,电力,,40393705187
ALNY,"Alnylam Pharmaceuticals, Inc.",NASDAQ,生物技术和制药,,40309904540
PEG,"Public Service Enterprise Group, Inc.",NYSE,,,40243352531
RBLX,Roblox Corp.,NYSE,,,40156105028
TRI,Thomson Reuters Corp.,NYSE,,,39817893461
AIG,"American International Group, Inc.",NYSE,保险,,39676422614
TTWO,"Take-Two Interactive Software, Inc.",NASDAQ,软件,,39454408772
SLF,"Sun Life Financial, Inc.",NYSE,保险,,39427962221
FMX,Fomento Economico Mexicano SAB de CV,NYSE,饮料,,39268574161
KDP,"Keurig Dr Pepper, Inc.",NYSE,,,39170507782
ESLT,Elbit Systems Ltd.,NASDAQ,航空航天/国防,,38790776669
GFI,Gold Fields Ltd.,NYSE,采矿,,38771885527
PUK,Prudential Plc,NYSE,保险,,38430805749
EME,"EMCOR Group, Inc.",NYSE,工程建设,,38381734141
HSY,The Hershey Co.,NYSE,,,38089685584
KB,"KB Financial Group, Inc.",NYSE,多元化金融服务,,38073750000
HIG,"The Hartford Insurance Group, Inc.",NYSE,保险,,38043876669
VMC,Vulcan Materials Co.,NYSE,采矿,,38026879127
WEC,"WEC Energy Group, Inc.",NYSE,,,37712758024
ERIC,Telefonaktiebolaget LM Ericsson,NASDAQ,计算机硬件,,37662900636
CCI,"Crown Castle, Inc.",NYSE,电信,,37559218536
CPNG,"Coupang, Inc.",NYSE,,,37203698862
EQT,EQT Corp.,NYSE,,,37153393798
HPE,Hewlett Packard Enterprise Co.,NYSE,,,37078937112
MLM,"Martin Marietta Materials, Inc.",NYSE,,,36988271810
ARES,Ares Management Corp.,NYSE,,,36874617203
TEVA,Teva Pharmaceutical Industries Ltd.,NYSE,生物技术和制药,,36847540240
HEI,HEICO Corp.,NYSE,航空航天/国防,,36802162063
ALC,Alcon AG,NYSE,卫生保健设施,,36752065686
ON,ON Semiconductor Corp.,NASDAQ,,,36697440716
BBDO,Banco Bradesco SA,NYSE,银行,,36627516746
KGC,Kinross Gold Corp.,NYSE,,,36526333106
CUK,Carnival Plc,NYSE,休闲,,36468322752
CCL,Carnival Corp.,NYSE,休闲,,36456872770
LYV,"Live Nation Entertainment, Inc.",NYSE,,,36400848499
ROP,"Roper Technologies, Inc.",NYSE,机械-多元,,36252263227
ABC,AmerisourceBergen Corp.,NYSE,制药,,36149701702
IX,ORIX Corp.,NYSE,,,36092930153
LVS,Las Vegas Sands Corp.,NYSE,住宿,,35958014851
VOD,Vodafone Group Plc,NASDAQ,电信,,35852376538
PCG,PG&E Corp.,NYSE,,,35830195706
SATS,EchoStar Corp.,NASDAQ,电信,,35733942011
VIK,Viking Holdings Ltd. (Bermuda),NYSE,,,35462654120
ONC,BeOne Medicines Ltd.,NASDAQ,,,35353040048
TKO,"TKO Group Holdings, Inc.",NYSE,,,35268615728
SYY,Sysco Corp.,NYSE,食品,,35098160933
ADM,Archer-Daniels-Midland Co.,NYSE,农业,,35081964387
NTR,Nutrien Ltd.,NYSE,,,35061823415
JBL,"Jabil, Inc.",NYSE,,,34891299579
ACGL,Arch Capital Group Ltd.,NASDAQ,保险,,34547777633
IBKR,"Interactive Brokers Group, Inc.",NASDAQ,多元化金融服务,,34521940005
SYM,"Symbotic, Inc.",NASDAQ,,,34371966990
FI,"Fiserv, Inc.",NASDAQ,,,34314949597
TCOM,Trip.com Group Ltd.,NASDAQ,,,34209603731
HAL,Halliburton Co.,NYSE,油气服务,,34078601185
CHT,"Chunghwa Telecom Co., Ltd.",NYSE,,,33768163842
PRU,"Prudential Financial, Inc.",NYSE,保险,,33707111975
KVUE,"Kenvue, Inc.",NYSE,,,33684931753
HBAN,"Huntington Bancshares, Inc.",NASDAQ,银行,,33579421045
IRM,"Iron Mountain, Inc.",NYSE,,,33499089764
NRG,"NRG Energy, Inc.",NYSE,电力,,33146368884
GFS,"GLOBALFOUNDRIES, Inc.",NASDAQ,,,33075358967
STLD,"Steel Dynamics, Inc.",NASDAQ,钢铁,,32846157612
FISV,"Fiserv, Inc.",NASDAQ,软件,,32838067422
AXON,"Axon Enterprise, Inc.",NYSE,,,32759850096
KMB,Kimberly-Clark Corp.,NYSE,家庭产品/用品,,32674773215
PAYX,"Paychex, Inc.",NASDAQ,商业服务,,32600886588
A,"Agilent Technologies, Inc.",NYSE,电子,,32465355239
NBIS,Nebius Group NV,NASDAQ,,,32377330292
CPRT,"Copart, Inc.",NASDAQ,,,32108032715
FLEX,Flex Ltd.,NASDAQ,电子,,32046460562
MTB,M&T Bank Corp.,NYSE,银行,,31967669492
TS,Tenaris SA,NYSE,金属构造/部件,,31890750771
SHG,"Shinhan Financial Group Co., Ltd.",NYSE,银行,,31820248985
AMRZ,Amrize Ltd.,NYSE,,,31817847810
CBOE,"Cboe Global Markets, Inc.",NASDAQ,,,31805955496
IR,"Ingersoll Rand, Inc.",NYSE,,,31803574220
RMD,"ResMed, Inc.",NYSE,,,31625292469
SUNB,"Sunbelt Rentals Holdings, Inc.",NYSE,,,31431451279
HMC,"Honda Motor Co., Ltd.",NYSE,汽车制造,,31412891144
ALAB,"Astera Labs, Inc.",NASDAQ,,,31395981958
GEHC,"GE Healthcare Technologies, Inc.",NASDAQ,,,31246750250
WDAY,"Workday, Inc.",NYSE,软件,,31143260563
AEE,Ameren Corp.,NYSE,电力,,31037725539
CQP,Cheniere Energy Partners LP,NYSE,管道,,31013251408
ATO,Atmos Energy Corp.,NYSE,天然气,,30966860513
DTE,DTE Energy Co.,NYSE,,,30904656405
DVN,Devon Energy Corp.,NYSE,油气,,30745708958
VICI,"VICI Properties, Inc.",NYSE,,,30626534270
CRDO,Credo Technology Group Holding Ltd.,NASDAQ,,,30607623162
RJF,"Raymond James Financial, Inc.",NYSE,,,30299220652
RVMD,"Revolution Medicines, Inc.",NASDAQ,,,30286909622
DOV,Dover Corp.,NYSE,多元化制造商,,30187049154
FTI,TechnipFMC plc,NYSE,油气服务,,30177078110
VG,"Venture Global, Inc.",NYSE,,,30175671527
EXR,"Extra Space Storage, Inc.",NYSE,,,29791493444
TDY,"Teledyne Technologies, Inc.",NYSE,,,29735431434
TPL,Texas Pacific Land Corp.,NYSE,,,29696574386
OTIS,Otis Worldwide Corp.,NYSE,,,29680438357
EXPE,"Expedia Group, Inc.",NASDAQ,互联网,,29669369398
ORAN,Orange SA,NYSE,,,29638160673
MTZ,"MasTec, Inc.",NYSE,工程建设,,29554122084
WAT,Waters Corp.,NYSE,电子,,29532106555
LTM,LATAM Airlines Group SA,NYSE,休闲,,29404710051
UAL,"United Airlines Holdings, Inc.",NYSE,,,29347594211
PPL,PPL Corp.,NYSE,电力,,29330677154
UMC,United Microelectronics Corp.,NYSE,半导体,,29320539611
INSM,"Insmed, Inc.",NASDAQ,生物技术和制药,,29127088299
TPR,"Tapestry, Inc.",NYSE,,,29118406322
CASY,"Casey's General Stores, Inc.",NASDAQ,零售,,29008773598
Q,"Qnity Electronics, Inc.",NYSE,,,28918674612
HUBB,"Hubbell, Inc.",NYSE,,,28896360206
WLTW,Willis Towers Watson Plc,NASDAQ,,,28853787517
FTS,"Fortis, Inc.",NYSE,,,28765505364
EC,Ecopetrol SA,NYSE,,,28740568654
HEI.A,HEICO Corp.,NYSE,,,28672077802
FE,FirstEnergy Corp.,NYSE,,,28665436848
RPRX,Royalty Pharma Plc,NASDAQ,生物技术和制药,,28581468772
RDDT,"Reddit, Inc.",NYSE,,,28468856265
XYL,"Xylem, Inc.",NYSE,机械-多元,,28410296129
RYAAY,Ryanair Holdings Plc,NASDAQ,航空公司,,28402771825
TECK,Teck Resources Limited,NYSE,,,28307770263
CNP,"CenterPoint Energy, Inc.",NYSE,,,28227413672
AXIA,AXIA Energia SA,NYSE,,,28146574829
EL,"The Est茅e Lauder Companies, Inc.",NYSE,化妆品/护理,,27889154463
CFG,"Citizens Financial Group, Inc. (Rhode Island)",NYSE,,,27687255830
HUM,"Humana, Inc.",NYSE,卫生保健设施,,27619164888
WTW,Willis Towers Watson Plc,NYSE,商业服务,,27401798188
DOW,"Dow, Inc.",NYSE,化学制品,,27373759485
QSR,"Restaurant Brands International, Inc.",NYSE,,,27150610361
BIIB,"Biogen, Inc.",NASDAQ,生物技术,,26933125319
FOXA,Fox Corp.,NASDAQ,,,26861636550
ZM,"Zoom Communications, Inc.",NASDAQ,,,26855941360
ROL,"Rollins, Inc.",NYSE,,,26841598989
STZ,"Constellation Brands, Inc.",NYSE,饮料,,26759640721
LPLA,"LPL Financial Holdings, Inc.",NASDAQ,多元化金融服务,,26759563825
IQV,"IQVIA Holdings, Inc.",NYSE,,,26684034374
KHC,The Kraft Heinz Co.,NASDAQ,,,26598743810
CTRA,"Coterra Energy, Inc.",NYSE,,,26300315225
EBR.B,AXIA Energia SA,NYSE,,,26256806764
WRB,W.R. Berkley Corp.,NYSE,保险,,26181974130
EIX,Edison International,NYSE,电力,,26152502615
CTSH,Cognizant Technology Solutions Corp.,NASDAQ,,,26119592795
XPO,"XPO, Inc.",NYSE,运输,,26054611804
CW,Curtiss-Wright Corp.,NYSE,,,26027490883
AWK,"American Water Works Co., Inc.",NYSE,水业,,25908789854
VEEV,"Veeva Systems, Inc.",NYSE,软件,,25891220038
PHG,Koninklijke Philips NV,NYSE,电子,,25813225198
ES,Eversource Energy,NYSE,,,25777352506
PBA,Pembina Pipeline Corp.,NYSE,管道,,25740165163
SYF,Synchrony Financial,NYSE,,,25702647499
CINF,Cincinnati Financial Corp.,NASDAQ,保险,,25700678016
MTD,"Mettler-Toledo International, Inc.",NYSE,,,25563332197
SQM,Sociedad Quimica y Minera de Chile SA,NYSE,化学制品,,25546016661
AVB,"AvalonBay Communities, Inc.",NYSE,房地产信托投资基金,,25524825039
DG,Dollar General Corp.,NYSE,,,25502235017
GEHCV,"GE Healthcare Technologies, Inc.",NASDAQ,,,25463760000
BAP,Credicorp Ltd.,NYSE,银行,,25425086630
VIV,Telefonica Brasil SA,NYSE,,,25037576125
UTHR,United Therapeutics Corp.,NASDAQ,生物技术,,24942773737
EBR,AXIA Energia SA,NYSE,,,24795439400
VRSN,"VeriSign, Inc.",NASDAQ,互联网,,24633892889
BG,Bunge Global SA,NYSE,农业,,24487944755
EQR,Equity Residential,NYSE,房地产信托投资基金,,24408183181
CNC,Centene Corp.,NYSE,卫生保健设施,,24377161832
RF,Regions Financial Corp.,NYSE,银行,,24219866977
PPG,"PPG Industries, Inc.",NYSE,化学制品,,24113187667
FOX,Fox Corp.,NASDAQ,,,24073164119
FCAU,Stellantis NV,NYSE,,,23982901099
FICO,Fair Isaac Corp.,NYSE,软件,,23963150244
TW,"Tradeweb Markets, Inc.",NASDAQ,,,23932680130
MKL,"Markel Group, Inc.",NYSE,保险,,23910516363
KEY,KeyCorp,NYSE,银行,,23887826288
FIS,"Fidelity National Information Services, Inc.",NYSE,,,23827178486
PHM,"PulteGroup, Inc.",NYSE,房屋建筑商,,23797459764
SBS,Companhia de Saneamento Basico do Estado de Sao Paulo SABESP,NYSE,,,23722996783
JBHT,"J.B. Hunt Transport Services, Inc.",NASDAQ,,,23692675508
ULTA,"Ulta Beauty, Inc.",NASDAQ,,,23446393912
SOFI,"SoFi Technologies, Inc.",NASDAQ,,,23413845230
CMS,CMS Energy Corp.,NYSE,电力,,23390806250
CRCL,"Circle Internet Group, Inc.",NYSE,,,23324326797
EXE,Expand Energy Corp.,NYSE,,,23269702056
NI,"NiSource, Inc.",NYSE,,,23206466101
FCNCA,"First Citizens BancShares, Inc. (North Carolina)",NASDAQ,银行,,23184323891
VRSK,"Verisk Analytics, Inc.",NASDAQ,,,23141241058
L,Loews Corp.,NYSE,保险,,23126231453
SBAC,SBA Communications Corp.,NASDAQ,电信,,23078118751
LYB,LyondellBasell Industries NV,NYSE,化学制品,,23069933438
PKX,"POSCO Holdings, Inc.",NYSE,钢铁,,23017452092
CHD,"Church & Dwight Co., Inc.",NYSE,,,22997018284
DXCM,"DexCom, Inc.",NASDAQ,,,22882267182
NMR,"Nomura Holdings, Inc.",NYSE,,,22859880332
AER,AerCap Holdings NV,NYSE,,,22858748695
FN,Fabrinet,NYSE,,,22837717330
STLA,Stellantis NV,NYSE,,,22803192027
LEN,Lennar Corp.,NYSE,,,22739468513
BHGE,"Baker Hughes, a GE Co.",NYSE,,,22666621781
CCE,Coca-Cola European Partners Plc,NYSE,饮料,,22575665230
TSN,"Tyson Foods, Inc.",NYSE,食品,,22568261568
DRI,"Darden Restaurants, Inc.",NYSE,零售,,22512999910
PSTG,"Everpure, Inc.",NYSE,,,22401947016
NVT,nVent Electric Plc,NYSE,,,22364491340
HRS,Harris Corp.,NYSE,电信,,22341094737
WSM,"Williams-Sonoma, Inc.",NYSE,,,22297657319
DPS,"Dr Pepper Snapple Group, Inc.",NYSE,饮料,,22286169586
BLL,Ball Corp.,NYSE,包装容器,,22222128241
RL,Ralph Lauren Corp.,NYSE,服饰,,22205931663
CHRW,"C.H. Robinson Worldwide, Inc.",NASDAQ,,,22151164795
LEN.B,Lennar Corp.,NYSE,,,22146993701
FTAI,FTAI Aviation Ltd.,NYSE,,,22133007471
PAAS,Pan American Silver Corp.,NASDAQ,,,22106706262
ALB,Albemarle Corp.,NYSE,化学制品,,22029521811
ENTG,"Entegris, Inc.",NASDAQ,半导体,,22028893857
TROW,"T. Rowe Price Group, Inc.",NASDAQ,多元化金融服务,,21928145006
BCE,"BCE, Inc.",NYSE,,,21905030970
OMC,"Omnicom Group, Inc.",NYSE,媒体内容,,21887154841
ZS,"Zscaler, Inc.",NASDAQ,,,21880399159
FLT,"FLEETCOR Technologies, Inc.",NYSE,,,21790323134
TSEM,Tower Semiconductor Ltd.,NASDAQ,半导体,,21757098397
FUTU,Futu Holdings Ltd.,NASDAQ,,,21741361301
WWD,"Woodward, Inc.",NASDAQ,电子,,21698387913
IHG,InterContinental Hotels Group Plc,NYSE,住宿,,21696547426
PFG,"Principal Financial Group, Inc.",NYSE,保险,,21657919231
TEF,Telef贸nica SA,NYSE,,,21603283783
DGX,"Quest Diagnostics, Inc.",NYSE,健康护理服务,,21593109764
STE,STERIS Plc (Ireland),NYSE,医疗保健产品,,21554876463
FWONK,Liberty Media Corp.,NASDAQ,,,21543335331
TWLO,"Twilio, Inc.",NYSE,,,21539986508
BRO,"Brown & Brown, Inc.",NYSE,保险,,21439614447
NTAP,"NetApp, Inc.",NASDAQ,计算机,,21366936554
LH,"Labcorp Holdings, Inc.",NYSE,卫生保健设施,,21337401000
CHTR,"Charter Communications, Inc.",NASDAQ,媒体内容,,21296002877
CRS,Carpenter Technology Corp.,NYSE,,,21288423450
SW,Smurfit WestRock Plc,NYSE,,,21263479801
WIT,Wipro Ltd.,NYSE,计算机,,21214927135
KOF,Coca-Cola FEMSA SAB de CV,NYSE,饮料,,21211052144
ASTS,"AST Spacemobile, Inc.",NASDAQ,,,21084278868
FSLR,"First Solar, Inc.",NASDAQ,,,21042082136
AFRM,"Affirm Holdings, Inc.",NASDAQ,,,21039268666
VLTO,Veralto Corp.,NYSE,,,21017917550
APG,APi Group Corp.,NYSE,,,21016225895
BT,BT Group Plc,NYSE,电信,,20741143516
ATI,"ATI, Inc.",NYSE,,,20701344450
WST,"West Pharmaceutical Services, Inc.",NYSE,医疗保健产品,,20634397172
CPAY,"Corpay, Inc.",NYSE,,,20601436798
EFX,"Equifax, Inc.",NYSE,,,20448304289
KYO,Kyocera Corp.,NYSE,计算机硬件,,20279083415
AS,"Amer Sports, Inc.",NYSE,,,20259042698
BURL,"Burlington Stores, Inc.",NYSE,,,20194906870
DKS,"Dick's Sporting Goods, Inc.",NYSE,,,20152637215
RGLD,"Royal Gold, Inc.",NASDAQ,,,20094141590
RIVN,"Rivian Automotive, Inc.",NASDAQ,,,20035780453
EXAS,EXACT Sciences Corp.,NASDAQ,生物技术,,20026082705
FWONA,Liberty Media Corp.,NASDAQ,,,19942801796
MTSI,"MACOM Technology Solutions Holdings, Inc.",NASDAQ,半导体,,19922128955
USFD,US Foods Holding Corp.,NYSE,,,19898891198
ROIV,Roivant Sciences Ltd.,NASDAQ,,,19875021235
PKG,Packaging Corporation of America,NYSE,包装容器,,19820335240
BWXT,"BWX Technologies, Inc.",NYSE,,,19808787961
ZTO,"ZTO Express (Cayman), Inc.",NYSE,,,19732554115
EXPD,"Expeditors International of Washington, Inc.",NASDAQ,运输,,19600512711
RBA,"RB Global, Inc.",NYSE,,,19580705081
SNA,"Snap-On, Inc.",NYSE,,,19556777662
RCI,"Rogers Communications, Inc.",NYSE,,,19480523870
INCY,Incyte Corp.,NASDAQ,生物技术和制药,,19463617338
DLTR,"Dollar Tree, Inc.",NASDAQ,零售,,19374684307
ILMN,"Illumina, Inc.",NASDAQ,生物技术,,19293697853
P,"Everpure, Inc.",NYSE,互联网,,19251718435
TU,TELUS Corp.,NYSE,,,19251431164
KEP,Korea Electric Power Corp.,NYSE,,,19233243159
HCN,"Welltower, Inc.",NYSE,房地产信托投资基金,,19121241187
ITT,"ITT, Inc.",NYSE,多元化制造商,,19088358456
BCH,Banco de Chile,NYSE,银行,,19061924221
FLUT,Flutter Entertainment Plc,NYSE,,,19024885061
FTV,Fortive Corp.,NYSE,,,19016461937
EVRG,"Evergy, Inc.",NYSE,,,18862574669
CF,"CF Industries Holdings, Inc.",NYSE,化学制品,,18792666557
TSCO,Tractor Supply Co.,NASDAQ,,,18723195175
LNT,Alliant Energy Corp.,NYSE,电力,,18714712200
GPN,"Global Payments, Inc.",NYSE,商业服务,,18689001003
MRNA,"Moderna, Inc.",NASDAQ,生物技术和制药,,18687172325
RBS,Royal Bank of Scotland Group Plc,NYSE,银行,,18685109280
LUV,Southwest Airlines Co.,NYSE,航空公司,,18583177590
DD,"DuPont de Nemours, Inc.",NYSE,化学制品,,18579733048
BR,"Broadridge Financial Solutions, Inc.",NYSE,软件,,18551369783
GIS,"General Mills, Inc.",NYSE,食品,,18548091302
RS,"Reliance, Inc.",NYSE,,,18520308999
CDE,"Coeur Mining, Inc.",NYSE,采矿,,18464400158
LDOS,"Leidos Holdings, Inc.",NYSE,,,18409495324
BEKE,"KE Holdings, Inc.",NYSE,,,18394731408
WPPGY,WPP plc,NASDAQ,广告,,18335589543
LI,"Li Auto, Inc.",NASDAQ,,,18194358547
IFF,"International Flavors & Fragrances, Inc.",NYSE,化学制品,,18079888729
HPQ,"HP, Inc.",NYSE,计算机,,18048649012
MKSI,"MKS, Inc.",NASDAQ,半导体,,18026393309
IP,International Paper Co.,NYSE,,,18018415318
SNX,TD SYNNEX Corp.,NYSE,,,17928017208
WY,Weyerhaeuser Co.,NYSE,,,17899883244
WSO,"Watsco, Inc.",NYSE,,,17816286673
AMCR,Amcor Plc,NYSE,,,17807241123
ULS,"UL Solutions, Inc.",NYSE,,,17756045701
FITBI,Fifth Third Bancorp,NASDAQ,,,17733314855
AMKR,"Amkor Technology, Inc.",NASDAQ,半导体,,17677614436
PR,Permian Resources Corp.,NASDAQ,,,17622800182
NVR,"NVR, Inc.",NYSE,房屋建筑商,,17608592517
CX,CEMEX SAB de CV,NYSE,,,17562330900
AGI,"Alamos Gold, Inc.",NYSE,,,17516757451
NXT,"Nextpower, Inc.",NASDAQ,,,17297728749
VTRS,"Viatris, Inc.",NASDAQ,,,17268362333
LII,"Lennox International, Inc.",NYSE,,,17239116672
RBC,"RBC Bearings, Inc.",NYSE,,,17193800926
CG,The Carlyle Group Inc.,NASDAQ,私募股权投资,,17167929000
FFIV,"F5, Inc.",NASDAQ,计算机硬件,,17155294865
MGA,"Magna International, Inc.",NYSE,汽车制造,,17116489428
EWBC,"East West Bancorp, Inc.",NASDAQ,银行,,17111416429
IOT,"Samsara, Inc.",NYSE,房地产信托投资基金,,17032408683
YPF,YPF SA,NYSE,,,17018849515
CDW,CDW Corp.,NASDAQ,,,17014204731
MAIR,Madison Air Solutions Corp.,NYSE,,,16921740407
HOLX,"Hologic, Inc.",NASDAQ,医疗保健产品,,16906090100
RTO,Rentokil Initial Plc,NYSE,,,16891629405
INVH,"Invitation Homes, Inc.",NYSE,,,16880399860
TOST,"Toast, Inc.",NYSE,,,16814168660
GMAB,Genmab A/S,NASDAQ,,,16700640525
NLY,"Annaly Capital Management, Inc.",NYSE,房地产信托投资基金,,16672532059
AA,Alcoa Corp.,NYSE,,,16655006336
NWS,News Corp.,NASDAQ,媒体,,16639284470
SSNC,"SS&C Technologies Holdings, Inc.",NASDAQ,软件,,16630153365
YUMC,"Yum China Holdings, Inc.",NYSE,,,16621496250
OVV,"Ovintiv, Inc.",NYSE,,,16562374307
WF,"Woori Financial Group, Inc.",NYSE,银行,,16558029503
TLK,PT Telkom Indonesia (Persero) Tbk,NYSE,电信,,16518623862
SMMT,"Summit Therapeutics, Inc.",NASDAQ,,,16491699426
LULU,"lululemon athletica, Inc.",NASDAQ,零售,,16460089425
SMCI,"Super Micro Computer, Inc.",NASDAQ,计算机,,16367336547
BALL,Ball Corp.,NYSE,,,16349782127
BIP,Brookfield Infrastructure Partners LP,NYSE,电力,,16342352218
KSPI,Kaspi.kz JSC,NASDAQ,,,16321662649
CLH,"Clean Harbors, Inc.",NYSE,环境控制,,16319782766
PTC,"PTC, Inc.",NASDAQ,软件,,16314369052
WES,Western Midstream Partners LP,NYSE,管道,,16313578795
CIB,Grupo Cibest SA,NYSE,银行,,16291305962
CEGVV,Constellation Energy Corp.,NASDAQ,,,16228279602
EMA,"Emera, Inc.",NYSE,,,16169811289
KIM,Kimco Realty Corp.,NYSE,房地产信托投资基金,,16060901828
ZBH,"Zimmer Biomet Holdings, Inc.",NYSE,,,16042188296
TPG,"TPG, Inc.",NASDAQ,,,16041928162
NIO,"NIO, Inc.",NYSE,,,15948570486
WPC,"W.P. Carey, Inc.",NYSE,,,15942263684
JLL,"Jones Lang LaSalle, Inc.",NYSE,,,15838145868
NVMI,Nova Ltd.,NASDAQ,半导体,,15829191646
GRAB,Grab Holdings Ltd. (Singapore),NASDAQ,,,15827859117
IONQ,"IonQ, Inc.",NYSE,,,15802216283
GIB,"CGI, Inc.",NYSE,计算机,,15797590158
SUI,"Sun Communities, Inc.",NYSE,,,15796711197
NDSN,Nordson Corp.,NASDAQ,机械-多元,,15707544494
PAA,Plains All American Pipeline LP,NYSE,管道,,15705135202
HTHT,H World Group Ltd.,NASDAQ,住宿,,15666459954
BSAC,Banco Santander Chile SA,NYSE,银行,,15603338763
LSCC,Lattice Semiconductor Corp.,NASDAQ,半导体,,15589428172
THC,Tenet Healthcare Corp.,NYSE,健康护理服务,,15550485675
TRMB,"Trimble, Inc.",NASDAQ,,,15468714209
XPEV,"XPeng, Inc.",NYSE,,,15440379548
TXT,"Textron, Inc.",NYSE,,,15352041496
BEN,"Franklin Resources, Inc.",NYSE,,,15341690672
H,Hyatt Hotels Corp.,NYSE,住宿,,15282682872
RE,Everest Re Group Ltd.,NYSE,保险,,15250899834
IEX,IDEX Corp.,NYSE,,,15238991296
MAA,"Mid-America Apartment Communities, Inc.",NYSE,,,15171730894
CSGP,"CoStar Group, Inc.",NASDAQ,,,15096186282
DECK,Deckers Outdoor Corp.,NASDAQ,服饰,,15075089142
MAS,Masco Corp.,NYSE,,,14996937308
MLI,"Mueller Industries, Inc.",NYSE,,,14993361529
PNFP,"Pinnacle Financial Partners, Inc.",NASDAQ,银行,,14955192059
BNT,Brookfield Wealth Solutions Ltd.,NYSE,,,14935806866
WCC,"WESCO International, Inc.",NYSE,销售/批发,,14930322094
WMG,Warner Music Group Corp.,NASDAQ,,,14907760513
J,"Jacobs Solutions, Inc.",NYSE,,,14868753687
IREN,IREN Ltd.,NASDAQ,,,14757400253
REG,Regency Centers Corp.,NYSE,,,14701593644
SYMC,Symantec Corp.,NASDAQ,软件,,14678251051
CHKP,Check Point Software Technologies Ltd.,NASDAQ,软件,,14525882932
GPC,Genuine Parts Co.,NYSE,销售/批发,,14507660811
STRL,"Sterling Infrastructure, Inc.",NASDAQ,,,14491737785
TME,Tencent Music Entertainment Group,NYSE,,,14472928986
PKI,"PerkinElmer, Inc. (United States)",NYSE,,,14455820687
CSL,"Carlisle Cos., Inc.",NYSE,,,14451293147
TYL,"Tyler Technologies, Inc.",NYSE,软件,,14449965662
NWSA,News Corp.,NASDAQ,媒体,,14444455655
NLOK,"NortonLifeLock, Inc.",NASDAQ,,,14416245904
CNHI,CNH Industrial NV,NYSE,,,14398166645
GFL,"GFL Environmental, Inc.",NYSE,,,14397775559
HST,"Host Hotels & Resorts, Inc.",NYSE,房地产信托投资基金,,14392759355
RGC,Regencell Bioscience Holdings Ltd.,NYSE,,,14315454264
TTMI,"TTM Technologies, Inc.",NASDAQ,电子,,14287782894
FNF,"Fidelity National Financial, Inc.",NYSE,,,14286238138
LECO,"Lincoln Electric Holdings, Inc.",NASDAQ,,,14254728453
HII,"Huntington Ingalls Industries, Inc.",NYSE,造船,,14231303515
LOGI,Logitech International SA,NASDAQ,计算机硬件,,14178082939
ARXS,"Arxis, Inc.",NASDAQ,,,14151576460
DTM,"DT Midstream, Inc.",NYSE,,,14140176958
WLK,Westlake Corp.,NYSE,化学制品,,14135294366
OHI,"Omega Healthcare Investors, Inc.",NYSE,房地产信托投资基金,,14127622910
SKM,"SK Telecom Co., Ltd.",NYSE,,,14096444992
AKAM,"Akamai Technologies, Inc.",NASDAQ,软件,,14049495516
ONTO,"Onto Innovation, Inc.",NYSE,,,14042111671
AEIS,"Advanced Energy Industries, Inc.",NASDAQ,,,14034470023
RRX,Regal Rexnord Corp.,NYSE,,,13947464315
QXO,"QXO, Inc.",NASDAQ,,,13903291300
SRAD,Sportradar Group AG,NASDAQ,,,13894503779
EG,Everest Group Ltd.,NYSE,,,13894229832
TIGO,Millicom International Cellular SA,NASDAQ,,,13871520309
ASND,Ascendis Pharma A/S,NASDAQ,,,13834167984
PFGC,Performance Food Group Co.,NYSE,,,13805072077
OWL,"Blue Owl Capital, Inc.",NYSE,,,13797595750
RGA,"Reinsurance Group of America, Inc.",NYSE,保险,,13747768097
MKC,"McCormick & Co., Inc.",NYSE,,,13740457252
PAYP,PayPay Corp.,NASDAQ,,,13720227249
MKC.V,"McCormick & Co., Inc.",NYSE,,,13700249022
LAMR,Lamar Advertising Co.,NASDAQ,媒体内容,,13678376882
SUN,Sunoco LP,NYSE,,,13673567009
APA,APA Corp.,NYSE,油气,,13662460145
ALLY,"Ally Financial, Inc.",NYSE,,,13655064448
SITM,SiTime Corp.,NASDAQ,,,13625250258
TOL,"Toll Brothers, Inc.",NYSE,房屋建筑商,,13607455434
GLPI,"Gaming & Leisure Properties, Inc.",NASDAQ,,,13603144245
ARCC,Ares Capital Corp.,NASDAQ,投资公司,,13592172524
TRU,TransUnion,NYSE,,,13527058362
HAS,"Hasbro, Inc.",NASDAQ,,,13520968443
BBIO,"BridgeBio Pharma, Inc.",NASDAQ,,,13504488164
EVR,"Evercore, Inc.",NYSE,,,13487257308
RNR,RenaissanceRe Holdings Ltd.,NYSE,保险,,13452731398
PNR,Pentair plc,NYSE,,,13390407775
COKE,"Coca-Cola Consolidated, Inc.",NASDAQ,饮料,,13377426246
GGG,"Graco, Inc.",NYSE,,,13334057274
SNN,Smith & Nephew plc,NYSE,医疗保健产品,,13260237255
RPM,"RPM International, Inc.",NYSE,化学制品,,13236784677
FMS,Fresenius Medical Care AG,NYSE,健康护理服务,,13212407746
CNA,CNA Financial Corp.,NYSE,保险,,13150423559
BF.A,Brown-Forman Corp.,NYSE,饮料,,13035599825
NBIX,"Neurocrine Biosciences, Inc.",NASDAQ,制药,,12895113571
PAC,Grupo Aeroportuario del Pac铆fico SAB de CV,NYSE,工程建设,,12869669637
FIVE,"Five Below, Inc.",NASDAQ,,,12851221100
AVY,Avery Dennison Corp.,NYSE,家庭产品/用品,,12810531748
PEN,"Penumbra, Inc.",NYSE,,,12795197278
GNRC,"Generac Holdings, Inc.",NYSE,,,12756124649
AGNC,AGNC Investment Corp.,NASDAQ,房地产信托投资基金,,12717623912
BF.B,Brown-Forman Corp.,NYSE,饮料,,12715264364
ALGN,"Align Technology, Inc.",NASDAQ,,,12696310070
NYT,The New York Times Co.,NYSE,媒体,,12696001855
AEG,Aegon Ltd.,NYSE,保险,,12684864997
PODD,Insulet Corp.,NASDAQ,医疗保健产品,,12670410329
JHX,James Hardie Industries Plc,NYSE,,,12636122078
APTV,Aptiv Plc,NYSE,,,12607309226
UNM,Unum Group,NYSE,保险,,12565784720
JAZZ,Jazz Pharmaceuticals Plc,NASDAQ,制药,,12555849399
MOD,Modine Manufacturing Co.,NYSE,汽车制造,,12502470325
PNW,Pinnacle West Capital Corp.,NYSE,,,12481375158
VNTV,"Vantiv, Inc.",NYSE,商业服务,,12449117883
WBDWV,WARNER BROS DISCOVERY INC,NASDAQ,,,12436173663
DISCB,"Discovery, Inc.",NASDAQ,媒体,,12426010390
DISCA,"Discovery, Inc.",NASDAQ,媒体,,12410440302
ENLT,Enlight Renewable Energy Ltd.,NASDAQ,,,12379843033
BBY,"Best Buy Co., Inc.",NYSE,,,12358553100
COO,"The Cooper Cos., Inc.",NYSE,,,12311718216
CRBG,"Corebridge Financial, Inc.",NYSE,,,12304233140
GMED,"Globus Medical, Inc.",NYSE,,,12274214469
BMNR,"Bitmine Immersion Technologies, Inc.",NYSE,,,12234509360
SWK,"Stanley Black & Decker, Inc.",NYSE,,,12174456035
TIMB,TIM SA (Brazil),NYSE,,,12160797993
ELS,"Equity LifeStyle Properties, Inc.",NYSE,,,12138146452
PL,Planet Labs PBC,NYSE,保险,,12124562117
DY,"Dycom Industries, Inc.",NYSE,工程建设,,12107701207
SF,Stifel Financial Corp.,NYSE,多元化金融服务,,12072618371
CTL,"CenturyLink, Inc.",NYSE,电信,,12072523342
RMBS,"Rambus, Inc.",NASDAQ,半导体,,12034892737
OKLO,"Oklo, Inc.",NYSE,,,12010903588
GL,"Globe Life, Inc.",NYSE,,,11983615550
SCI,Service Corp. International,NYSE,,,11977184360
IESC,"IES Holdings, Inc.",NASDAQ,,,11976726798
BJ,"BJ's Wholesale Club Holdings, Inc.",NYSE,,,11954884872
ACGLO,Arch Capital Group Ltd.,NASDAQ,,,11953324398
HL,Hecla Mining Co.,NYSE,采矿,,11949769559
AR,Antero Resources Corp.,NYSE,,,11945316926
TPX,"Tempur Sealy International, Inc.",NYSE,,,11943843774
ARMK,Aramark,NYSE,,,11943267888
HUBS,"HubSpot, Inc.",NYSE,,,11920943288
TFII,"TFI International, Inc.",NYSE,,,11874649173
ALLE,Allegion Plc,NYSE,,,11860853272
MDGL,"Madrigal Pharmaceuticals, Inc.",NASDAQ,,,11854228981
IONS,"Ionis Pharmaceuticals, Inc.",NASDAQ,,,11851033848
SAIA,"Saia, Inc.",NASDAQ,运输,,11833267237
ERJ,Embraer SA,NYSE,航空航天/国防,,11825086599
UDR,"UDR, Inc.",NYSE,,,11790846105
QVCA,Liberty Interactive Corp.,NASDAQ,,,11785091838
EQH,"Equitable Holdings, Inc.",NYSE,,,11779481764
SANM,Sanmina Corp.,NASDAQ,计算机硬件,,11765169104
GWRE,"Guidewire Software, Inc.",NYSE,软件,,11746287895
FHN,First Horizon Corp. (Tennessee),NYSE,银行,,11731020612
ONON,On Holding AG,NYSE,,,11730551690
HRL,Hormel Foods Corp.,NYSE,,,11723804900
AIZ,"Assurant, Inc.",NYSE,保险,,11718365241
RDY,Dr. Reddy's Laboratories Ltd.,NYSE,制药,,11713803994
SOLV,Solventum Corp.,NYSE,,,11709190379
PSKY,Paramount Skydance Corp.,NASDAQ,,,11695516976
MEDP,"Medpace Holdings, Inc.",NASDAQ,,,11691479746
CLX,The Clorox Co.,NYSE,,,11678876694
WBS,Webster Financial Corp.,NYSE,银行,,11667618552
WMS,"Advanced Drainage Systems, Inc.",NYSE,休闲,,11629811377
DKNG,"DraftKings, Inc.",NASDAQ,,,11617399472
U,"Unity Software, Inc.",NYSE,,,11580199343
KTOS,"Kratos Defense & Security Solutions, Inc.",NASDAQ,,,11558420531
AMH,American Homes 4 Rent,NYSE,,,11459566660
DPZ,"Domino's Pizza, Inc.",NYSE,零售,,11447869635
PINS,"Pinterest, Inc.",NYSE,,,11444053481
JEC,"Jacobs Engineering Group, Inc.",NYSE,,,11438126892
EXEL,"Exelixis, Inc.",NASDAQ,生物技术和制药,,11412587380
GDDY,"GoDaddy, Inc.",NYSE,,,11376439140
DINO,HF Sinclair Corp.,NYSE,,,11310356242
VICR,Vicor Corp.,NASDAQ,计算机硬件,,11283847043
GME,GameStop Corp.,NYSE,零售,,11249732933
CCK,"Crown Holdings, Inc.",NYSE,,,11244399888
CACI,"CACI International, Inc.",NYSE,,,11242264980
FPS,"Forgent Power Solutions, Inc.",NYSE,,,11239514431
EMBJ,Embraer SA,NYSE,,,11237140190
RBRK,"Rubrik, Inc.",NYSE,,,11235159142
WTRG,"Essential Utilities, Inc.",NYSE,,,11230158337
AIT,"Applied Industrial Technologies, Inc.",NYSE,机械-多元,,11228407829
SUZ,Suzano SA,NYSE,,,11216700236
WTR,"Aqua America, Inc.",NYSE,水业,,11210768570
BWA,"BorgWarner, Inc.",NYSE,汽车部件与设备,,11191199859
DOC,"Healthpeak Properties, Inc.",NYSE,,,11169298727
HLI,"Houlihan Lokey, Inc.",NYSE,,,11133197772
DIDI,"Didi Global, Inc.",NYSE,,,11115746551
AAXN,"Axon Enterprise, Inc.",NASDAQ,,,11091998770
ELAN,"Elanco Animal Health, Inc.",NYSE,,,11068745723
WYNN,Wynn Resorts Ltd.,NASDAQ,住宿,,11049408656
ABX,"Abacus Global Management, Inc.",NYSE,,,11036190121
JKHY,"Jack Henry & Associates, Inc.",NASDAQ,软件,,11030782334
SEIC,SEI Investments Co.,NASDAQ,,,11015318817
ENSG,"The Ensign Group, Inc.",NASDAQ,健康护理服务,,11004608338
AAOI,"Applied Optoelectronics, Inc.",NASDAQ,,,10988942804
MP,MP Materials Corp.,NYSE,,,10961192410
EQX,Equinox Gold Corp.,NYSE,,,10921714508
AFG,"American Financial Group, Inc.",NYSE,保险,,10916318063
EGP,"EastGroup Properties, Inc.",NYSE,,,10870920135
FLS,Flowserve Corp.,NYSE,机械-多元,,10867722039
SPXC,"SPX Technologies, Inc.",NYSE,,,10854991658
CDAY,"Ceridian HCM Holding, Inc.",NYSE,,,10853814690
WYN,Wyndham Worldwide Corp.,NYSE,住宿,,10821465869
ALSN,"Allison Transmission Holdings, Inc.",NYSE,汽车部件与设备,,10808487414
DT,"Dynatrace, Inc.",NYSE,,,10737040104
BPYPP,Brookfield Property Partners LP,NASDAQ,,,10725319742
GIL,"Gildan Activewear, Inc.",NYSE,服饰,,10718998119
CHK,Chesapeake Energy Corp.,NYSE,油气,,10693673762
DRS,"Leonardo DRS, Inc.",NYSE,,,10686497648
CHWY,"Chewy, Inc.",NYSE,,,10662763265
KNX,"Knight-Swift Transportation Holdings, Inc.",NYSE,,,10645863433
PAG,"Penske Automotive Group, Inc.",NYSE,零售,,10620148336
ERIE,Erie Indemnity Co.,NASDAQ,保险,,10615756149
ZBRA,Zebra Technologies Corp.,NASDAQ,机械-多元,,10603018444
CAVA,"Cava Group, Inc.",NYSE,,,10595613583
SFD,"Smithfield Foods, Inc.",NASDAQ,,,10572734226
ACM,AECOM,NYSE,工程建设,,10476256802
FORM,"FormFactor, Inc.",NASDAQ,半导体,,10457198150
SJM,The J. M. Smucker Co.,NYSE,食品,,10456334241
GSAT,"Globalstar, Inc.",NASDAQ,,,10448897249
TXRH,"Texas Roadhouse, Inc.",NASDAQ,零售,,10419350818
AM,Antero Midstream Corp.,NYSE,家庭产品/用品,,10388892874
ENIA,Enel Am茅ricas SA,NYSE,,,10320325247
AES,The AES Corp.,NYSE,电力,,10314588201
UHAL,U-Haul Holding Co.,NASDAQ,运输及出租,,10303891678
BMRN,"BioMarin Pharmaceutical, Inc.",NASDAQ,制药,,10301292452
ZG,"Zillow Group, Inc.",NASDAQ,,,10288120190
CR,Crane Co.,NYSE,多元化制造商,,10276098781
STN,"Stantec, Inc.",NYSE,商业服务,,10259185719
Z,"Zillow Group, Inc.",NASDAQ,媒体内容,,10256048970
KT,KT Corp.,NYSE,,,10208759999
WULF,"TeraWulf, Inc.",NASDAQ,,,10199550749
AABA,"Altaba, Inc.",NASDAQ,,,10198008589
MGM,MGM Resorts International,NYSE,住宿,,10169903900
BEP,Brookfield Renewable Partners LP,NYSE,,,10169510237
DCI,"Donaldson Co., Inc.",NYSE,多元化制造商,,10165015807
WTFC,Wintrust Financial Corp.,NASDAQ,银行,,10152686022
IT,"Gartner, Inc.",NYSE,,,10138005109
RRC,Range Resources Corp.,NYSE,,,10117618705
EHC,Encompass Health Corp.,NYSE,,,10111120837
SNAP,"Snap, Inc.",NYSE,,,10040819811
XP,"XP, Inc.",NASDAQ,,,9997974430
CART,"Maplebear, Inc.",NASDAQ,,,9996271131
VIAV,"Viavi Solutions, Inc.",NASDAQ,,,9989076866
OC,Owens Corning,NYSE,,,9967110765
WTS,"Watts Water Technologies, Inc.",NYSE,,,9953411298
GTLS,"Chart Industries, Inc.",NASDAQ,机械-多元,,9951737071
MOG.B,"Moog, Inc.",NYSE,,,9947904589
UHS,"Universal Health Services, Inc.",NYSE,健康护理服务,,9925264963
DVA,"DaVita, Inc.",NYSE,卫生保健设施,,9892310531
DOCN,"DigitalOcean Holdings, Inc.",NYSE,,,9848877569
JEF,"Jefferies Financial Group, Inc.",NYSE,,,9839327395
ARWR,"Arrowhead Pharmaceuticals, Inc.",NASDAQ,商业服务,,9820456749
OGE,OGE Energy Corp.,NYSE,,,9819246940
BSY,"Bentley Systems, Inc.",NASDAQ,,,9800933639
LFUS,"Littelfuse, Inc.",NASDAQ,,,9793345786
HMY,Harmony Gold Mining Co. Ltd.,NYSE,采矿,,9787499357
ORI,Old Republic International Corp.,NYSE,保险,,9787334281
BPOP,"Popular, Inc.",NASDAQ,银行,,9746062948
DAR,"Darling Ingredients, Inc.",NYSE,环境控制,,9734862679
VMI,"Valmont Industries, Inc.",NYSE,金属构造/部件,,9724152075
MOG.A,"Moog, Inc.",NYSE,,,9717538641
AUR,"Aurora Innovation, Inc.",NASDAQ,,,9673431435
MOH,"Molina Healthcare, Inc.",NYSE,卫生保健设施,,9662987064
AHR,"American Healthcare REIT, Inc.",NYSE,,,9654907248
CNM,"Core & Main, Inc.",NYSE,,,9640731961
SSB,SouthState Bank Corp.,NASDAQ,,,9637065205
AG,First Majestic Silver Corp.,NYSE,,,9625162252
W,"Wayfair, Inc.",NYSE,,,9619683346
MUSA,"Murphy USA, Inc.",NYSE,,,9616198280
CIG.C,Companhia Energ茅tica de Minas Gerais SA,NYSE,,,9612959532
TMK,Torchmark Corp.,NYSE,保险,,9611884272
AVAV,"AeroVironment, Inc.",NASDAQ,,,9604304415
IAG,IAMGOLD Corp.,NYSE,采矿,,9603536244
ELPC,Companhia Paranaense de Energia,NYSE,,,9600807734
R,"Ryder System, Inc.",NYSE,运输,,9588020580
UMBF,UMB Financial Corp.,NASDAQ,银行,,9543721440
RVTY,"Revvity, Inc.",NYSE,,,9525643290
AXSM,"Axsome Therapeutics, Inc.",NASDAQ,,,9519477021
VFS,VinFast Auto Ltd.,NASDAQ,,,9510214100
BLDR,"Builders FirstSource, Inc.",NASDAQ,建筑材料,,9473179845
ESI,"Element Solutions, Inc.",NYSE,,,9449065440
SN,"SharkNinja, Inc.",NYSE,油气,,9405026872
ARW,"Arrow Electronics, Inc.",NYSE,销售/批发,,9403044771
FCFS,"FirstCash Holdings, Inc.",NASDAQ,,,9387626253
BXP,"BXP, Inc.",NYSE,房地产信托投资基金,,9385682744
OSK,Oshkosh Corp.,NYSE,汽车制造,,9380162294
UHALB,AMERCO,NASDAQ,,,9365090242
PEAK,"Healthpeak Properties, Inc.",NYSE,,,9356658218
MASI,Masimo Corp.,NASDAQ,医疗保健产品,,9346760871
BRX,"Brixmor Property Group, Inc.",NYSE,,,9324754818
KRMN,"Karman Holdings, Inc.",NYSE,,,9317923126
POWL,"Powell Industries, Inc.",NASDAQ,,,9308881629
UHAL.B,U-Haul Holding Co.,NYSE,,,9306199913
ZION,Zions Bancorporation NA,NASDAQ,银行,,9290853884
BAX,"Baxter International, Inc.",NYSE,,,9266733020
ONB,Old National Bancorp,NYSE,银行,,9263837983
ADC,Agree Realty Corp.,NYSE,,,9233507239
GPS,"Gap, Inc.",NYSE,,,9207884719
BAH,Booz Allen Hamilton Holding Corp.,NYSE,,,9195924802
TTC,The Toro Co.,NYSE,,,9182457542
BTSG,"BrightSpring Health Services, Inc.",NASDAQ,,,9179330951
APLD,Applied Digital Corp.,NASDAQ,,,9178916934
FRHC,Freedom Holding Corp.,NASDAQ,,,9175520237
SWKS,"Skyworks Solutions, Inc.",NASDAQ,半导体,,9171755128
CREE,"Cree, Inc.",NASDAQ,半导体,,9169389442
TEM,"Tempus AI, Inc.",NASDAQ,,,9167575808
PRIM,Primoris Services Corp.,NASDAQ,控股公司-多元经营,,9163501014
ASR,Grupo Aeroportuario del Sureste SA de CV,NYSE,,,9155700073
RYAN,"Ryan Specialty Holdings, Inc.",NYSE,,,9140226832
SLW,Silver Wheaton,NYSE,采矿,,9122859945
HBM,"Hudbay Minerals, Inc.",NYSE,采矿,,9121608635
BROS,"Dutch Bros, Inc.",NYSE,,,9114329361
DDS,"Dillard's, Inc.",NYSE,零售,,9091165617
IDCC,"InterDigital, Inc.",NASDAQ,电信,,9070253566
FIG,"Figma, Inc.",NYSE,,,9048123566
CFR,"Cullen/Frost Bankers, Inc.",NYSE,银行,,9036041077
CUBE,CubeSmart,NYSE,房地产信托投资基金,,9030747180
TAP.A,Molson Coors Beverage Co.,NYSE,,,9002135901
LUMN,"Lumen Technologies, Inc. (Louisiana)",NYSE,,,8993282823
YMM,"Full Truck Alliance Co., Ltd.",NYSE,,,8979945890
CGNX,Cognex Corp.,NASDAQ,,,8976994760
PRAX,"Praxis Precision Medicines, Inc.",NASDAQ,,,8965740211
BILI,"Bilibili, Inc.",NASDAQ,,,8939493534
GAP,"Gap, Inc.",NYSE,,,8928000918
GGB,Gerdau SA,NYSE,,,8900675541
DOCU,"DocuSign, Inc.",NASDAQ,,,8892717147
COG,Cabot Oil & Gas Corp.,NYSE,,,8892526247
CTRE,"CareTrust REIT, Inc.",NASDAQ,,,8869488665
AGNCM,AGNC Investment Corp.,NASDAQ,,,8848271179
SIRI,"SiriusXM Holdings, Inc.",NASDAQ,媒体内容,,8842859530
AOS,A. O. Smith Corp.,NYSE,,,8837671223
AGNCN,AGNC Investment Corp.,NASDAQ,,,8823256553
AGNCP,AGNC Investment Corp.,NASDAQ,,,8818879729
PRI,"Primerica, Inc.",NYSE,保险,,8814322594
SMTC,Semtech Corp.,NASDAQ,半导体,,8788146537
AGX,"Argan, Inc.",NYSE,,,8787344365
JOBY,"Joby Aviation, Inc.",NYSE,,,8784617608
PSO,Pearson Plc,NYSE,媒体内容,,8784601389
WAL,Western Alliance Bancorp.,NYSE,银行,,8740347597
HSIC,"Henry Schein, Inc.",NASDAQ,医疗保健产品,,8733473851
ZWS,Zurn Elkay Water Solutions Corp.,NYSE,,,8702370518
ABVX,Abivax SA,NASDAQ,,,8700073857
AYI,"Acuity, Inc.",NYSE,,,8648007928
BNRE.A,Brookfield Reinsurance Ltd.,NYSE,,,8604366691
ALV,"Autoliv, Inc.",NYSE,汽车制造,,8600300179
MYL,"Viatris, Inc.",NASDAQ,制药,,8586209394
LEVI,Levi Strauss & Co.,NYSE,,,8576495680
COLB,"Columbia Banking System, Inc.",NASDAQ,银行,,8575879465
LLYVK,"Liberty Live Holdings, Inc.",NASDAQ,,,8546942079
TX,Ternium SA,NYSE,,,8510919203
SSL,Sasol Ltd.,NYSE,化学制品,,8496882176
EDU,"New Oriental Education & Technology Group, Inc.",NYSE,,,8488038271
PCVX,"Vaxcyte, Inc.",NASDAQ,,,8479861599
NFG,National Fuel Gas Co.,NYSE,,,8479208043
HNP,"Huaneng Power International, Inc.",NYSE,,,8465197093
SBSW,Sibanye Stillwater Ltd.,NYSE,,,8442167081
CAMT,Camtek Ltd.,NASDAQ,电子,,8398764820
ACI,"Albertsons Cos., Inc.",NYSE,,,8386979959
CELH,"Celsius Holdings, Inc.",NASDAQ,,,8379949757
NNN,"NNN REIT, Inc.",NYSE,,,8378847638
GDS,GDS Holdings Ltd.,NASDAQ,,,8377788107
TECH,Bio-Techne Corp.,NASDAQ,医疗保健产品,,8371815446
WWE,"World Wrestling Entertainment, Inc.",NYSE,媒体内容,,8370220501
FDS,"FactSet Research Systems, Inc.",NYSE,媒体,,8365315433
AGCO,AGCO Corp.,NYSE,,,8345263526
PCOR,"Procore Technologies, Inc.",NYSE,,,8341073638
LLYVA,"Liberty Live Holdings, Inc.",NASDAQ,,,8324537676
LINE,"Lineage, Inc.",NASDAQ,油气,,8313339648
MANH,"Manhattan Associates, Inc.",NASDAQ,计算机,,8301385443
CWEN,"Clearway Energy, Inc.",NYSE,,,8297000028
CRUS,"Cirrus Logic, Inc.",NASDAQ,半导体,,8285640394
BRKS,"Brooks Automation, Inc.",NASDAQ,半导体,,8285524702
SNEX,"StoneX Group, Inc.",NASDAQ,,,8259037701
CHYM,"Chime Financial, Inc.",NASDAQ,,,8254336039
CRL,"Charles River Laboratories International, Inc.",NYSE,生物技术,,8228264812
CAE,"CAE, Inc.",NYSE,航空航天/国防,,8222123407
ESE,"ESCO Technologies, Inc.",NYSE,电子,,8207244988
SARO,"StandardAero, Inc.",NYSE,,,8189961726
SBGL,Sibanye-Stillwater Ltd.,NYSE,,,8183639810
TTEK,"Tetra Tech, Inc.",NASDAQ,环境控制,,8182837666
EMN,Eastman Chemical Co.,NYSE,化学制品,,8176680459
VRX,"Valeant Pharmaceuticals International, Inc.",NYSE,生物技术和制药,,8173601170
BOKF,BOK Financial Corp.,NASDAQ,银行,,8136977883
JXN,"Jackson Financial, Inc.",NYSE,,,8132016844
NE,Noble Corp. Plc,NYSE,油气,,8130752569
REXR,"Rexford Industrial Realty, Inc.",NYSE,,,8110108445
BNRE,Brookfield Reinsurance Ltd.,NYSE,,,8107133831
UGI,UGI Corp.,NYSE,天然气,,8106814736
NCLH,Norwegian Cruise Line Holdings Ltd.,NASDAQ,休闲,,8106434503
KEX,Kirby Corp.,NYSE,运输,,8091408875
LUK,"Jefferies Financial Group, Inc.",NYSE,,,8089821162
BIO.B,"Bio-Rad Laboratories, Inc.",NYSE,,,8082273214
IDA,"IDACORP, Inc.",NYSE,电力,,8074641850
EGO,Eldorado Gold Corp.,NYSE,,,8071470140
FRO,Frontline Plc,NYSE,,,8038912874
MSGS,Madison Square Garden Sports Corp.,NYSE,,,8027965070
ATR,"AptarGroup, Inc.",NYSE,多元化制造商,,8022282906
NUVL,"Nuvalent, Inc.",NASDAQ,,,8017362128
TAP,Molson Coors Beverage Co.,NYSE,饮料,,8000120487
HUT,Hut 8 Corp.,NASDAQ,,,7994972935
CHRD,Chord Energy Corp.,NASDAQ,,,7949091841
JHG,Janus Henderson Group Plc,NYSE,,,7945679212
NXE,NexGen Energy Ltd.,NYSE,,,7942750882
LKQ,LKQ Corp.,NASDAQ,,,7939555972
FBHS,"Fortune Brands Home & Security, Inc.",NYSE,建筑材料,,7938212741
POOL,Pool Corp.,NASDAQ,,,7936501722
WFRD,Weatherford International plc,NASDAQ,,,7934083528
KNTK,"Kinetik Holdings, Inc.",NASDAQ,,,7933711557
IBP,"Installed Building Products, Inc.",NYSE,,,7896687840
BVN,Compa帽铆a de Minas Buenaventura SAA,NYSE,,,7890102718
VSAT,"ViaSat, Inc.",NASDAQ,电信,,7886371329
SSD,"Simpson Manufacturing Co., Inc.",NYSE,建筑材料,,7873412479
QRVO,"Qorvo, Inc.",NASDAQ,,,7868856930
RXN,Rexnord Corp.,NYSE,金属构造/部件,,7865792568
ICLR,ICON plc,NASDAQ,健康护理服务,,7826128858
PPC,Pilgrim's Pride Corp.,NASDAQ,食品,,7818115225
SOLSV,"Solstice Advanced Materials, Inc.",NASDAQ,,,7817163994
AMG,"Affiliated Managers Group, Inc.",NYSE,多元化金融服务,,7765483408
CNCO,Cencosud SA,NYSE,,,7747933521
SXL,Sunoco Logistics Partners L.P.,NYSE,管道,,7746997076
AAL,"American Airlines Group, Inc.",NASDAQ,,,7705136198
WR,"Westar Energy, Inc.",NYSE,电力,,7680589344
CMC,Commercial Metals Co.,NYSE,钢铁,,7646794106
VIST,Vista Energy SAB de CV,NASDAQ,,,7626493428
ALGM,"Allegro MicroSystems, Inc.",NASDAQ,,,7619160253
MBLY,"Mobileye Global, Inc.",NASDAQ,,,7613362556
MTDR,Matador Resources Co.,NYSE,,,7597759548
ENS,EnerSys,NYSE,,,7594331015
CBSH,"Commerce Bancshares, Inc. (Missouri)",NASDAQ,银行,,7588002440
FIGR,FT Intermediate  Inc.,NASDAQ,,,7572399597
HALO,"Halozyme Therapeutics, Inc.",NASDAQ,生物技术和制药,,7568138411
STAG,"STAG Industrial, Inc.",NYSE,房地产信托投资基金,,7564603173
RIG,Transocean Ltd.,NYSE,,,7553572702
VLY,Valley National Bancorp,NYSE,银行,,7544252492
VOYA,"Voya Financial, Inc.",NYSE,保险,,7541388876
MWH,"SOLV Energy, Inc.",NASDAQ,,,7540744512
CYTK,"Cytokinetics, Inc.",NASDAQ,生物技术和制药,,7539993247
BIO,"Bio-Rad Laboratories, Inc.",NYSE,生物技术,,7529349332
TKR,The Timken Co.,NYSE,金属构造/部件,,7456133446
PARA,Paramount Global,NASDAQ,,,7443442694
AXS,AXIS Capital Holdings Ltd.,NYSE,保险,,7436006436
MOS,The Mosaic Co.,NYSE,化学制品,,7369273993
NOV,"NOV, Inc.",NYSE,油气服务,,7326217475
VFC,VF Corp.,NYSE,,,7322493206
MHG,MARINE HARVEST ASA,NYSE,,,7304889822
AL,Sumisho Air Lease Corp.,NYSE,多元化金融服务,,7282301520
AWI,"Armstrong World Industries, Inc.",NYSE,,,7279218392
CMPO,"CompoSecure, Inc.",NASDAQ,,,7268349890
FLR,Fluor Corp.,NYSE,工程建设,,7258933527
SNDKV,Sandisk Corp.,NASDAQ,,,7253279846
CIG,Companhia Energ茅tica de Minas Gerais SA,NYSE,电力,,7251829017
BEPC,Brookfield Renewable Corp.,NYSE,,,7243200705
CE,Celanese Corp.,NYSE,化学制品,,7235808803
GRUB,Just Eat Takeaway.com NV,NYSE,媒体内容,,7222859357
AAON,"AAON, Inc.",NASDAQ,建筑材料,,7208794215
CWAN,"Clearwater Analytics Holdings, Inc.",NYSE,,,7206091580
NGD,"New Gold, Inc.",NYSE,,,7188879111
YOU,"Clear Secure, Inc.",NYSE,,,7187636181
FAF,First American Financial Corp.,NYSE,保险,,7184459220
BIRK,Birkenstock Holding Plc,NYSE,,,7180244010
WGP,Western Gas Equity Partners LP,NYSE,天然气,,7163644985
IBRX,"ImmunityBio, Inc.",NASDAQ,,,7155655738
PRMB,Primo Brands Corp.,NYSE,,,7147322015
LNC,Lincoln National Corp.,NYSE,保险,,7146465079
INGR,"Ingredion, Inc.",NYSE,食品,,7124805880
SLAB,"Silicon Laboratories, Inc.",NASDAQ,半导体,,7114583842
UEC,Uranium Energy Corp.,NYSE,,,7083690149
MORN,"Morningstar, Inc.",NASDAQ,商业服务,,7077190411
VAL,Valaris Ltd.,NYSE,化学制品,,7065065241
OR,"OR Royalties, Inc.",NYSE,,,7045930149
CBG,"CBRE Group, Inc.",NYSE,,,7045629465
TEX,Terex Corp.,NYSE,机械-建筑-矿业,,7035756121
LNW,"Light & Wonder, Inc.",NASDAQ,,,7028989292
HXL,Hexcel Corp.,NYSE,,,7021516375
TRNO,Terreno Realty Corp.,NYSE,,,7021423107
SM,SM Energy Co.,NYSE,,,7017245201
CIFR,"Cipher Digital, Inc.",NASDAQ,,,7014175847
GATX,GATX Corp.,NYSE,,,7013430406
PB,"Prosperity Bancshares, Inc.",NYSE,银行,,7005994530
QGEN,QIAGEN NV,NASDAQ,医疗保健产品,,7005510702
GKOS,Glaukos Corp.,NYSE,,,7002782202
GGAL,Grupo Financiero Galicia SA,NASDAQ,银行,,7001659990
AUGO,"Aura Minerals, Inc.",NASDAQ,,,6998913277
ARE,"Alexandria Real Estate Equities, Inc.",NYSE,,,6997796661
ICL,ICL Group Ltd.,NYSE,,,6988991668
ECG,"Everus Construction Group, Inc.",NYSE,,,6977488457
ORA,"Ormat Technologies, Inc.",NYSE,,,6949782310
CHDN,"Churchill Downs, Inc.",NASDAQ,娱乐,,6934842744
BBUC,Brookfield Business Corp.,NYSE,,,6920259685
DOX,Amdocs Ltd.,NYSE,,,6912512561
AN,"AutoNation, Inc.",NYSE,,,6894274273
JCOM,"J2 Global, Inc.",NASDAQ,,,6885452327
INGM,Ingram Micro Holding Corp.,NYSE,,,6884534831
OMF,"OneMain Holdings, Inc.",NYSE,,,6867453867
KYMR,"Kymera Therapeutics, Inc.",NASDAQ,,,6845714612
QMMM,QMMM Holdings Ltd.,NASDAQ,,,6830437083
CAG,"Conagra Brands, Inc.",NYSE,食品,,6829690105
SOBO,South Bow Corp.,NYSE,,,6823010694
FSS,Federal Signal Corp.,NYSE,多元化制造商,,6804819065
BHI,Baker Hughes Incorporated,NYSE,油气服务,,6800751784
VIPS,Vipshop Holdings Ltd.,NYSE,,,6781420168
VSNTV,"Versant Media Group, Inc.",NASDAQ,,,6742260017
ACLX,"Arcellx, Inc.",NASDAQ,,,6732324986
GDI,"Gardner Denver Holdings, Inc.",NYSE,,,6728893831
JBTM,JBT Marel Corp.,NYSE,,,6721490152
QBTS,"D-Wave Quantum, Inc.",NYSE,,,6697000141
SFM,"Sprouts Farmers Market, Inc.",NASDAQ,,,6688928306
UBNT,"Ubiquiti Networks, Inc.",NASDAQ,计算机硬件,,6682588421
AROC,"Archrock, Inc.",NYSE,,,6661198258
TFPM,Triple Flag Precious Metals Corp.,NYSE,,,6659876520
JAN,"Janus Living, Inc.",NASDAQ,,,6652199099
SWX,"Southwest Gas Holdings, Inc.",NYSE,,,6635113193
BZ,Kanzhun Ltd.,NASDAQ,,,6626409788
RGEN,Repligen Corp.,NASDAQ,生物技术,,6622966646
ROAD,"Construction Partners, Inc.",NASDAQ,,,6616820326
MIDD,The Middleby Corp.,NASDAQ,,,6611443584
PLXS,Plexus Corp.,NASDAQ,,,6598309972
FSV,FirstService Corp.,NASDAQ,,,6575392395
TAL,TAL Education Group,NYSE,,,6575376043
RHP,"Ryman Hospitality Properties, Inc.",NYSE,,,6548825544
USM,United States Cellular Corp.,NYSE,,,6548140151
BYD,Boyd Gaming Corp.,NYSE,住宿,,6542071661
GXO,"GXO Logistics, Inc.",NYSE,,,6532381352
EXP,"Eagle Materials, Inc.",NYSE,建筑材料,,6522640098
MHK,"Mohawk Industries, Inc.",NYSE,纺织品,,6504667819
SAIL,"SailPoint, Inc.",NYSE,,,6492196667
RYN,"Rayonier, Inc.",NYSE,,,6489894524
MSA,"MSA Safety, Inc.",NYSE,,,6485922745
LAD,"Lithia Motors, Inc.",NYSE,零售,,6464701097
PTGX,"Protagonist Therapeutics, Inc.",NASDAQ,,,6460632596
CAR,"Avis Budget Group, Inc.",NASDAQ,商业服务,,6446402142
GBCI,"Glacier Bancorp, Inc.",NASDAQ,银行,,6432047748
WH,"Wyndham Hotels & Resorts, Inc.",NYSE,油气服务,,6422933403
AVT,"Avnet, Inc.",NYSE,电子,,6408232722
GTES,Gates Industrial Corp. Plc,NYSE,,,6397739608
APGE,"Apogee Therapeutics, Inc.",NASDAQ,,,6368401841
BLTE,"Belite Bio, Inc.",NASDAQ,,,6367673393
HIMS,"Hims & Hers Health, Inc.",NYSE,,,6366329357
THG,"The Hanover Insurance Group, Inc.",NYSE,保险,,6363190588
SITE,"SiteOne Landscape Supply, Inc.",NYSE,,,6332771993
PBCTP,"People's United Financial, Inc.",NASDAQ,,,6328335876
CORZ,"Core Scientific, Inc.",NASDAQ,,,6321363800
AMTM,"Amentum Holdings, Inc.",NYSE,,,6319140902
FNB,F.N.B. Corp. (Pennsylvania),NYSE,银行,,6311380188
CFX,Colfax Corp.,NYSE,多元化制造商,,6301565333
LEA,Lear Corp.,NYSE,汽车部件与设备,,6288104188
RIOT,"Riot Platforms, Inc.",NASDAQ,,,6285906780
SGHC,Super Group (SGHC) Ltd.,NYSE,,,6279828381
UGP,Ultrapar Participa莽oes SA,NYSE,,,6279007746
CCIV,Churchill Capital Corp. IV,NYSE,,,6274687500
NEU,NewMarket Corp.,NYSE,化学制品,,6270105525
PIPR,Piper Sandler Cos.,NYSE,,,6267790293
ENIC,Enel Chile SA,NYSE,,,6238823776
MTG,MGIC Investment Corp.,NYSE,,,6227198692
CBC,"Central Bancompany, Inc.",NASDAQ,,,6221188445
ACT,"Enact Holdings, Inc.",NYSE,,,6215038995
SEE,Sealed Air Corp.,NYSE,,,6211799235
COGT,"Cogent Biosciences, Inc.",NASDAQ,,,6206908766
NXST,"Nexstar Media Group, Inc.",NASDAQ,媒体,,6195706099
LSTR,"Landstar System, Inc.",NASDAQ,,,6195533307
LGN,Legence Corp.,NASDAQ,,,6193926401
REZI,"Resideo Technologies, Inc.",NYSE,,,6168143611
STEP,"StepStone Group, Inc.",NASDAQ,,,6163041666
CHE,Chemed Corp.,NYSE,卫生保健设施,,6151759010
ROLL,"RBC Bearings, Inc.",NASDAQ,金属构造/部件,,6144332153
CPB,The Campbell's Co.,NYSE,,,6126015824
AXTA,Axalta Coating Systems Ltd.,NYSE,,,6110235321
TERN,"Terns Pharmaceuticals, Inc.",NASDAQ,,,6109408064
DSGX,"The Descartes Systems Group, Inc.",NASDAQ,软件,,6100842702
CNTA,Centessa Pharmaceuticals Plc,NASDAQ,,,6096182650
UBSI,"United Bankshares, Inc. (West Virginia)",NASDAQ,银行,,6085799789
NPO,"Enpro, Inc.",NYSE,,,6080416526
KVYO,"Klaviyo, Inc.",NYSE,,,6077195737
ESAB,ESAB Corp.,NYSE,,,6061973127
ST,Sensata Technologies Holding Plc,NYSE,,,6056513440
ESNT,Essent Group Ltd.,NASDAQ,,,6041434150
PEGA,"Pegasystems, Inc.",NASDAQ,软件,,6028965992
EPAM,"EPAM Systems, Inc.",NYSE,,,6022194051
RUSHB,"Rush Enterprises, Inc.",NASDAQ,零售,,6016788496
DLB,"Dolby Laboratories, Inc.",NYSE,娱乐,,6011395970
TFX,"Teleflex, Inc.",NYSE,,,5996630067
SSRM,"SSR Mining, Inc.",NASDAQ,,,5985793287
BLSH,Bullish,NYSE,,,5983531187
URBN,"Urban Outfitters, Inc.",NASDAQ,零售,,5973257214
POR,Portland General Electric Co.,NYSE,电力,,5968043056
NICE,NICE Ltd. (Israel),NASDAQ,电信,,5966444329
PAYC,"Paycom Software, Inc.",NYSE,,,5954452498
LW,"Lamb Weston Holdings, Inc.",NYSE,,,5947486095
TSU,TIM SA (Brazil),NYSE,,,5945434151
SYRE,"Spyre Therapeutics, Inc.",NASDAQ,,,5926880547
CRC,California Resources Corp.,NYSE,家具家饰,,5910320923
RUSHA,"Rush Enterprises, Inc.",NASDAQ,,,5896217172
COMP,Compass  Inc.,NYSE,,,5887087020
KGS,"Kodiak Gas Services, Inc.",NYSE,,,5885798085
HFC,HollyFrontier Corp.,NYSE,,,5873235531
TMHC,Taylor Morrison Home Corp.,NYSE,,,5872955764
CENX,Century Aluminum Co.,NASDAQ,,,5869161149
ALM,"Almonty Industries, Inc.",NASDAQ,,,5858677029
LTH,"Life Time Group Holdings, Inc.",NYSE,,,5853736756
ABCB,Ameris Bancorp,NASDAQ,银行,,5850482773
CLF,"Cleveland-Cliffs, Inc.",NYSE,,,5835341496
UWMC,UWM Holdings Corp.,NYSE,,,5829513165
PTCT,"PTC Therapeutics, Inc.",NASDAQ,,,5824552826
RRR,"Red Rock Resorts, Inc.",NYSE,,,5797766094
EQPT,"EquipmentShare.com, Inc.",NASDAQ,,,5795101012
ACA,"Arcosa, Inc.",NYSE,,,5788722657
TTAN,"ServiceTitan, Inc.",NASDAQ,,,5777593199
CGON,"CG Oncology, Inc.",NASDAQ,,,5775215129
LBRDK,Liberty Broadband Corp.,NASDAQ,,,5768608936
ADT,"ADT, Inc.",NYSE,商业服务,,5767421017
LBRDA,Liberty Broadband Corp.,NASDAQ,,,5767173451
G,Genpact Ltd.,NYSE,,,5763444440
MSM,"MSC Industrial Direct Co., Inc.",NYSE,,,5743406504
MUR,Murphy Oil Corp.,NYSE,油气,,5736815200
MIRM,"Mirum Pharmaceuticals, Inc.",NASDAQ,,,5734966414
DBX,"Dropbox, Inc.",NASDAQ,,,5727325128
BKH,Black Hills Corp.,NYSE,电力,,5721597443
GOLF,Acushnet Holdings Corp.,NASDAQ,,,5700237165
KORS,Michael Kors Holdings Ltd.,NYSE,,,5696820562
MSG,Madison Square Garden Sports Corp.,NASDAQ,,,5690745334
ALKS,Alkermes Plc,NASDAQ,生物技术和制药,,5677530505
BCPC,Balchem Corp.,NASDAQ,化学制品,,5677461455
NJR,New Jersey Resources Corp.,NYSE,,,5668507194
MAC,Macerich Co.,NYSE,,,5662733811
CIGI,"Colliers International Group, Inc.",NASDAQ,,,5656171145
OBDC,Blue Owl Capital Corp.,NYSE,,,5640657419
OTEX,Open Text Corp.,NASDAQ,软件,,5638562482
MKTX,"MarketAxess Holdings, Inc.",NASDAQ,,,5635111120
EAT,"Brinker International, Inc.",NYSE,,,5625395788
DOOO,"BRP, Inc.",NASDAQ,,,5623394415
CCCS,"CCC Intelligent Solutions Holdings, Inc.",NYSE,,,5617671990
TLLP,Tesoro Logistics LP,NYSE,管道,,5616118329
WTM,White Mountains Insurance Group Ltd.,NYSE,保险,,5614834008
SGMS,Scientific Games Corp.,NASDAQ,娱乐,,5613999041
BLCO,Bausch + Lomb Corp.,NYSE,,,5602334929
AX,"Axos Financial, Inc.",NYSE,,,5599243974
SEB,Seaboard Corp.,NYSE,食品,,5582492976
LBTYB,Liberty Global Ltd.,NASDAQ,媒体内容,,5578194548
SRRK,Scholar Rock Holding Corp.,NASDAQ,,,5573784353
CNX,CNX Resources Corp.,NYSE,煤炭,,5562415715
CZR,"Caesars Entertainment, Inc.",NASDAQ,,,5558070924
CACC,Credit Acceptance Corp.,NASDAQ,,,5556712967
GRFS,Grifols SA,NASDAQ,制药,,5552005912
PSN,Parsons Corp.,NYSE,,,5549081024
VSNT,"Versant Media Group, Inc.",NASDAQ,,,5540215918
PATH,"UiPath, Inc.",NASDAQ,生物技术和制药,,5537854270
OGS,"ONE Gas, Inc.",NYSE,,,5526818123
BRKR,Bruker Corp.,NASDAQ,医疗保健产品,,5521132886
TGTX,"TG Therapeutics, Inc.",NASDAQ,生物技术和制药,,5518826347
PCTY,Paylocity Holding Corp.,NASDAQ,,,5511046874
FROG,JFrog Ltd.,NASDAQ,,,5507810793
FCN,"FTI Consulting, Inc.",NYSE,商业服务,,5507165715
RITM,Rithm Capital Corp.,NYSE,,,5496528537
IMVT,"Immunovant, Inc.",NASDAQ,,,5493333492
CHH,"Choice Hotels International, Inc.",NYSE,住宿,,5491313160
TKC,TURKCELL Iletisim Hizmetleri AS,NYSE,电信,,5482944922
KMX,"CarMax, Inc.",NYSE,零售,,5478534372
EMAT,EMAT,NASDAQ,,,5476618862
HWC,Hancock Whitney Corp.,NASDAQ,,,5472079385
GVA,"Granite Construction, Inc.",NYSE,工程建设,,5467865567
HOMB,"Home Bancshares, Inc. (Arkansas)",NASDAQ,银行,,5465110197
RGTI,"Rigetti Computing, Inc.",NASDAQ,,,5445557596
MGY,Magnolia Oil & Gas Corp.,NYSE,,,5444360436
UFPI,"UFP Industries, Inc.",NASDAQ,,,5438589946
MCY,Mercury General Corp.,NYSE,保险,,5434178523
LYFT,"Lyft, Inc.",NASDAQ,,,5433801576
OSCR,"Oscar Health, Inc.",NYSE,,,5432234463
AUB,Atlantic Union Bankshares Corp.,NASDAQ,,,5415346185
SNDR,"Schneider National, Inc.",NYSE,,,5404486439
LBRT,"Liberty Energy, Inc.",NYSE,,,5394292306
OUT,"OUTFRONT Media, Inc.",NYSE,,,5378372457
GLNG,Golar LNG Ltd.,NASDAQ,运输,,5378042798
SR,Spire Inc.,NYSE,家庭产品/用品,,5369461778
AVAL,Grupo Aval Acciones y Valores SA,NYSE,,,5366025083
GLBE,Global-e Online Ltd.,NASDAQ,,,5365717935
SPIL,"Siliconware Precision Industries Co., Ltd.",NASDAQ,半导体,,5353906575
SEI,"Solaris Energy Infrastructure, Inc.",NYSE,,,5344569330
FND,"Floor & Decor Holdings, Inc.",NYSE,,,5342012843
MATX,"Matson, Inc.",NYSE,,,5336551121
OZK,Bank OZK,NASDAQ,,,5330377304
LUNR,"Intuitive Machines, Inc.",NASDAQ,,,5328962468
AVTR,"Avantor, Inc.",NYSE,,,5314230145
CPG,Crescent Point Energy Corp.,NYSE,,,5308340516
SNRE,Sunrise Communications AG,NASDAQ,,,5304138725
OZRK,Bank of The Ozarks,NASDAQ,银行,,5304128221
ASB,Associated Banc-Corp,NYSE,,,5292199928
LOAR,"Loar Holdings, Inc.",NYSE,,,5288846298
WEX,"WEX, Inc.",NYSE,电子,,5288389936
LPX,Louisiana-Pacific Corp.,NYSE,,,5283336110
ORCC,Owl Rock Capital Corp.,NASDAQ,,,5254478816
OPEN,"Opendoor Technologies, Inc.",NASDAQ,互联网,,5251623172
LB,LandBridge Co. LLC,NYSE,,,5247840247
HASI,"HA Sustainable Infrastructure Capital, Inc.",NYSE,,,5237927188
SXT,Sensient Technologies Corp.,NYSE,化学制品,,5236790447
KLAR,Klarna Group plc,NYSE,,,5229629945
PACS,"PACS Group, Inc.",NYSE,,,5212378397
CAI,"Caris Life Sciences, Inc.",NYSE,,,5212297259
BC,Brunswick Corp.,NYSE,,,5203825166
NNI,"Nelnet, Inc.",NYSE,,,5190582110
IEP,Icahn Enterprises LP,NASDAQ,汽车部件与设备,,5190071091
SBRA,"Sabra Health Care REIT, Inc.",NASDAQ,,,5176551743
MYRG,"MYR Group, Inc.",NASDAQ,,,5138014412
BOOT,"Boot Barn Holdings, Inc.",NYSE,,,5137098034
CROX,"Crocs, Inc.",NASDAQ,,,5132320936
GHC,Graham Holdings Co.,NYSE,,,5129254902
CSWI,"CSW Industrials, Inc.",NASDAQ,,,5128021745
SIGI,"Selective Insurance Group, Inc.",NASDAQ,保险,,5125429729
M,"Macy's, Inc.",NYSE,零售,,5123567364
PLNT,"Planet Fitness, Inc.",NYSE,,,5118142750
OMAB,Grupo Aeroportuario del Centro Norte SAB de CV,NASDAQ,,,5117710554
UUUU,"Energy Fuels, Inc.",NYSE,,,5117180218
MC,Moelis & Co.,NYSE,,,5117138958
MRP,"Millrose Properties, Inc.",NYSE,,,5099627314
PECO,"Phillips Edison & Co., Inc.",NASDAQ,,,5084099808
NRZ,New Residential Investment Corp.,NYSE,,,5083305428
CRK,"Comstock Resources, Inc.",NYSE,油气,,5080937514
ATAT,Atour Lifestyle Holdings Ltd.,NASDAQ,,,5079172523
SIMO,Silicon Motion Technology Corp.,NASDAQ,半导体,,5069683642
GLXY,"Galaxy Digital, Inc.",NASDAQ,,,5064959839
TDS,"Telephone & Data Systems, Inc.",NYSE,,,5059223915
HLNE,"Hamilton Lane, Inc.",NASDAQ,,,5058244862
LMND,"Lemonade, Inc.",NYSE,,,5052322036
JSM,Navient Corp.,NASDAQ,,,5048995701
BIPC,Brookfield Infrastructure Corp.,NYSE,,,5045542197
ONDS,"Ondas, Inc.",NASDAQ,,,5044130074
OTF,Blue Owl Technology Finance Corp,NYSE,,,5037405278
WFG,West Fraser Timber Co. Ltd.,NYSE,,,5023381830
ATMU,"Atmus Filtration Technologies, Inc.",NYSE,,,5010603210
GNTX,Gentex Corp.,NASDAQ,汽车制造,,5008962267
CORT,"Corcept Therapeutics, Inc.",NASDAQ,制药,,5002821404
ALH,"Alliance Laundry Holdings, Inc. (United States)",NYSE,,,4998104155
STRC,"Strategy, Inc.",NASDAQ,,,4997015366
KNF,Knife River Corp.,NYSE,,,4995190513
IFS,"Intercorp Financial Services, Inc.",NYSE,,,4993825568
SDRL,Seadrill Ltd.,NYSE,油气,,4992916716
VNT,Vontier Corp.,NYSE,,,4989201698
S,"SentinelOne, Inc.",NYSE,,,4988453160
BDC,"Belden, Inc.",NYSE,,,4976467687
DUOL,"Duolingo, Inc.",NASDAQ,,,4970122980
FBIN,"Fortune Brands Innovations, Inc.",NYSE,,,4962160010
USAR,"USA Rare Earth, Inc.",NASDAQ,,,4961352875
CWST,"Casella Waste Systems, Inc.",NASDAQ,环境控制,,4945028592
VSEC,VSE Corp.,NASDAQ,工程建设,,4938029216
SON,Sonoco Products Co.,NYSE,包装容器,,4922814490
MAIN,Main Street Capital Corp,NYSE,投资公司,,4920625204
ESTC,Elastic NV,NYSE,,,4911122909
RAL,Ralliant Corp.,NYSE,,,4904755564
POST,"Post Holdings, Inc.",NYSE,食品,,4895931562
HESM,Hess Midstream LP,NYSE,,,4894030535
CWEN.A,"Clearway Energy, Inc.",NYSE,,,4890819576
SLMBP,SLM Corp.,NASDAQ,,,4863179267
PBF,"PBF Energy, Inc.",NYSE,油气,,4860233569
WAY,Waystar Holding Corp.,NASDAQ,,,4841357022
RDN,Radian Group Inc.,NYSE,保险,,4840277659
BMA,Banco Macro SA,NYSE,银行,,4833325656
TEO,Telecom Argentina SA,NYSE,电信,,4815646622
AQN,Algonquin Power & Utilities Corp.,NYSE,,,4808166959
PSMT,"PriceSmart, Inc.",NASDAQ,,,4804926923
CSW,"CSW Industrials, Inc.",NYSE,,,4802883529
RLI,RLI Corp.,NYSE,保险,,4794354851
EXLS,"ExlService Holdings, Inc.",NASDAQ,商业服务,,4791596656
IPGP,IPG Photonics Corp.,NASDAQ,电信,,4767240429
LANC,Lancaster Colony Corp.,NASDAQ,,,4763115080
PFSI,"PennyMac Financial Services, Inc.",NYSE,,,4737979316
HCC,"Warrior Met Coal, Inc.",NYSE,保险,,4731884882
OSIS,"OSI Systems, Inc.",NASDAQ,电子,,4731739700
SPHR,Sphere Entertainment Co.,NYSE,,,4720361981
CPA,Copa Holdings SA,NYSE,,,4716946294
SIM,Grupo SIMEC SAB de CV,NYSE,,,4712369514
PAGP,Plains GP Holdings LP,NYSE,,,4702499762
FFIN,"First Financial Bankshares, Inc.",NASDAQ,银行,,4685224456
MIR,"Mirion Technologies, Inc.",NYSE,,,4679845679
EBC,"Eastern Bankshares, Inc.",NASDAQ,,,4678521858
MEOH,Methanex Corp.,NASDAQ,化学制品,,4666666407
MXL,"MaxLinear, Inc.",NYSE,半导体,,4660867202
UNF,UniFirst Corp.,NYSE,纺织品,,4659525724
LGND,"Ligand Pharmaceuticals, Inc.",NASDAQ,生物技术,,4648693215
MTH,Meritage Homes Corp.,NYSE,房屋建筑商,,4626469712
AKO.B,Embotelladora Andina SA,NYSE,,,4617687022
KEN,Kenon Holdings Ltd.,NYSE,,,4615501725
KC,Kingsoft Cloud Holdings Ltd.,NASDAQ,,,4613286477
MRCY,"Mercury Systems, Inc.",NASDAQ,计算机,,4595320813
NOVT,"Novanta, Inc.",NASDAQ,,,4593059421
TGS,Transportadora de Gas del Sur SA,NYSE,,,4591842527
TPC,Tutor Perini Corp.,NYSE,,,4577466608
KBR,"KBR, Inc.",NYSE,工程建设,,4569544264
OS,"OneStream, Inc.",NASDAQ,,,4563472992
FELE,"Franklin Electric Co., Inc.",NASDAQ,手工/机器工具,,4556086011
LAZ,"Lazard, Inc.",NYSE,多元化金融服务,,4553593259
DNTH,"Dianthus Therapeutics, Inc.",NASDAQ,,,4550283859
FOLD,"Amicus Therapeutics, Inc.",NASDAQ,生物技术和制药,,4549869854
RELY,"Remitly Global, Inc.",NASDAQ,,,4544757379
DOCS,"Doximity, Inc.",NYSE,,,4539222882
MNSO,MINISO Group Holding Ltd.,NYSE,,,4538766507
NTCO,Natura &Co Holding SA,NYSE,,,4535416118
RDNT,"RadNet, Inc.",NASDAQ,健康护理服务,,4533486005
ALHC,"Alignment Healthcare, Inc.",NASDAQ,,,4527402930
ENPH,"Enphase Energy, Inc.",NASDAQ,能源-替代能源,,4520189213
MTN,"Vail Resorts, Inc.",NYSE,娱乐,,4519113193
EOCC,Enel Generaci贸n Chile SA,NYSE,,,4513698994
IBOC,International Bancshares Corp.,NASDAQ,银行,,4508671498
MDU,"MDU Resources Group, Inc.",NYSE,,,4502509060
PTEN,"Patterson-UTI Energy, Inc.",NASDAQ,,,4487056513
WHD,"Cactus, Inc.",NYSE,,,4482520612
BCO,The Brink's Co.,NYSE,商业服务,,4473690194
PAM,Pampa Energ铆a SA,NYSE,,,4468753230
HRI,"Herc Holdings, Inc.",NYSE,,,4467201590
LOPE,"Grand Canyon Education, Inc.",NASDAQ,,,4464296877
ACIW,"ACI Worldwide, Inc.",NASDAQ,软件,,4453316312
DIOD,"Diodes, Inc.",NASDAQ,半导体,,4452975178
NWE,"NorthWestern Energy Group, Inc.",NYSE,,,4450687141
MMYT,MakeMyTrip Ltd.,NASDAQ,媒体内容,,4444699771
WYND,Travel + Leisure Co.,NYSE,,,4443497035
ALK,"Alaska Air Group, Inc.",NYSE,航空公司,,4431564549
SHC,Sotera Health Co.,NASDAQ,,,4431330756
PONY,"Pony.ai, Inc.",NASDAQ,,,4430794869
ZETA,Zeta Global Holdings Corp.,NYSE,,,4429138851
STVN,Stevanato Group SpA,NYSE,,,4425389808
HLS,HealthSouth Corp.,NYSE,健康护理服务,,4423232596
SKY,"Champion Homes, Inc.",NYSE,房屋建筑商,,4422502207
SLM,SLM Corp.,NASDAQ,,,4421323735
REYN,"Reynolds Consumer Products, Inc.",NASDAQ,,,4412805545
AXTI,"AXT, Inc.",NASDAQ,半导体,,4407000113
HBHC,Hancock Holding Co.,NASDAQ,银行,,4405075746
MWA,"Mueller Water Products, Inc.",NYSE,金属构造/部件,,4398337294
TCBI,"Texas Capital Bancshares, Inc.",NASDAQ,银行,,4398100327
LAUR,"Laureate Education, Inc.",NASDAQ,,,4395166561
HAFN,Hafnia Ltd.,NYSE,,,4385580340
NYCB,"New York Community Bancorp, Inc.",NYSE,储蓄及贷款,,4380972074
GPGI,"GPGI, Inc.",NYSE,,,4362408692
OPCH,"Option Care Health, Inc.",NASDAQ,,,4359566829
LEGN,Legend Biotech Corp.,NASDAQ,,,4357554827
ACHR,"Archer Aviation, Inc.",NYSE,,,4354442912
PHI,"PLDT, Inc.",NYSE,电信,,4349202569
FTDR,"Frontdoor, Inc.",NASDAQ,,,4348550472
KLIC,"Kulicke & Soffa Industries, Inc.",NASDAQ,半导体,,4341008134
COMM,"Vistance Networks, Inc.",NASDAQ,计算机硬件,,4337923666
MIAX,"Miami International Holdings, Inc.",NYSE,,,4337434763
AIR,AAR Corp.,NYSE,,,4328340402
EPR,EPR Properties,NYSE,房地产信托投资基金,,4323215878
NVST,Envista Holdings Corp.,NYSE,,,4317362679
FHI,"Federated Hermes, Inc.",NYSE,,,4315276997
BFAM,"Bright Horizons Family Solutions, Inc.",NYSE,,,4308436477
CVLT,"Commvault Systems, Inc.",NASDAQ,软件,,4300256030
MAT,"Mattel, Inc.",NASDAQ,玩具/游戏/爱好,,4298819199
ENVA,"Enova International, Inc.",NYSE,,,4298119267
TDW,"Tidewater, Inc.",NYSE,,,4295545410
CRGY,Crescent Energy Co.,NYSE,,,4288935441
GFF,Griffon Corp.,NYSE,建筑材料,,4287612833
SHAK,"Shake Shack, Inc.",NYSE,,,4277746975
QS,QuantumScape Corp.,NYSE,,,4269695777
WIX,Wix.com Ltd.,NASDAQ,,,4268383200
OLED,Universal Display Corp.,NASDAQ,,,4266449543
TBBB,"BBB Foods, Inc.",NYSE,,,4262303684
TREX,"Trex Co., Inc.",NYSE,,,4261528099
CUZ,"Cousins Properties, Inc.",NYSE,,,4255100577
PVH,PVH Corp.,NYSE,零售,,4246728506
CSTM,Constellium SE,NYSE,,,4233598616
SKT,"Tanger, Inc.",NYSE,,,4232031203
PLUG,"Plug Power, Inc.",NASDAQ,,,4230653627
TFSL,TFS Financial Corp.,NASDAQ,储蓄及贷款,,4229604440
AZZ,"AZZ, Inc.",NYSE,,,4226569475
LPL,"LG Display Co., Ltd.",NYSE,电子,,4219999790
INDV,"Indivior Pharmaceuticals, Inc.",NASDAQ,,,4198995510
STNG,"Scorpio Tankers, Inc.",NYSE,,,4198480658
MARA,"MARA Holdings, Inc.",NASDAQ,,,4193987923
CNO,"CNO Financial Group, Inc.",NYSE,保险,,4175571948
CSAN,Cosan SA,NYSE,,,4174815961
FULT,Fulton Financial Corp.,NASDAQ,银行,,4170239912
VSCO,Victoria's Secret & Co.,NYSE,,,4163363543
CVCO,"Cavco Industries, Inc.",NASDAQ,,,4162001346
AD,"Array Digital Infrastructure, Inc.",NYSE,,,4157041575
CLNY,"Colony Capital, Inc.",NYSE,,,4140822923
WSC,WillScot Holdings Corp.,NYSE,保险,,4139348255
KNSA,Kiniksa Pharmaceuticals International Plc,NASDAQ,,,4138555473
CAAP,Corporacion America Airports SA,NYSE,,,4127133206
DAN,"Dana, Inc.",NYSE,汽车部件与设备,,4124802580
VVV,"Valvoline, Inc.",NYSE,,,4122486485
ACLS,"Axcelis Technologies, Inc.",NASDAQ,半导体,,4118123379
THO,"Thor Industries, Inc.",NYSE,,,4114580015
FEYE,"FireEye, Inc.",NASDAQ,软件,,4100137091
SLGN,"Silgan Holdings, Inc.",NASDAQ,,,4099317948
GPI,"Group 1 Automotive, Inc.",NYSE,零售,,4098651046
SAIC,Science Applications International Corp.,NYSE,,,4089554360
PYCR,"Paycor HCM, Inc.",NASDAQ,,,4088050956
JOE,The St. Joe Co.,NYSE,,,4082299791
YSS,"York Space Systems, Inc.",NYSE,,,4073285929
AMRX,"Amneal Pharmaceuticals, Inc.",NYSE,,,4064047391
NAVN,"Navan, Inc.",NASDAQ,,,4049789941
INSW,"International Seaways, Inc.",NYSE,,,4048610146
LEU,Centrus Energy Corp.,NYSE,,,4043034478
TNL,Travel + Leisure Co.,NYSE,,,4031999841
NNNN,Anbio Biotechnology,NASDAQ,,,4028953600
UCB,"United Community Banks, Inc.",NYSE,,,4027367489
CBT,Cabot Corp.,NYSE,化学制品,,4012707706
DLO,dLocal Ltd.,NASDAQ,,,4008125327
CRNX,"Crinetics Pharmaceuticals, Inc.",NASDAQ,,,3994508499
HRB,"H&R Block, Inc.",NYSE,,,3994198901
TPH,"Tri Pointe Homes, Inc.",NYSE,,,3994134828
NTSK,"Netskope, Inc.",NASDAQ,,,3991999817
JBT,JBT Marel Corp.,NYSE,多元化制造商,,3990519384
MMSI,"Merit Medical Systems, Inc.",NASDAQ,医疗保健产品,,3981523424
KTB,"Kontoor Brands, Inc.",NYSE,,,3981061028
KRC,Kilroy Realty Corp.,NYSE,,,3978649584
ANDG,"Andersen Group, Inc.",NYSE,,,3960204929
IRDM,"Iridium Communications, Inc.",NASDAQ,电信,,3949459978
HHC,The Howard Hughes Corp.,NYSE,,,3946102069
ELY,Callaway Golf Co.,NYSE,休闲,,3941152938
USAC,USA Compression Partners LP,NYSE,机械-多元,,3938899222
LRN,"Stride, Inc.",NYSE,商业服务,,3938677288
HP,"Helmerich & Payne, Inc.",NYSE,油气,,3923086475
ARMN,Aris Mining Corp.,NYSE,,,3916497485
STRZB,Starz,NASDAQ,,,3913377370
CVSA,"Covista, Inc.",NYSE,,,3899808371
PRMW,Primo Water Corp.,NASDAQ,饮料,,3883182704
ACAD,"ACADIA Pharmaceuticals, Inc.",NASDAQ,生物技术和制药,,3881449527
BRC,Brady Corp.,NYSE,,,3874837764
MANE,"Veradermics, Inc.",NYSE,,,3874054984
BBWI,"Bath & Body Works, Inc.",NYSE,,,3872840104
ABG,"Asbury Automotive Group, Inc.",NYSE,零售,,3871878651
LGF,Lions Gate Entertainment,NYSE,娱乐,,3870006610
ITRI,"Itron, Inc.",NASDAQ,,,3856708847
CC,The Chemours Co.,NYSE,,,3856358195
LBTYA,Liberty Global Ltd.,NASDAQ,媒体,,3856180091
FSLY,"Fastly, Inc.",NYSE,,,3851342280
IBKCO,IBERIABANK Corp.,NASDAQ,,,3849264320
MRX,Marex Group Plc,NYSE,生物技术和制药,,3848180689
CMBT,CMB.TECH NV,NYSE,,,3841839700
BNL,"Broadstone Net Lease, Inc.",NYSE,,,3837515143
BANF,BancFirst Corp. (Oklahoma),NASDAQ,银行,,3831690245
INDB,Independent Bank Corp. (Massachusetts),NASDAQ,银行,,3827006598
SMR,NuScale Power Corp.,NYSE,,,3826537554
EE,"Excelerate Energy, Inc.",NYSE,,,3823332273
GTX,"Garrett Motion, Inc.",NYSE,,,3821189110
NCR,NCR Corp.,NYSE,计算机,,3815571989
GTLB,"GitLab, Inc.",NASDAQ,,,3815343321
ANF,Abercrombie & Fitch Co.,NYSE,零售,,3813511861
FOUR,"Shift4 Payments, Inc.",NYSE,,,3806799473
AAUC,Allied Gold Corp. (Canada),NYSE,,,3801613212
WPP,WPP Plc,NYSE,,,3798563491
PLLL,Piedmont Lithium Ltd.,NASDAQ,,,3795690778
SMG,Scotts Miracle-Gro Co.,NYSE,家庭产品/用品,,3792897313
BULL,Webull Corp.,NASDAQ,,,3779940577
WSFS,WSFS Financial Corp.,NASDAQ,银行,,3776630485
TAC,TransAlta Corp.,NYSE,电力,,3775507664
TVTX,"Travere Therapeutics, Inc.",NASDAQ,,,3774230534
YNDX,Nebius Group NV,NASDAQ,互联网,,3768994896
PNM,"PNM Resources, Inc.",NYSE,电力,,3767670081
LBTYK,Liberty Global Ltd.,NASDAQ,媒体,,3765722523
PII,Polaris Inc.,NYSE,休闲,,3762692130
OTTR,Otter Tail Corp.,NASDAQ,电力,,3748127949
OII,"Oceaneering International, Inc.",NYSE,油气服务,,3746431840
AGO,Assured Guaranty Ltd.,NYSE,保险,,3742810063
FBP,First BanCorp (Puerto Rico),NYSE,银行,,3742593212
AKO.A,Embotelladora Andina SA,NYSE,饮料,,3740531375
CATY,Cathay General Bancorp,NASDAQ,银行,,3737048181
BILL,"Bill Holdings, Inc.",NYSE,,,3735756610
USLM,"United States Lime & Minerals, Inc.",NASDAQ,,,3725386627
ELF,"e.l.f. Beauty, Inc.",NYSE,,,3721472192
ORKA,"Oruka Therapeutics, Inc.",NASDAQ,,,3713567644
NHI,"National Health Investors, Inc.",NYSE,,,3712956679
AMSG,Amsurg Corp,NASDAQ,卫生保健设施,,3712941258
LASR,"nLIGHT, Inc.",NASDAQ,,,3708724350
RNST,Renasant Corp.,NASDAQ,银行,,3705411312
PJT,"PJT Partners, Inc.",NYSE,,,3701100788
HGV,"Hilton Grand Vacations, Inc.",NYSE,,,3694028065
MTRN,Materion Corp.,NYSE,采矿,,3687453276
POWI,"Power Integrations, Inc.",NASDAQ,半导体,,3680919100
CALM,"Cal-Maine Foods, Inc.",NASDAQ,食品,,3662210397
KAI,Kadant Inc.,NYSE,,,3652382905
VSH,"Vishay Intertechnology, Inc.",NYSE,电子,,3638773167
CDP,COPT Defense Properties,NYSE,,,3634934926
MMED,"MiniMed Group, Inc.",NASDAQ,,,3633810281
TNGX,"Tango Therapeutics, Inc.",NASDAQ,,,3624808149
SKE,Skeena Resources Ltd.,NYSE,,,3616904083
CVBF,CVB Financial Corp.,NASDAQ,银行,,3606240001
BLLN,"BillionToOne, Inc.",NASDAQ,,,3603229800
CGAU,"Centerra Gold, Inc.",NYSE,,,3597452496
CPRX,"Catalyst Pharmaceuticals, Inc.",NASDAQ,制药,,3595327210
NG,"NovaGold Resources, Inc.",NYSE,,,3582796397
CTRI,"Centuri Holdings, Inc.",NYSE,,,3575946126
BFH,"Bread Financial Holdings, Inc.",NYSE,,,3573533343
BETA,"BETA Technologies, Inc.",NYSE,,,3572624362
MMS,"MAXIMUS, Inc.",NYSE,,,3567476954
DAVE,"Dave, Inc.",NASDAQ,,,3566344543
UCTT,"Ultra Clean Holdings, Inc.",NASDAQ,半导体,,3559595160
WHR,Whirlpool Corp.,NYSE,家具家饰,,3557120624
LION,Lionsgate Studios Corp.,NASDAQ,银行,,3546088114
BHF,"Brighthouse Financial, Inc.",NASDAQ,,,3545827965
CNS,"Cohen & Steers, Inc. (New York)",NYSE,,,3543096289
AB,AllianceBernstein Holding LP,NYSE,,,3540951217
TLX,Telix Pharmaceuticals Ltd.,NASDAQ,,,3535138648
HSAI,Hesai Group,NASDAQ,,,3532556786
GBDC,"Golub Capital BDC, Inc.",NASDAQ,,,3532522585
TCGL,TechCreate Group Ltd.,NYSE,,,3531553225
WBI,Waterbridge Infrastructure LLC,NYSE,,,3529612777
PAY,"Paymentus Holdings, Inc.",NYSE,计算机硬件,,3522101072
FII,"Federated Investors, Inc.",NYSE,,,3520784945
ASO,"Academy Sports & Outdoors, Inc.",NASDAQ,,,3508597423
TMDX,"TransMedics Group, Inc.",NASDAQ,,,3497941513
ZI,"ZoomInfo Technologies, Inc.",NASDAQ,,,3489062143
KFY,Korn Ferry,NYSE,,,3488368966
LIF,"Life360, Inc.",NASDAQ,,,3488147953
NVTS,Navitas Semiconductor Corp.,NASDAQ,,,3486124308
SIG,Signet Jewelers Ltd.,NYSE,零售,,3485896599
MZTI,The Marzetti Co.,NASDAQ,,,3481080891
FIBK,"First Interstate BancSystem, Inc.",NASDAQ,银行,,3475350234
GNW,"Genworth Financial, Inc.",NYSE,保险,,3472642806
OGN,Organon & Co.,NYSE,,,3468706027
BKU,"BankUnited, Inc.",NYSE,银行,,3467483960
HWKN,"Hawkins, Inc.",NASDAQ,化学制品,,3467447697
VEON,VEON Ltd.,NASDAQ,,,3466478900
HNGE,"Hinge Health, Inc.",NYSE,,,3464767637
MHO,"M/I Homes, Inc.",NYSE,房屋建筑商,,3462341826
GPOR,Gulfport Energy Corp.,NASDAQ,油气,,3458735259
BMI,"Badger Meter, Inc.",NYSE,,,3456155146
MCHB,Mechanics Bancorp,NASDAQ,,,3451634936
BGSI,"Boyd Group Services, Inc.",NYSE,,,3445610070
MNDY,monday.com Ltd.,NASDAQ,,,3439542100
HAYW,"Hayward Holdings, Inc.",NYSE,,,3439061269
INTR,"Inter & Co., Inc.",NASDAQ,,,3438272205
PPTA,Perpetua Resources Corp.,NASDAQ,,,3436323029
SOUN,"SoundHound AI, Inc.",NASDAQ,,,3435253174
BATRA,"Atlanta Braves Holdings, Inc.",NASDAQ,,,3429477606
CNK,"Cinemark Holdings, Inc.",NYSE,娱乐,,3417640562
AAP,"Advance Auto Parts, Inc.",NYSE,,,3412823278
KBH,KB Home,NYSE,房屋建筑商,,3411196934
ARLP,Alliance Resource Partners LP,NASDAQ,煤炭,,3408171106
AVA,Avista Corp.,NYSE,电力,,3400609747
ATGE,"Adtalem Global Education, Inc.",NYSE,,,3400469888
CWK,Cushman & Wakefield Ltd.,NYSE,,,3397166604
BWIN,"Baldwin Insurance Group, Inc.",NASDAQ,,,3396212589
BOX,"Box, Inc.",NYSE,,,3392706866
DNN,Denison Mines Corp.,NYSE,,,3390059921
AVNT,Avient Corp.,NYSE,,,3383175278
FUL,H.B. Fuller Co.,NYSE,化学制品,,3367859222
OPLN,"OPENLANE, Inc.",NYSE,,,3364292484
BKD,"Brookdale Senior Living, Inc.",NYSE,卫生保健设施,,3363573748
LIVN,LivaNova Plc,NASDAQ,,,3351942305
ADEA,"Adeia, Inc.",NASDAQ,,,3348787712
LQDA,Liquidia Corp.,NASDAQ,,,3346844966
HCACW,"Canoo, Inc.",NASDAQ,,,3343787816
WSBC,"WesBanco, Inc.",NASDAQ,银行,,3340661817
SYNA,"Synaptics, Inc.",NASDAQ,计算机硬件,,3338503556
DORM,"Dorman Products, Inc.",NASDAQ,汽车制造,,3335904207
AVEX,AEVEX Corp.,NYSE,,,3335137003
VLYPO,Valley National Bancorp,NASDAQ,,,3334925175
EWTX,"Edgewise Therapeutics, Inc.",NASDAQ,,,3330271262
FRMI,"Fermi, Inc.",NASDAQ,,,3328703194
RNG,"RingCentral, Inc.",NYSE,,,3327592752
CBU,"Community Financial System, Inc.",NYSE,银行,,3320909936
UCBI,"United Community Banks, Inc.",NASDAQ,银行,,3316634981
IGT,International Game Technology PLC,NYSE,娱乐,,3307068468
ACXM,"Acxiom Holdings, Inc.",NASDAQ,软件,,3305214239
NAMS,NewAmsterdam Pharma Co. NV,NASDAQ,,,3304393602
IAC,"IAC, Inc.",NASDAQ,,,3300622421
SUNC,SunocoCorp LLC,NYSE,,,3292464180
SII,"Sprott, Inc.",NYSE,,,3292131512
SKYW,"SkyWest, Inc.",NASDAQ,,,3286252316
CVI,"CVR Energy, Inc.",NYSE,,,3283832108
KAR,"OPENLANE, Inc.",NYSE,,,3281406909
TOWN,TowneBank,NASDAQ,银行,,3280807178
BTU,Peabody Energy Corp.,NYSE,煤炭,,3277944446
BKV,BKV Corp.,NYSE,,,3267067817
TRMD,TORM Plc,NASDAQ,运输,,3264882854
SXI,Standex International Corp.,NYSE,,,3262847016
NIQ,NIQ Global Intelligence Plc,NYSE,,,3256800044
ACMR,"ACM Research, Inc.",NASDAQ,,,3255487651
EXPO,"Exponent, Inc.",NASDAQ,,,3254267601
HYMC,Hycroft Mining Holding Corp.,NASDAQ,,,3246775161
TGNA,"TEGNA, Inc.",NYSE,,,3243011542
PAH,Platform Specialty Products Corp.,NYSE,化学制品,,3240826302
HG,Hamilton Insurance Group Ltd.,NYSE,,,3237348306
FFBC,First Financial Bancorp (Ohio),NASDAQ,银行,,3232980405
FIZZ,National Beverage Corp.,NASDAQ,饮料,,3231243579
GEN,"Gen Digital, Inc.",NYSE,,,3221508733
FRPT,"Freshpet, Inc.",NASDAQ,,,3220603614
TR,"Tootsie Roll Industries, Inc.",NYSE,,,3218866951
SEAS,"SeaWorld Entertainment, Inc.",NYSE,,,3216384811
RXO,"RXO, Inc.",NYSE,,,3215163090
SWI,SolarWinds Corp.,NYSE,软件,,3201197494
BATRK,"Atlanta Braves Holdings, Inc.",NASDAQ,,,3188466649
BELFB,"Bel Fuse, Inc.",NASDAQ,,,3187704516
CLNS,"Colony NorthStar, Inc.",NYSE,,,3184643944
GEF.B,"Greif, Inc.",NYSE,,,3183706122
PRK,Park National Corp.,NYSE,银行,,3171882458
EURN,Euronav NV,NYSE,,,3167676475
ZGN,Ermenegildo Zegna NV,NYSE,,,3166578641
NIC,"Nicolet Bankshares, Inc.",NYSE,,,3165091498
CLBT,Cellebrite DI Ltd.,NASDAQ,,,3162896829
APLE,"Apple Hospitality REIT, Inc.",NYSE,,,3159472110
NMIH,"NMI Holdings, Inc.",NASDAQ,,,3158966110
UPST,"Upstart Holdings, Inc.",NASDAQ,,,3145897534
VTMX,Corporaci贸n Inmobiliaria Vesta SAB de CV,NYSE,,,3144347591
PFHC,ProFrac Holding Corp.,NASDAQ,,,3143599318
BEAM,"Beam Therapeutics, Inc.",NYSE,饮料,,3139908323
ZIM,ZIM Integrated Shipping Services Ltd.,NYSE,,,3139532805
VLYPP,Valley National Bancorp,NASDAQ,,,3135271304
SFNC,Simmons First National Corp.,NASDAQ,银行,,3134710405
QTWO,"Q2 Holdings, Inc.",NYSE,软件,,3127457377
BXS,BancorpSouth Bank,NYSE,银行,,3123374046
COLM,Columbia Sportswear Co.,NASDAQ,服饰,,3121634418
CAKE,"Cheesecake Factory, Inc.",NASDAQ,,,3121213358
PATK,"Patrick Industries, Inc.",NASDAQ,,,3120730412
SLG,SL Green Realty Corp.,NYSE,,,3120587269
PRVA,"Privia Health Group, Inc.",NASDAQ,,,3120524547
ATS,ATS Corp.,NYSE,,,3117194894
AWR,American States Water Co.,NYSE,,,3114592349
RCUS,"Arcus Biosciences, Inc.",NYSE,,,3114335514
PARR,"Par Pacific Holdings, Inc.",NYSE,,,3098848627
SBCF,Seacoast Banking Corp. of Florida,NASDAQ,银行,,3098669702
GPCR,"Structure Therapeutics, Inc.",NASDAQ,,,3095861090
EFXT,Enerflex Ltd.,NYSE,,,3095592299
HOVNP,"Hovnanian Enterprises, Inc.",NASDAQ,,,3094686000
PAGS,PagSeguro Digital Ltd.,NYSE,,,3088873019
BOH,Bank of Hawaii Corp.,NYSE,银行,,3086838676
GBTG,"Global Business Travel Group, Inc.",NYSE,,,3082489841
ERAS,"Erasca, Inc.",NASDAQ,,,3075361422
GEF,"Greif, Inc.",NYSE,,,3067836226
MSGE,Madison Square Garden Entertainment Corp.,NYSE,,,3067078079
APAM,"Artisan Partners Asset Management, Inc.",NYSE,,,3062362187
CPK,Chesapeake Utilities Corp.,NYSE,天然气,,3056941240
ALMS,"Alumis, Inc.",NASDAQ,,,3055328037
WK,"Workiva, Inc.",NYSE,,,3053447469
RUM,"Rumble, Inc.",NASDAQ,,,3048790403
OLN,Olin Corp.,NYSE,化学制品,,3046814336
SA,"Seabridge Gold, Inc.",NYSE,,,3039734753
CURB,Curbline Properties Corp.,NYSE,,,3035283517
GRBK,"Green Brick Partners, Inc.",NASDAQ,,,3033526094
KD,"Kyndryl Holdings, Inc.",NYSE,,,3030010166
FSK,FS KKR Capital Corp.,NYSE,,,3027518258
ICUI,"ICU Medical, Inc.",NASDAQ,,,3026078385
QLYS,"Qualys, Inc.",NASDAQ,软件,,3025407446
BB,BlackBerry Ltd.,NYSE,,,3024654680
BBAR,Banco BBVA Argentina SA,NYSE,,,3022703021
CLSK,"CleanSpark, Inc.",NASDAQ,,,3015326658
MANU,Manchester United Plc,NYSE,娱乐,,3014152359
FTREV,"Fortrea Holdings, Inc.",NASDAQ,,,3013285851
CHFC,Chemical Financial Corp.,NASDAQ,银行,,3008330126
DYN,"Dyne Therapeutics, Inc.",NYSE,,,3000386113
TTAM,Titan America SA,NYSE,,,2995890089
PFS,"Provident Financial Services, Inc.",NYSE,储蓄及贷款,,2995259991
BSM,Black Stone Minerals LP,NYSE,,,2993906647
BWLP,BW LPG Ltd.,NYSE,,,2993783887
NSAM,"NorthStar Asset Management Group, Inc.",NYSE,,,2992887261
KMT,"Kennametal, Inc.",NYSE,手工/机器工具,,2990040608
YETI,"YETI Holdings, Inc.",NYSE,,,2983011162
ARX,Accelerant Holdings,NYSE,,,2978054928
MGEE,"MGE Energy, Inc.",NASDAQ,,,2977490722
LFST,"Lifestance Health Group, Inc.",NASDAQ,,,2974638458
CRVL,CorVel Corp.,NASDAQ,,,2967864766
JW.B,"John Wiley & Sons, Inc.",NYSE,,,2962658987
BCC,Boise Cascade Co.,NYSE,,,2961219021
IPAR,"Interparfums, Inc.",NASDAQ,,,2958301288
JW.A,"John Wiley & Sons, Inc.",NYSE,媒体内容,,2954302346
WDFC,WD-40 Co.,NASDAQ,家庭产品/用品,,2950904180
MLHR,"Herman Miller, Inc.",NASDAQ,,,2949109074
MGRC,McGrath RentCorp,NASDAQ,商业服务,,2948395253
KLRA,"Kailera Therapeutics, Inc.",NASDAQ,,,2947245325
VC,Visteon Corp.,NYSE,汽车部件与设备,,2945952615
DHT,"DHT Holdings, Inc.",NYSE,运输,,2943843377
COCO,"The Vita Coco Co., Inc.",NASDAQ,商业服务,,2936920726
HTGC,"Hercules Capital, Inc.",NYSE,私募股权投资,,2929569257
CEIX,"CONSOL Energy, Inc.",NYSE,,,2927982776
UNFI,"United Natural Foods, Inc.",NASDAQ,,,2920955021
VRNS,"Varonis Systems, Inc.",NASDAQ,,,2920297768
FSM,Fortuna Mining Corp.,NYSE,采矿,,2917659850
NOG,"Northern Oil & Gas, Inc.",NYSE,油气,,2915224123
ARQT,"Arcutis Biotherapeutics, Inc.",NASDAQ,,,2914206606
BANC,"Banc of California, Inc.",NASDAQ,银行,,2913238868
BKE,"The Buckle, Inc.",NYSE,零售,,2910771859
ETOR,eToro Group Ltd.,NASDAQ,,,2910691556
BELFA,"Bel Fuse, Inc.",NASDAQ,电子,,2899606634
CON,"Concentra Group Holdings Parent, Inc.",NYSE,,,2899124123
UBSH,Union Bankshares Corp.,NASDAQ,银行,,2894843534
AEO,"American Eagle Outfitters, Inc.",NYSE,,,2894305502
VECO,"Veeco Instruments, Inc.",NASDAQ,半导体,,2888549040
ITGR,Integer Holdings Corp.,NYSE,,,2884714627
ESGRP,Enstar Group Ltd.,NASDAQ,,,2881925178
CCC,"CCC Intelligent Solutions Holdings, Inc.",NYSE,化学制品,,2878294377
EEFT,"Euronet Worldwide, Inc.",NASDAQ,,,2874793593
JOYY,"JOYY, Inc.",NASDAQ,,,2874616447
GPK,Graphic Packaging Holding Co.,NYSE,包装容器,,2873122995
LCII,LCI Industries,NYSE,,,2868724965
DBD,"Diebold Nixdorf, Inc.",NYSE,计算机,,2865837301
ARCB,ArcBest Corp.,NASDAQ,,,2847174103
DBRG,"DigitalBridge Group, Inc.",NYSE,,,2844918721
DX,"Dynex Capital, Inc.",NYSE,,,2843614978
PLAB,"Photronics, Inc.",NASDAQ,半导体,,2837462913
ADS,Alliance Data Systems Corp.,NYSE,媒体内容,,2837054598
KALU,Kaiser Aluminum Corp.,NASDAQ,,,2822839686
FBK,FB Financial Corp.,NYSE,,,2819250460
RHI,"Robert Half, Inc.",NYSE,商业服务,,2815327502
CALY,Callaway Golf Co.,NASDAQ,,,2807890970
SUPN,"Supernus Pharmaceuticals, Inc.",NASDAQ,生物技术和制药,,2803652943
WU,The Western Union Co.,NYSE,,,2793169770
AMBA,"Ambarella, Inc.",NASDAQ,半导体,,2791541036
BTE,Baytex Energy Corp.,NYSE,油气,,2786173700
UNIT,"Uniti Group, Inc.",NASDAQ,,,2785899165
CWT,California Water Service Group,NYSE,,,2785749978
UE,Urban Edge Properties,NYSE,,,2785257823
NKTR,Nektar Therapeutics,NASDAQ,生物技术和制药,,2782523102
PBH,"Prestige Consumer Healthcare, Inc.",NYSE,家庭产品/用品,,2782104644
HAE,Haemonetics Corp.,NYSE,医疗保健产品,,2781310227
SPNT,SiriusPoint Ltd.,NYSE,,,2778501646
XXI,"Twenty One Capital, Inc.",NYSE,,,2765589927
IHS,IHS Holding Ltd.,NYSE,,,2764694710
WRBY,"Warby Parker, Inc.",NYSE,,,2759360636
BBU,Brookfield Business Partners LP,NYSE,,,2757085863
HIW,"Highwoods Properties, Inc.",NYSE,,,2749310475
SBLK,Star Bulk Carriers Corp.,NASDAQ,,,2748120790
SEZL,"Sezzle, Inc.",NASDAQ,,,2745202911
WOR,"Worthington Enterprises, Inc.",NYSE,,,2742899168
SHOO,Steven Madden Ltd.,NASDAQ,服饰,,2735726068
INFQ,"Infleqtion, Inc.",NYSE,,,2732958432
EXK,Endeavour Silver Corp.,NYSE,采矿,,2728120700
UAA,"Under Armour, Inc.",NYSE,,,2727825578
HNI,HNI Corp.,NYSE,,,2727811240
PHIN,"PHINIA, Inc.",NYSE,,,2726643083
BTDR,Bitdeer Technologies Group,NASDAQ,,,2725128250
ESGRO,Enstar Group Ltd.,NASDAQ,,,2724170009
SLNO,"Soleno Therapeutics, Inc.",NASDAQ,,,2723702413
TNK,Teekay Tankers Ltd.,NYSE,,,2704995775
DKL,Delek Logistics Partners LP,NYSE,油气,,2700232577
MODG,Topgolf Callaway Brands Corp.,NYSE,,,2699412053
AMPX,"Amprius Technologies, Inc.",NYSE,,,2697904203
RLX,"RLX Technology, Inc.",NYSE,,,2694987064
HYH,"Halyard Health, Inc.",NYSE,,,2691696686
HUBG,"Hub Group, Inc.",NASDAQ,运输,,2689531342
HRG,"HRG Group, Inc.",NYSE,控股公司-多元经营,,2686814614
IMNM,"Immunome, Inc.",NASDAQ,,,2686278299
KYIV,Kyivstar Group Ltd.,NASDAQ,,,2681480824
CALX,"Calix, Inc.",NYSE,电信,,2680769949
TRMK,Trustmark Corp.,NASDAQ,银行,,2676904592
BBT,Beacon Financial Corp.,NYSE,银行,,2674197911
CVB,Lehman ABS 7.75% CorTS Kinder Deb-Bkd Series 2002-6,NYSE,,,2669000002
BHFAP,"Brighthouse Financial, Inc.",NASDAQ,,,2667690038
VCYT,"Veracyte, Inc.",NASDAQ,,,2667451799
STUB,"Stubhub Holdings, Inc.",NYSE,,,2664729072
CECO,CECO Environmental Corp.,NASDAQ,商业服务,,2662137301
VERA,"Vera Therapeutics, Inc.",NASDAQ,,,2661302984
CLMT,"Calumet, Inc.",NASDAQ,,,2653866441
DW,Drew Industries Inc,NYSE,,,2653286966
DXPE,"DXP Enterprises, Inc.",NASDAQ,,,2649020757
TARS,"Tarsus Pharmaceuticals, Inc.",NASDAQ,,,2639841177
TGB,Taseko Mines Ltd.,NYSE,采矿,,2638043089
UA,"Under Armour, Inc.",NYSE,服饰,,2636259124
MFS,"Manitowoc Food Service, Inc. When Issued",NYSE,,,2635958122
ATKR,"Atkore, Inc.",NYSE,,,2634574798
NGVT,Ingevity Corp.,NYSE,,,2631299766
HE,"Hawaiian Electric Industries, Inc.",NYSE,电力,,2630736015
WAFD,"WaFd, Inc.",NASDAQ,银行,,2627793591
WRD,"WeRide, Inc.",NYSE,,,2623382354
HTFL,"HeartFlow, Inc.",NASDAQ,,,2622472111
CHEF,"The Chefs' Warehouse, Inc.",NASDAQ,食品,,2622408771
ASH,"Ashland, Inc.",NYSE,化学制品,,2610744429
ANDE,"The Andersons, Inc.",NASDAQ,农业,,2608153994
SVM,"Silvercorp Metals, Inc.",NYSE,采矿,,2607054586
CUBI,"Customers Bancorp, Inc.",NASDAQ,银行,,2597811041
KN,Knowles Corp.,NYSE,,,2595482179
AEHR,Aehr Test Systems,NASDAQ,半导体,,2592691819
TALO,"Talos Energy, Inc.",NYSE,,,2587975990
ELVN,"Enliven Therapeutics, Inc.",NASDAQ,,,2570221294
AYA,AMAYA INC,NASDAQ,,,2568287811
ATRO,Astronics Corp.,NASDAQ,航空航天/国防,,2568243583
LMAT,"LeMaitre Vascular, Inc.",NASDAQ,,,2566036138
IRON,"Disc Medicine, Inc.",NASDAQ,,,2565882622
CLDX,"Celldex Therapeutics, Inc.",NASDAQ,生物技术,,2556148631
HOG,"Harley-Davidson, Inc.",NYSE,汽车制造,,2554483408
CXT,Crane NXT Co.,NYSE,,,2547751042
TBBK,"The Bancorp, Inc. (Delaware)",NASDAQ,银行,,2543034448
BRZE,"Braze, Inc.",NASDAQ,,,2542385148
ACHC,"Acadia Healthcare Co., Inc.",NASDAQ,健康护理服务,,2538303698
IVT,InvenTrust Properties Corp.,NYSE,,,2535326284
DJT,Trump Media & Technology Group Corp.,NASDAQ,,,2534858776
NYAX,Nayax Ltd. (Israel),NASDAQ,,,2534237938
CDLR,Cadeler A/S,NYSE,,,2532884812
ADMA,"ADMA Biologics, Inc.",NASDAQ,,,2532334596
FRME,First Merchants Corp. (Indiana),NASDAQ,银行,,2530326443
PLBL,Polibeli Group Ltd.,NASDAQ,,,2528073612
NESR,National Energy Services Reunited Corp.,NASDAQ,,,2521941487
FIGS,"FIGS, Inc.",NYSE,,,2509012597
RH,RH,NYSE,零售,,2503962844
TRN,"Trinity Industries, Inc.",NYSE,,,2500292397
GEO,"The GEO Group, Inc.",NYSE,,,2498878242
ZLAB,Zai Lab Ltd.,NASDAQ,,,2494501908
AMR,"Alpha Metallurgical Resources, Inc.",NASDAQ,,,2493305137
GRND,"Grindr, Inc.",NYSE,,,2489310945
SAM,"Boston Beer Co., Inc.",NYSE,饮料,,2486820121
HTO,H2O America,NASDAQ,,,2480247880
RSI,"Rush Street Interactive, Inc.",NYSE,,,2477232182
FBNC,First Bancorp (North Carolina),NASDAQ,银行,,2468847606
BHE,"Benchmark Electronics, Inc.",NYSE,,,2468340255
DK,"Delek US Holdings, Inc.",NYSE,油气,,2455447961
VAC,Marriott Vacations Worldwide Corp.,NYSE,娱乐,,2443673337
TDC,Teradata Corp.,NYSE,计算机,,2439042822
SAH,"Sonic Automotive, Inc.",NYSE,,,2430895211
VGNT,Versigent Plc,NYSE,,,2427010703
VNET,"VNET Group, Inc.",NASDAQ,互联网,,2419878966
KWR,Quaker Houghton,NYSE,化学制品,,2419456824
GRDN,"Guardian Pharmacy Services, Inc.",NYSE,,,2417277337
RARE,"Ultragenyx Pharmaceutical, Inc.",NASDAQ,,,2411721450
OSW,OneSpaWorld Holdings Ltd.,NASDAQ,,,2410977688
DNOW,"DNOW, Inc.",NYSE,,,2407670919
XMTR,"Xometry, Inc.",NASDAQ,,,2406726226
PENN,"PENN Entertainment, Inc.",NASDAQ,,,2404500479
PTRN,"Pattern Group, Inc.",NASDAQ,,,2398720442
AAMI,"Acadian Asset Management, Inc.",NYSE,,,2393412056
DRD,DRDGOLD Ltd.,NYSE,采矿,,2381873977
BRSL,Brightstar Lottery Plc,NYSE,,,2380419502
HUN,Huntsman Corp.,NYSE,化学制品,,2378254202
HCM,HUTCHMED (China) Ltd.,NASDAQ,,,2370557162
AUO,AU Optronics Corp.,NYSE,计算机硬件,,2367564323
ABM,"ABM Industries, Inc.",NYSE,,,2367067160
NTCT,"NetScout Systems, Inc.",NASDAQ,计算机,,2363772022
CPRI,Capri Holdings Ltd.,NYSE,,,2363575563
XRAY,"Dentsply Sirona, Inc.",NASDAQ,医疗保健产品,,2361778511
TENB,"Tenable Holdings, Inc.",NASDAQ,,,2348303423
CENT,Central Garden & Pet Co.,NASDAQ,,,2348105332
SLDE,"Slide Insurance Holdings, Inc.",NASDAQ,,,2345906937
MH,"McGraw Hill, Inc.",NYSE,,,2337858549
AMGP,Antero Midstream GP LP,NYSE,,,2335397489
AMBP,Ardagh Metal Packaging SA,NYSE,,,2328039541
RLAY,"Relay Therapeutics, Inc.",NASDAQ,,,2327903594
MCW,"Mister Car Wash, Inc.",NYSE,,,2325631868
VRRM,Verra Mobility Corp.,NASDAQ,,,2321131035
NBTB,"NBT Bancorp, Inc.",NASDAQ,银行,,2320150340
EOSE,"Eos Energy Enterprises, Inc.",NASDAQ,,,2312013953
FRSH,"Freshworks, Inc.",NASDAQ,,,2311143872
NN,"NextNav, Inc.",NASDAQ,,,2311118747
ROG,Rogers Corp.,NYSE,,,2305776650
SGML,Sigma Lithium Corp.,NASDAQ,,,2296015259
EXTR,"Extreme Networks, Inc.",NASDAQ,电信,,2291309328
CSGS,"CSG Systems International, Inc.",NASDAQ,,,2290558026
BANR,Banner Corp.,NASDAQ,银行,,2282165445
WTTR,"Select Water Solutions, Inc.",NYSE,,,2280827239
PK,"Park Hotels & Resorts, Inc.",NYSE,,,2274205344
PBI,"Pitney Bowes, Inc.",NYSE,计算机硬件,,2271491719
FLNC,"Fluence Energy, Inc.",NASDAQ,,,2269761173
BUSE,First Busey Corp.,NASDAQ,银行,,2268779112
MNR,Mach Natural Resources LP,NYSE,房地产信托投资基金,,2265907119
AMSC,American Superconductor Corp.,NASDAQ,电力组件与设备,,2262059533
MTX,"Minerals Technologies, Inc.",NYSE,化学制品,,2259732809
MLCO,Melco Resorts & Entertainment Ltd.,NASDAQ,,,2259729651
BFR,BBVA Banco Franc茅s SA,NYSE,银行,,2258671947
BCRX,"BioCryst Pharmaceuticals, Inc.",NASDAQ,生物技术,,2250107389
FA,First Advantage Corp.,NASDAQ,,,2249913236
HLIO,"Helios Technologies, Inc.",NASDAQ,,,2249131573
NWN,Northwest Natural Holding Co.,NYSE,天然气,,2247493167
NTB,The Bank of N.T. Butterfield & Son Ltd.,NYSE,,,2244799957
ADPT,Adaptive Biotechnologies Corp.,NYSE,,,2244637430
VISN,Vistance Networks,NASDAQ,媒体内容,,2232073843
HTH,"Hilltop Holdings, Inc.",NYSE,保险,,2230585805
NSIT,"Insight Enterprises, Inc.",NASDAQ,,,2225192735
DAWN,"Day One Biopharmaceuticals, Inc.",NASDAQ,,,2224784794
ITCB,Banco Itau Chile,NYSE,,,2219621048
PUYI,"Puyi, Inc.",NASDAQ,,,2213429013
SRPT,"Sarepta Therapeutics, Inc.",NASDAQ,生物技术和制药,,2211084121
CEPU,Central Puerto SA,NYSE,,,2208590774
PLUS,"ePlus, Inc.",NASDAQ,互联网,,2208266033
PRSC,"ModivCare, Inc.",NASDAQ,,,2206689804
DAC,Danaos Corp.,NYSE,,,2206443188
PAHC,Phibro Animal Health Corp.,NASDAQ,生物技术和制药,,2203467187
FLOC,"Flowco Holdings, Inc.",NYSE,,,2197913947
GCMG,"GCM Grosvenor, Inc.",NASDAQ,,,2193826278
TMC,"TMC the metals co., Inc.",NASDAQ,,,2191932055
DDR,DDR Corp.,NYSE,,,2189100730
ARR,"ARMOUR Residential REIT, Inc.",NYSE,,,2183831815
AXGN,"AxoGen, Inc.",NASDAQ,,,2179702644
EFSC,Enterprise Financial Services Corp.,NASDAQ,银行,,2172179819
CDEV,"Centennial Resource Development, Inc.",NASDAQ,,,2172151490
TSRA,Tessera Technologies,NASDAQ,半导体,,2169269691
STC,Stewart Information Services Corp.,NYSE,保险,,2167781036
AVPT,"AvePoint, Inc.",NASDAQ,,,2163906062
COTY,"Coty, Inc.",NYSE,,,2160415544
BRP,"Baldwin Insurance Group, Inc.",NASDAQ,,,2160188141
BLBD,Blue Bird Corp.,NASDAQ,,,2159498826
SYBT,"Stock Yards Bancorp, Inc.",NASDAQ,银行,,2159390375
AERO,Grupo Aerom茅xico SAB de CV,NYSE,,,2149886740
AAPG,"Ascentage Pharma Group International Co., Ltd.",NASDAQ,,,2146599752
HURN,"Huron Consulting Group, Inc.",NASDAQ,,,2145921588
OAS,"Oasis Petroleum, Inc.",NYSE,,,2145305593
DCO,"Ducommun, Inc.",NYSE,,,2144263112
PQG,"PQ Group Holdings, Inc.",NYSE,,,2142867575
GRAL,"GRAIL, Inc.",NASDAQ,,,2141257342
SSW,Seaspan Corp.,NYSE,运输,,2137719533
PUMP,ProPetro Holding Corp.,NASDAQ,,,2135987574
AESI,"Atlas Energy Solutions, Inc.",NYSE,,,2135852236
ECO,Okeanis Eco Tankers Corp.,NYSE,,,2135081278
LCID,"Lucid Group, Inc.",NASDAQ,,,2134859917
MLYS,"Mineralys Therapeutics, Inc.",NASDAQ,,,2134680754
ZIONZ,Zions Bancorporation,NASDAQ,银行,,2130663029
EVCM,"EverCommerce, Inc.",NASDAQ,,,2129026719
CIXX,CI Financial Corp.,NYSE,,,2127381475
BHC,"Bausch Health Cos., Inc.",NYSE,,,2121273121
AXL,"American Axle & Manufacturing Holdings, Inc.",NYSE,汽车制造,,2121012000
DFTX,"Definium Therapeutics, Inc.",NASDAQ,,,2120579249
PRDO,Perdoceo Education Corp.,NASDAQ,,,2120561092
WLYB,"John Wiley & Sons, Inc.",NYSE,,,2114507474
CENTA,Central Garden & Pet Co.,NASDAQ,,,2113979703
ATHM,"Autohome, Inc.",NYSE,,,2105324314
WLY,"John Wiley & Sons, Inc.",NYSE,,,2104756021
DRH,DiamondRock Hospitality Co.,NYSE,,,2100729384
BPFHP,"Boston Private Financial Holdings, Inc.",NASDAQ,,,2099537430
MBFIP,"MB Financial, Inc.",NASDAQ,,,2097280000
GEL,Genesis Energy LP,NYSE,管道,,2096589227
CDNL,"Cardinal Infrastructure Group, Inc.",NASDAQ,,,2094474757
MCRI,"Monarch Casino & Resort, Inc.",NASDAQ,住宿,,2093861975
FORTY,Formula Systems (1985) Ltd.,NASDAQ,软件,,2089537478
NYLD,"NRG Yield, Inc.",NYSE,,,2087282389
CHA,Chagee Holdings Ltd.,NASDAQ,,,2085043233
TYRA,"Tyra Biosciences, Inc.",NASDAQ,,,2084362759
AUPH,"Aurinia Pharmaceuticals, Inc.",NASDAQ,,,2084210836
COHU,"Cohu, Inc.",NASDAQ,半导体,,2082391157
CCU,Compa帽铆a Cervecer铆as Unidas SA,NYSE,饮料,,2072911049
STOK,"Stoke Therapeutics, Inc.",NASDAQ,,,2071758794
NWBI,"Northwest Bancshares, Inc. (Pennsylvania)",NASDAQ,银行,,2071067278
OMCL,"Omnicell, Inc.",NASDAQ,软件,,2070126717
IE,"Ivanhoe Electric, Inc.",NYSE,,,2066529972
BOFI,"BofI Holding, Inc.",NASDAQ,储蓄及贷款,,2062393265
WERN,"Werner Enterprises, Inc.",NASDAQ,运输,,2062284013
ZYME,"Zymeworks, Inc.",NYSE,,,2060564059
MBFIO,"MB Financial, Inc.",NASDAQ,,,2060367827
DGII,"Digi International, Inc.",NASDAQ,软件,,2060338970
ALG,"Alamo Group, Inc.",NYSE,,,2054189946
HCI,"HCI Group, Inc.",NYSE,保险,,2051300241
NYLD.A,"NRG Yield, Inc.",NYSE,,,2050463252
NMM,Navios Maritime Partners LP,NYSE,,,2047319227
SPSC,"SPS Commerce, Inc.",NASDAQ,软件,,2043911103
XPRO,Expro Group Holdings NV,NYSE,,,2043295943
CTOS,"Custom Truck One Source, Inc.",NYSE,,,2042434746
PWP,Perella Weinberg Partners,NASDAQ,,,2041048910
SEM,Select Medical Holdings Corp.,NYSE,健康护理服务,,2040721084
GT,Goodyear Tire & Rubber Co.,NASDAQ,汽车制造,,2037137487
NEOG,Neogen Corp.,NASDAQ,,,2035242745
CXW,"CoreCivic, Inc.",NYSE,商业服务,,2035089966
IMAX,IMAX Corp.,NYSE,电子,,2033387392
GNL,"Global Net Lease, Inc.",NYSE,,,2033031021
SKWD,"Skyward Specialty Insurance Group, Inc.",NASDAQ,,,2032500104
VVX,"V2X, Inc.",NYSE,,,2028003776
VERX,"Vertex, Inc.",NASDAQ,,,2021855005
ATEN,"A10 Networks, Inc.",NYSE,软件,,2016878406
PAX,Patria Investments Ltd.,NASDAQ,,,2014087540
NTST,NetSTREIT Corp.,NYSE,,,2004540716
GTY,Getty Realty Corp.,NYSE,房地产信托投资基金,,2003877205
CMPR,Cimpress Plc,NASDAQ,,,2003528340
WB,Weibo Corp.,NASDAQ,媒体内容,,1999774470
FDP,"Fresh Del Monte Produce, Inc.",NYSE,,,1993455904
VET,"Vermilion Energy, Inc.",NYSE,,,1993102363
NCNO,"nCino, Inc.",NASDAQ,,,1991758380
CMRE,"Costamare, Inc.",NYSE,,,1990920505
THR,"Thermon Group Holdings, Inc.",NYSE,油气服务,,1989921861
EZPW,"EZCORP, Inc.",NASDAQ,零售,,1989735474
CLBK,"Columbia Financial, Inc.",NASDAQ,,,1988089008
BRBR,"BellRing Brands, Inc.",NYSE,,,1984786130
BW,"Babcock & Wilcox Enterprises, Inc.",NYSE,,,1984544940
BLX,Banco Latinoamericano de Comercio Exterior SA,NYSE,银行,,1984370058
COT,Cott Corp. (Canada),NYSE,饮料,,1978955962
KMPR,Kemper Corp.,NYSE,保险,,1976699302
GRC,The Gorman-Rupp Co.,NYSE,机械-多元,,1976357579
BBAI,"BigBear.ai Holdings, Inc.",NYSE,,,1970826722
AHG,Akso Health Group,NASDAQ,,,1970419916
TIC,"TIC Solutions, Inc.",NYSE,,,1964948392
CAPR,"Capricor Therapeutics, Inc.",NASDAQ,,,1964539073
TRVI,"Trevi Therapeutics, Inc.",NASDAQ,,,1963557242
NEXT,NextDecade Corp.,NASDAQ,,,1963499336
DXC,DXC Technology Co.,NYSE,,,1957162661
UTI,"Universal Technical Institute, Inc.",NYSE,,,1955428834
AGRO,Adecoagro SA,NYSE,农业,,1952589013
LC,LendingClub Corp.,NYSE,,,1949604320
TGLS,"Tecnoglass, Inc.",NASDAQ,,,1946985464
NGL,NGL Energy Partners LP,NYSE,,,1943884424
ASTH,"Astrana Health, Inc.",NASDAQ,,,1943844853
OFG,OFG Bancorp,NYSE,银行,,1939173704
WGS,GeneDx Holdings Corp.,NASDAQ,,,1936571437
SOC,Sable Offshore Corp.,NYSE,,,1934787341
NBHC,National Bank Holdings Corp.,NYSE,控股公司-多元经营,,1934290177
INVX,"Innovex International, Inc.",NYSE,,,1931439153
FCF,First Commonwealth Financial Corp. (Pennsylvania),NYSE,银行,,1930673979
TNET,"TriNet Group, Inc.",NYSE,,,1929481573
QUBT,"Quantum Computing, Inc.",NASDAQ,,,1924292845
SPB,"Spectrum Brands Holdings, Inc.",NYSE,,,1921903620
ARCO,"Arcos Dorados Holdings, Inc.",NYSE,零售,,1912820541
INBX,"Inhibrx Biosciences, Inc.",NASDAQ,,,1908660535
HIMX,"Himax Technologies, Inc.",NASDAQ,半导体,,1908219426
IOSP,"Innospec, Inc.",NASDAQ,化学制品,,1907604916
FMC,FMC Corp.,NYSE,化学制品,,1906936799
